company_name,cik,date_filed
&PARTNERS,107136,2024-01
"1060 Capital, LLC",1602119,2024-02
11 Capital Partners LP,1801172,2024-02
12 West Capital Management LP,1540531,2024-02
"12th Street Asset Management Company, LLC",1633703,2024-02
13D Management LLC,1600133,2024-02
140 Summer Partners LP,1820788,2024-02
1492 Capital Management LLC,1584087,2024-02
14B Captial Management LP,2009911,2024-02
"1607 Capital Partners, LLC",1436866,2024-02
"1620 INVESTMENT ADVISORS, INC.",1907281,2024-02
1623 Capital LLC,1811034,2024-02
"17 CAPITAL PARTNERS, LLC",1727407,2024-01
1776 Wealth LLC,1803140,2024-02
"180 WEALTH ADVISORS, LLC",1730817,2024-01
1832 Asset Management L.P.,944388,2024-02
1834 INVESTMENT ADVISORS CO,1138486,2024-01
"1858 WEALTH MANAGEMENT, LLC",2011812,2024-02
"1888 Investments, LLC",1885092,2024-02
1900 WEALTH MANAGEMENT LLC,1791996,2024-02
1922 Investment Co LLC,1584289,2024-02
1ST SOURCE BANK,356264,2024-02
"22NW, LP",1694297,2024-02
25 LLC,1968777,2024-01
26North Partners LP,1950972,2024-02
2Xideas AG,1843587,2024-02
325 CAPITAL LLC,1873893,2024-02
"360 Financial, Inc.",1802324,2024-02
"3Chopt Investment Partners, LLC",1978521,2024-02
"3D/L Capital Management, LLC",1846943,2024-02
"3EDGE Asset Management, LP",1665605,2024-01
3G Capital Partners LP,1421669,2024-02
4J Wealth Management LLC,1840775,2024-01
4Thought Financial Group Inc.,1840261,2024-01
"59 North Capital Management, LP",1805589,2024-02
"5AM Venture Management, LLC",1799883,2024-02
"5th Street Advisors, LLC",1911026,2024-02
"626 Financial, LLC",1911035,2024-01
"683 Capital Management, LLC",1404574,2024-02
"72 Investment Holdings, LLC",1832749,2024-02
"7G CAPITAL MANAGEMENT, LLC",1720350,2024-02
"8 KNOTS MANAGEMENT, LLC",1849457,2024-02
"8VC GP I, LLC",1667766,2024-02
"9258 Wealth Management, LLC",1766506,2024-02
"A. D. Beadell Investment Counsel, Inc.",1569102,2024-01
"A.P. Gilfoyle & Co., L.P.",2008868,2024-01
"AAF Wealth Management, LLC",1726609,2024-02
AAFMAA Wealth Management & Trust LLC,1846160,2024-02
ABG Innovation Capital Partners III GP Ltd,1845297,2024-02
ABG-WTT Global Life Science Capital Partners GP Ltd,1832108,2024-02
"ABLE Financial Group, LLC",1977500,2024-01
"ABLES, IANNONE, MOORE & ASSOCIATES, INC.",2013713,2024-03
ABNER HERRMAN & BROCK LLC,1038661,2024-01
"ABRAMS BISON INVESTMENTS, LLC",1317588,2024-02
"ABRAMS CAPITAL MANAGEMENT, L.P.",1358706,2024-02
ABS Direct Equity Fund LLC,1729347,2024-02
"ABSHER WEALTH MANAGEMENT, LLC",1802534,2024-02
"ABSOLUTE CAPITAL MANAGEMENT, LLC",1817648,2024-02
"ABSOLUTE INVESTMENT ADVISERS, LLC",1316187,2024-01
ACADEMY CAPITAL MANAGEMENT INC/TX,1031972,2024-02
ACADIAN ASSET MANAGEMENT LLC,916542,2024-02
"ACAS, LLC",1859505,2024-02
"ACCESS FINANCIAL SERVICES, INC.",1699622,2024-01
ACCOUNT MANAGEMENT LLC,769954,2024-02
"ACIMA PRIVATE WEALTH, LLC",1761961,2024-02
ACK Asset Management LLC,1510940,2024-02
"ACME, LLC",1803200,2024-02
ACORN CREEK CAPITAL LLC,1994827,2024-02
ACORN FINANCIAL ADVISORY SERVICES INC /ADV,1018561,2024-01
"ACR Alpine Capital Research, LLC",1508822,2024-02
"ACT Advisors, LLC.",1842554,2024-01
"ACT WEALTH MANAGEMENT, LLC",1814191,2024-01
"ACUTA CAPITAL PARTNERS, LLC",1582844,2024-02
"ACUTE INVESTMENT ADVISORY, LLC",1944780,2024-01
"ADAGE CAPITAL PARTNERS GP, L.L.C.",1165408,2024-02
"ADAMS DIVERSIFIED EQUITY FUND, INC.",2230,2024-02
"ADAMS NATURAL RESOURCES FUND, INC.",216851,2024-02
ADAMS STREET PARTNERS LLC,1193586,2024-02
ADAMSBROWN WEALTH CONSULTANTS LLC,1911244,2024-01
"ADAR1 Capital Management, LLC",1940272,2024-02
"ADE, LLC",1845950,2024-01
ADELL HARRIMAN & CARPENTER INC,1134152,2024-02
ADIRONDACK TRUST CO,1054257,2024-03
"ADVANCED RESEARCH INVESTMENT SOLUTIONS, LLC",1802867,2024-02
ADVENT CAPITAL MANAGEMENT /DE/,1097278,2024-02
"ADVENT INTERNATIONAL, L.P.",1034196,2024-02
ADVENTIST HEALTH SYSTEM SUNBELT HEALTHCARE CORP,1103139,2024-02
ADVISORS MANAGEMENT GROUP INC /ADV,842766,2024-01
ADVISORY RESEARCH INC,902584,2024-02
ADVOCATE GROUP LLC,1853401,2024-01
"ADW Capital Management, LLC",1745214,2024-02
AE Wealth Management LLC,1697723,2024-02
AEGIS FINANCIAL CORP,1140753,2024-02
AEGON ASSET MANAGEMENT UK PLC,1539994,2024-01
"AEGON USA Investment Management, LLC",1454937,2024-02
AEW CAPITAL MANAGEMENT L P,1046187,2024-02
"AF Advisors, Inc.",1818044,2024-02
"AFFINITY INVESTMENT ADVISORS, LLC",1520601,2024-02
AFFINITY WEALTH MANAGEMENT LLC,810672,2024-01
AFG FIDUCIARY SERVICES LIMITED PARTNERSHIP,1907820,2024-01
AFLAC INC,4977,2024-02
"AFS Financial Group, LLC",1879345,2024-01
"AFT, FORSYTH & COMPANY, INC.",1512073,2024-02
AGF MANAGEMENT LTD,1003518,2024-02
AGILIS PARTNERS LLC,1633903,2024-02
"AGINCOURT CAPITAL MANAGEMENT, LLC",1845254,2024-01
AGUR PROVIDENT & TRAINING FUNDS MANAGEMENT LTD,1670627,2024-02
"AH Capital Management, L.L.C.",1540358,2024-02
"AHL INVESTMENT MANAGEMENT, INC.",1908425,2024-01
AI-Squared Management Ltd,1933952,2024-02
AIA Group Ltd,1522877,2024-01
AIFG Consultants Ltd.,1988547,2024-01
"AIGEN INVESTMENT MANAGEMENT, LP",1741224,2024-02
AIGH Capital Management LLC,1835943,2024-02
"AIMZ Investment Advisors, LLC",1630365,2024-01
"AIP, LLC",1714498,2024-02
"AIRE ADVISORS, LLC",1908177,2024-01
"AJ Advisors, LLC",1951167,2024-01
"AJOVista, LLC",1890241,2024-02
"AKKR MANAGEMENT COMPANY, LLC",1474979,2024-02
AKO CAPITAL LLP,1376879,2024-02
AKRE CAPITAL MANAGEMENT LLC,1112520,2024-02
AKUNA SECURITIES LLC,1529090,2024-02
ALBERT D MASON INC,1169318,2024-01
ALBION FINANCIAL GROUP /UT,1054677,2024-01
ALERUS FINANCIAL  NA,919458,2024-02
ALESCO ADVISORS LLC,1269978,2024-02
"ALETHEA CAPITAL MANAGEMENT, LLC",1549408,2024-02
ALGERT GLOBAL LLC,1275218,2024-02
ALKEON CAPITAL MANAGEMENT LLC,1230239,2024-02
ALLEN HOLDING INC /NY,919489,2024-02
ALLEN OPERATIONS LLC,1389544,2024-02
"ALLEN WEALTH MANAGEMENT, LLC",2012003,2024-02
ALLIANCEBERNSTEIN L.P.,1109448,2024-02
ALLSTATE CORP,899051,2024-02
"ALM First Financial Advisors, LLC",1950054,2024-01
ALPINE ASSOCIATES MANAGEMENT INC.,1396835,2024-02
"ALPINE WOODS CAPITAL INVESTORS, LLC",1226886,2024-01
ALPS ADVISORS INC,1376113,2024-02
ALTA CAPITAL MANAGEMENT LLC/,1093589,2024-01
"ALTA FOX CAPITAL MANAGEMENT, LLC",1858353,2024-02
ALTAROCK PARTNERS LLC,1631014,2024-02
"ALTERNA WEALTH MANAGEMENT, INC",1767699,2024-02
ALTFEST L J & CO INC,712050,2024-01
ALTRINSIC GLOBAL ADVISORS LLC,1167388,2024-02
AM INVESTMENT STRATEGIES LLC,1818897,2024-02
AM Squared Ltd,1879167,2024-01
AMALGAMATED BANK,919192,2024-02
AMANSA CAPITAL PTE. LTD.,1660773,2024-02
AMARILLO NATIONAL BANK,1053013,2024-01
AMAZON COM INC,1018724,2024-01
AMERICAN ASSET MANAGEMENT INC.,1569454,2024-01
AMERICAN ASSETS INC,885118,2024-02
AMERICAN CAPITAL MANAGEMENT INC,1320168,2024-02
AMERICAN CENTURY COMPANIES INC,748054,2024-02
AMERICAN EXPRESS CO,4962,2024-02
AMERICAN FINANCIAL GROUP INC,1042046,2024-02
AMERICAN FINANCIAL GROUP INC 401(K) RETIREMENT & SAVINGS PLA,943719,2024-02
"AMERICAN INTERNATIONAL GROUP, INC.",5272,2024-02
AMERICAN NATIONAL BANK,1272164,2024-02
AMERICAN SECURITIES LLC,1475483,2024-02
AMERIPRISE FINANCIAL INC,820027,2024-02
AMF Tjanstepension AB,1553562,2024-01
AMG National Trust Bank,1388829,2024-02
AMH Equity Ltd,1600535,2024-02
AMI ASSET MANAGEMENT CORP,1369702,2024-01
AMI INVESTMENT MANAGEMENT INC,1122241,2024-01
AMICA MUTUAL INSURANCE CO,857508,2024-02
AMJ Financial Wealth Management,1801585,2024-02
AMS Capital Ltda,1717977,2024-01
AMUSSEN HUNSAKER ASSOCIATES LLC,1131181,2024-02
ANCHOR CAPITAL ADVISORS LLC,813933,2024-02
"ANCHOR CAPITAL MANAGEMENT COMPANY, LLC",2009885,2024-02
ANDERSON HOAGLAND & CO,791191,2024-01
"ANDREWS, LUCIA WEALTH MANAGEMENT LLC",1906227,2024-02
"ANGELES WEALTH MANAGEMENT, LLC",1929170,2024-02
"ANGELO GORDON & CO., L.P.",860662,2024-02
ANTIPODES PARTNERS Ltd,1652442,2024-01
"AOZORA BANK, LTD.",1568541,2024-02
APEIRON CAPITAL Ltd,1843111,2024-02
APG Asset Management N.V.,1434819,2024-02
APG Asset Management US Inc.,1323255,2024-02
"APIS CAPITAL ADVISORS, LLC",1386892,2024-02
APPLETON PARTNERS INC/MA,1055290,2024-01
AQR Arbitrage LLC,1167456,2024-02
AQR CAPITAL MANAGEMENT LLC,1167557,2024-02
AR ASSET MANAGEMENT INC,1080166,2024-02
ARBOR CAPITAL MANAGEMENT INC /ADV,1027570,2024-02
"ARBOR TRUST WEALTH ADVISORS, LLC",1797135,2024-01
ARCADIA INVESTMENT MANAGEMENT CORP/MI,1016972,2024-02
ARCH CAPITAL GROUP LTD.,947484,2024-02
"ARCH Venture Management, LLC",1274403,2024-02
ARDSLEY ADVISORY PARTNERS LP,900529,2024-02
ARES MANAGEMENT LLC,1259313,2024-02
"AREX Capital Management, LP",1800261,2024-02
"ARGA Investment Management, LP",1556915,2024-02
ARGENT CAPITAL MANAGEMENT LLC,1120926,2024-02
"ARGONAUTICA PRIVATE WEALTH MANAGEMENT, INC",1931870,2024-02
"ARGUS INVESTORS' COUNSEL, INC.",7195,2024-01
"ARIEL INVESTMENTS, LLC",936753,2024-02
"ARISTEIA CAPITAL, L.L.C.",1080171,2024-02
"ARK & TLK INVESTMENTS, LLC",2013188,2024-03
ARK Investment Management LLC,1697748,2024-01
"ARKANSAS FINANCIAL GROUP, INC.",764611,2024-02
"ARMISTICE CAPITAL, LLC",1601086,2024-02
"ARMOR ADVISORS, L.L.C.",1600698,2024-02
"ARMSTRONG ADVISORY GROUP, INC",1932952,2024-01
ARMSTRONG HENRY H ASSOCIATES INC,1056827,2024-01
"ARQ WEALTH ADVISORS, LLC",1811827,2024-02
ARROW FINANCIAL CORP,717538,2024-02
"ARROWSTREET CAPITAL, LIMITED PARTNERSHIP",1164508,2024-02
"ARS Investment Partners, LLC",733020,2024-02
"ARS Wealth Advisors Group, LLC",1886707,2024-02
"ARTHUR M. COHEN & ASSOCIATES, LLC",1692252,2024-01
"ARVEST INVESTMENTS, INC.",1025038,2024-01
ARVEST TRUST CO N A,893879,2024-01
"ASAHI LIFE ASSET MANAGEMENT CO., LTD.",1564835,2024-02
"ASB Consultores, LLC",1941369,2024-02
ASHFORD CAPITAL MANAGEMENT INC,897070,2024-02
"ASPIRIANT, LLC",1433541,2024-01
ASSET PLANNING CORPORATION,7773,2024-01
ASSET PLANNING SERVICES INC /LA/ /ADV,811407,2024-01
"ASSETMARK, INC",1344551,2024-02
ASSOCIATED BANC-CORP,7789,2024-02
"ATALANTA SOSNOFF CAPITAL, LLC",700529,2024-02
"ATLANTIC INVESTMENT MANAGEMENT, INC.",1063296,2024-02
ATLAS CAPITAL ADVISORS LLC,1434165,2024-02
ATLAS Infrastructure Partners (UK) Ltd.,1924953,2024-02
ATMOS CAPITAL GESTAO DE RECURSOS LTDA.,1832439,2024-02
ATOMVEST Ltd,1690675,2024-02
"ATTICUS WEALTH MANAGEMENT, LLC",1800234,2024-01
ATW SPAC MANAGEMENT LLC,1878495,2024-02
ATWOOD & PALMER INC,1044929,2024-01
"AUA CAPITAL MANAGEMENT, LLC",1706915,2024-01
AUGUSTINE ASSET MANAGEMENT INC,778963,2024-01
AUXIER ASSET MANAGEMENT,1105863,2024-02
"AVAII WEALTH MANAGEMENT, LLC",1904431,2024-02
AVALON CAPITAL MANAGEMENT,1510809,2024-01
"AVANTAX ADVISORY SERVICES, INC.",1303042,2024-02
AVENIR CORP,1033475,2024-02
AVISO WEALTH MANAGEMENT,2011802,2024-02
AVITY INVESTMENT MANAGEMENT INC.,926834,2024-01
AVIVA PLC,1140022,2024-02
"AWH Capital, L.P.",1682475,2024-02
"AWM CAPITAL, LLC",1806820,2024-02
"AWM Investment Company, Inc.",1535264,2024-02
AXA S.A.,898427,2024-02
AXIOM INVESTORS LLC /DE,1109147,2024-02
AXIS CAPITAL HOLDINGS LTD,1214816,2024-01
"AXQ CAPITAL, LP",1916908,2024-02
AXS Investments LLC,1801467,2024-02
"AXXCESS WEALTH MANAGEMENT, LLC",1911056,2024-02
AYAL Capital Advisors Ltd,2011524,2024-02
Aaron Wealth Advisors LLC,1812198,2024-01
"Abacus Planning Group, Inc.",1602730,2024-01
"Abacus Wealth Partners, LLC",1978011,2024-02
"Abbot Financial Management, Inc.",1714341,2024-02
"Abbrea Capital, LLC",1697646,2024-02
"Abdiel Capital Advisors, LP",1578684,2024-02
"Abel Hall, LLC",2013339,2024-02
Aberdeen Wealth Management LLC,1802654,2024-02
Abich Financial Wealth Management LLC,2011645,2024-02
Able Wealth Management LLC,2011908,2024-02
Absoluto Partners Gestao de Recursos Ltda,1847566,2024-02
Abundance Wealth Counselors,1767080,2024-01
Accel Growth Fund IV Associates L.L.C.,1665744,2024-02
Accel Growth Fund V Associates L.L.C.,1767987,2024-02
Accel Wealth Management,1838226,2024-01
"Accent Capital Management, LLC",2014179,2024-03
Accenture plc,1467373,2024-01
Access Investment Management LLC,2010477,2024-02
Accredited Investors Inc.,1518364,2024-02
"Accretive Wealth Partners, LLC",1844444,2024-02
"Accurate Wealth Management, LLC",1877728,2024-01
Accuvest Global Advisors,1497637,2024-02
Achmea Investment Management B.V.,1697765,2024-02
"Ackerman Capital Advisors, LLC",1699506,2024-01
"Acorn Wealth Advisors, LLC",1730610,2024-02
"Acorns Advisers, LLC",1701879,2024-02
"Acropolis Investment Management, LLC",1318601,2024-01
Act Two Investors LLC,1766907,2024-02
Activest Wealth Management,1883134,2024-01
"Acuitas Investments, LLC",1524828,2024-02
Adalta Capital Management LLC,1698926,2024-02
"Adams Asset Advisors, LLC",1386929,2024-01
Adams Wealth Management,1803084,2024-02
"Adaptive Financial Consulting, LLC",1804717,2024-02
Addenda Capital Inc.,1569411,2024-01
"Addis & Hill, Inc",2016470,2024-03
Addison Advisors LLC,1843745,2024-02
Addison Capital Co,1581465,2024-02
"Addition One General Partner, L.P.",1812881,2024-02
Adelante Capital Management LLC,1067926,2024-02
"Adero Partners, LLC",1800593,2024-02
"Adroit Compliance, LLC",1766079,2024-02
"Advance Capital Management, Inc.",1536029,2024-01
Advanced Asset Management Advisors Inc,1075444,2024-02
"Advanced Portfolio Management, LLC",1940461,2024-02
Advantage Alpha Capital Partners LP,1762344,2024-02
Advantage Trust Co,2009346,2024-02
Adventist Health System/ West,1802516,2024-02
"Advisor OS, LLC",1767580,2024-02
Advisor Resource Council,1820879,2024-01
"AdvisorNet Financial, Inc",1409362,2024-01
AdvisorShares Investments LLC,1425930,2024-02
"Advisors Asset Management, Inc.",1297376,2024-02
"Advisors Capital Management, LLC",1345576,2024-02
"Advisors Preferred, LLC",1598841,2024-01
"Advisory Alpha, LLC",1576762,2024-01
Advisory Resource Group,1764968,2024-01
"Advisory Services & Investments, LLC",1862931,2024-02
"Advisory Services Network, LLC",1573876,2024-02
"Advocacy Wealth Management Services, LLC",1569452,2024-01
Aequim Alternative Investments LP,1728201,2024-02
"Affiance Financial, LLC",1723681,2024-01
"Affinity Asset Advisors, LLC",1773195,2024-02
"Affinity Capital Advisors, LLC",1810023,2024-01
"Aft, Forsyth & Sober, LLC",1566801,2024-02
"Agate Pass Investment Management, LLC",1900409,2024-01
Aikya Investment Management Ltd,2005403,2024-01
Aisling Capital Management LP,1766721,2024-02
Al Mehwar Commercial Investments LLC,1801297,2024-02
"AlTi Global, Inc.",1838615,2024-02
Alaethes Wealth LLC,1859677,2024-02
"Alamar Capital Management, LLC",1846995,2024-03
"Alan B Lancz & Associates, Inc.",1897835,2024-02
"Alapocas Investment Partners, Inc.",1908423,2024-02
Alaska Permanent Capital Management,1426771,2024-01
Alaska Permanent Fund Corp,1582681,2024-02
Alaska Wealth Advisors,1731601,2024-01
Albar Capital Ltd,1732621,2024-02
Alberta Investment Management Corp,1463559,2024-02
"Alcosta Capital Management, Inc.",1842509,2024-02
"Aldebaran Capital, LLC",1448430,2024-02
Aldebaran Financial Inc.,1353110,2024-02
Alden Global Capital LLC,1616882,2024-02
Alecta Tjanstepension Omsesidigt,1484429,2024-01
"Alera Investment Advisors, LLC",1759485,2024-01
"Alerce Investment Management, L.P.",1844002,2024-02
Aletheian Wealth Advisors LLC,1922281,2024-01
"Alexander Randolph Advisory, Inc.",874816,2024-02
Alfreton Capital LLP,1873435,2024-02
Algebris (UK) Ltd,1700286,2024-02
Alhambra Investment Management LLC,1802696,2024-01
Alibaba Group Holding Ltd,1577552,2024-02
Alight Capital Management LP,1651473,2024-02
Alken Asset Management Ltd,1629996,2024-01
"All Season Financial Advisors, Inc.",1746810,2024-01
"All Terrain Financial Advisors, LLC",1731358,2024-02
All-Stars Investment Ltd,1633603,2024-02
"AllGen Financial Advisors, Inc.",1964809,2024-02
AllSquare Wealth Management LLC,1633674,2024-02
Allegheny Financial Group LTD,1844148,2024-02
Allegiance Financial Group Advisory Services LLC,1964068,2024-01
"Allen Capital Group, LLC",1601384,2024-01
"Allen Investment Management, LLC",1326234,2024-02
Allen Mooney & Barnes Investment Advisors LLC,2001461,2024-01
"Alley Investment Management Company, LLC",1917618,2024-02
"Alliance Wealth Advisors, LLC",1849724,2024-01
"Alliance Wealth Advisors, LLC /UT",1893261,2024-02
Alliance Wealth Management Group,1623707,2024-01
Allianz Asset Management GmbH,1535323,2024-02
Allianz Investment Management U.S. LLC,1860935,2024-02
Allie Family Office LLC,1908612,2024-02
"Allied Investment Advisors, LLC",1729869,2024-01
"Allred Capital Management, LLC",1765885,2024-01
"Allspring Global Investments Holdings, LLC",1890906,2024-01
Allworth Financial LP,1555170,2024-01
Ally Bridge Group (NY) LLC,1822947,2024-02
Ally Financial Inc.,40729,2024-02
Ally Invest Advisors Inc.,1706013,2024-02
"Almanack Investment Partners, LLC.",1680613,2024-02
Almitas Capital LLC,1596468,2024-02
AlpInvest Partners B.V.,1512910,2024-02
"Alpha Cubed Investments, LLC",1580830,2024-02
Alpha DNA Investment Management LLC,1842440,2024-02
Alpha Family Trust,1568991,2024-02
"Alpha Financial Advisors, LLC",1972138,2024-02
"Alpha Financial Partners, LLC",1966219,2024-01
"Alpha Omega Group, Inc.",1802876,2024-02
Alpha Omega Wealth Management LLC,1665633,2024-01
Alpha Square Group S LLC,1926959,2024-02
"Alpha Wave Global, LP",1558858,2024-02
AlphaCentric Advisors LLC,1913464,2024-02
AlphaCore Capital LLC,1713662,2024-02
"AlphaMark Advisors, LLC",1348183,2024-01
AlphaQ Advisors LLC,1965649,2024-01
"AlphaStar Capital Management, LLC",1633857,2024-02
Alphabet Inc.,1652044,2024-02
Alphadyne Asset Management LP,1535943,2024-02
Alphinity Investment Management Pty Ltd,1731012,2024-01
"Alpine Global Management, LLC",1581655,2024-02
Alpine Investment Management Ltd,1964631,2024-02
"Alpine Peaks Capital, LP",1906602,2024-02
Alta Advisers Ltd,1536114,2024-02
Alta Fundamental Advisers LLC,1641604,2024-02
"Alta Park Capital, LP",1621855,2024-02
Alta Wealth Advisors LLC,1843826,2024-02
"Altai Capital Management, L.P.",1478982,2024-02
"Alterity Financial Group, LLC",1840293,2024-01
"Alternative Investment Advisors, LLC.",2009486,2024-02
"Altimeter Capital Management, LP",1541617,2024-02
"Altiora Financial Group, LLC",1986156,2024-02
Altitude Crest Partners Inc.,1986035,2024-02
Altium Capital Management LP,1746382,2024-02
"Altman Advisors, Inc.",1731671,2024-02
"Altos Ventures Management, Inc.",1881755,2024-02
"AltraVue Capital, LLC",1740837,2024-02
Altrius Capital Management Inc,1940646,2024-02
Altshuler Shaham Ltd,1324290,2024-02
Altus Wealth Group LLC,1842572,2024-01
"Altus Wealth Management, LLC",1802107,2024-01
Alua Capital Management LP,1827442,2024-02
"Alyeska Investment Group, L.P.",1453072,2024-02
Ameliora Wealth Management Ltd.,1910168,2024-01
"Ameraudi Asset Management, Inc.",1772954,2024-02
"America First Investment Advisors, LLC",1308778,2024-02
"American Assets Capital Advisers, LLC",1626691,2024-02
"American Assets Investment Management, LLC",1389256,2024-02
American Family Insurance Mutual Holding Co,1803089,2024-02
"American Financial Advisors, LLC",1767898,2024-01
"American Institute for Advanced Investment Management, LLP",1805824,2024-01
"American Investment Services, Inc.",1369913,2024-02
"American Money Management, LLC",1600085,2024-02
"American Planning Services, Inc.",1906656,2024-02
American Trust,1905128,2024-02
"American Trust Investment Advisors, LLC",1291424,2024-02
"Americana Partners, LLC",1797678,2024-01
"Ameritas Advisory Services, LLC",1901275,2024-02
"Ameritas Investment Partners, Inc.",1055980,2024-02
Amitell Capital Pte Ltd,1807559,2024-02
"Ampfield Management, L.P.",1853635,2024-01
"Amplius Wealth Advisors, LLC",1900584,2024-01
"Amtrust Financial Services, Inc.",1365555,2024-01
Amundi,1330387,2024-02
"Anabranch Capital Management, LP",1822480,2024-02
Analog Century Management LP,1753384,2024-02
Analyst IMS Investment Management Services Ltd.,1634208,2024-02
Anatole Investment Management Ltd,1693745,2024-02
Anchor IV Pte. Ltd.,1993966,2024-02
"Anchor Investment Management, LLC",1634149,2024-01
"Anchorage Capital Group, L.L.C.",1300714,2024-02
"Ancient Art, L.P.",1426749,2024-02
Ancora Advisors LLC,1446114,2024-02
Andar Capital Management HK Ltd,1805591,2024-02
"Andina Capital Management, LLC",1919158,2024-02
Andra AP-fonden,1535452,2024-02
"Andrew Hill Investment Advisors, Inc.",1897071,2024-01
"Anfield Capital Management, LLC",1602020,2024-02
"Angeles Investment Advisors, LLC",1535695,2024-02
AnglePoint Asset Management Ltd,1869683,2024-02
"Annandale Capital, LLC",1811739,2024-02
"Annapolis Financial Services, LLC",1843110,2024-02
"Annex Advisory Services, LLC",1542287,2024-02
"Annis Gardner Whiting Capital Advisors, LLC",1998414,2024-02
"Anomaly Capital Management, LP",1817534,2024-02
"Anson Capital, Inc.",1906003,2024-02
Anson Funds Management LP,1491072,2024-02
Antara Capital LP,1750183,2024-02
"Anthracite Investment Company, Inc.",1809930,2024-02
Apeiron RIA LLC,1801846,2024-01
"Apella Capital, LLC",1801507,2024-01
"Aperture Investors, LLC",1787596,2024-02
"Apexium Financial, LP",1765285,2024-02
"Apollo Management Holdings, L.P.",1449434,2024-02
"Apollon Financial, LLC",2011195,2024-02
"Apollon Wealth Management, LLC",1764387,2024-02
Appaloosa LP,1656456,2024-02
Appian Way Asset Management LP,1795816,2024-02
Applied Capital LLC,1862965,2024-01
Applied Capital LLC/FL,1965393,2024-01
"Applied Finance Capital Management, LLC",1966007,2024-02
"Applied Fundamental Research, LLC",1849776,2024-02
Apriem Advisors,1425165,2024-02
"Aprio Wealth Management, LLC",1803519,2024-01
"Aptus Capital Advisors, LLC",1664193,2024-02
Aquamarine Zurich AG,1953324,2024-02
Aquatic Capital Management LLC,1803916,2024-02
Aquila Investment Management LLC,1610392,2024-01
"Aquilo Capital Management, LLC",1591986,2024-02
"Aquire Wealth Advisors, LLC",1745945,2024-01
"Aragon Global Management, LP",1991518,2024-02
Ararat Capital Management LP,1768757,2024-02
Arbiter Partners Capital Management LLC,1513193,2024-02
"Arbor Investment Advisors, LLC",1590073,2024-01
Arbor Wealth Advisors LLC,2009890,2024-02
"Arcadia Wealth Management, LLC",1964226,2024-01
Arcataur Capital Management LLC,1987321,2024-02
ArchPoint Investors,1483472,2024-02
Archer Investment Corp,1803804,2024-01
"Archford Capital Strategies, LLC",1606609,2024-01
Archon Capital Management LLC,1398825,2024-02
Archon Partners LLC,1454424,2024-02
"Archvest Wealth Advisors, Inc.",1910174,2024-01
Arctis Global LLC,1831342,2024-02
"Arcus Capital Partners, LLC",1651960,2024-01
Arden Trust Co,1780607,2024-01
"Ardent Capital Management, Inc.",1888792,2024-02
Ardevora Asset Management LLP,1608108,2024-02
Ardmore Road Asset Management LP,1835730,2024-02
"Arena Capital Advisors, LLC- CA",1833078,2024-02
Arena Investors LP,1699673,2024-02
"Arete Wealth Advisors, LLC",1600151,2024-02
"Argent Advisors, Inc.",1426851,2024-02
Argent Trust Co,1625292,2024-02
Argyle Capital Management Inc.,1321194,2024-02
Arias Resource Capital GP Ltd.,1732325,2024-02
Aries Wealth Management,1729515,2024-01
Ariose Capital Management Ltd,1665925,2024-01
Arisaig Partners (Asia) Pte Ltd.,1798367,2024-02
"Arista Wealth Management, LLC",1964758,2024-01
Aristides Capital LLC,1595521,2024-02
Ariston Services Group,1743859,2024-03
"Aristotle Atlantic Partners, LLC",1697267,2024-02
"Aristotle Capital Boston, LLC",1633911,2024-02
"Aristotle Capital Management, LLC",860644,2024-02
"Aristotle Pacific Capital, LLC",1844577,2024-02
Arizona State Retirement System,1558481,2024-01
Arjuna Capital,1703208,2024-02
Arkadios Wealth Advisors,1800798,2024-01
"Arkfeld Wealth Strategies, L.L.C.",1789382,2024-01
Arkos Global Advisors,1769089,2024-02
"Arlington Capital Management, Inc.",1606507,2024-02
"Arlington Financial Advisors, LLC",1716539,2024-01
Arlington Partners LLC,1389848,2024-01
Arlington Trust Co LLC,1997685,2024-01
"Armbruster Capital Management, Inc.",1664847,2024-02
"Armor Investment Advisors, LLC",1694079,2024-01
"Armstrong, Fleming & Moore, Inc",1990099,2024-02
Arnhold LLC,1733755,2024-02
Arosa Capital Management LP,1596053,2024-02
"Arrow Investment Advisors, LLC",1378410,2024-02
ArrowMark Colorado Holdings LLC,1483859,2024-02
Artal Group S.A.,1053906,2024-02
Artemis Investment Management LLP,1535385,2024-01
"Artemis Wealth Advisors, LLC",1767435,2024-02
"Arthedge Capital Management, LLC",1846503,2024-02
Artia Global Partners LP,1937964,2024-02
Artisan Partners Limited Partnership,1466153,2024-02
Arvin Capital Management LP,1961738,2024-02
Aryeh Capital Management Ltd.,1803120,2024-02
"Ascension Capital Advisors, Inc.",1689227,2024-01
"Ascent Group, LLC",1913231,2024-02
"Ascent Wealth Partners, LLC",1546865,2024-01
Ashburton (Jersey) Ltd,1661222,2024-02
"Ashe Capital Management, LP",1632715,2024-02
"Ashford Advisors, LLC",1861158,2024-01
Asia Research & Capital Management Ltd,1668453,2024-02
"Asio Capital, LLC",1803291,2024-01
"Aspect Partners, LLC",1985284,2024-02
"Aspen Grove Capital, LLC",1806027,2024-02
Aspen Investment Management Inc,1541596,2024-02
"Aspen Wealth Strategies, LLC",1972517,2024-01
Aspex Management (HK) Ltd,1768375,2024-02
Aspire Capital Advisors LLC,1906014,2024-01
"Aspire Private Capital, LLC",1767340,2024-02
Aspire Wealth Management Corp,1916412,2024-01
Assenagon Asset Management S.A.,1546007,2024-01
"Asset Advisors Investment Management, LLC",1756695,2024-02
"Asset Allocation & Management Company, LLC",1498383,2024-02
Asset Allocation Strategies LLC,1922879,2024-02
"Asset Dedication, LLC",1475896,2024-02
"Asset Management Advisors, LLC",1596355,2024-01
"Asset Management Group, Inc.",1511550,2024-02
"Asset Management One Co., Ltd.",1068855,2024-01
"Asset Management Resources, LLC",1927120,2024-01
Astor Investment Management LLC,1598416,2024-01
Astoria Portfolio Advisors LLC.,1931642,2024-02
"Astoria Strategic Wealth, Inc.",1777914,2024-02
"Atairos Group, Inc.",1671122,2024-02
"Atairos Partners GP, Inc.",1671176,2024-02
"Atalan Capital Partners, LP",1662906,2024-02
Atalaya Capital Management LP,1812285,2024-02
Athena Investment Management,1921093,2024-02
Athos Capital Ltd,1681662,2024-02
"Athyrium Capital Management, LP",1728001,2024-02
Atika Capital Management LLC,1599731,2024-02
Ativo Capital Management LLC,1423065,2024-01
"Atlantic Edge Private Wealth Management, LLC",2011145,2024-02
"Atlantic Private Wealth, LLC",1893143,2024-02
Atlantic Union Bankshares Corp,883948,2024-01
"Atlas Brown,Inc.",1388168,2024-01
Atlas FRM LLC,1879898,2024-02
"Atlas Financial Advisors, Inc.",1924030,2024-02
Atlas Merchant Capital LLC,1945789,2024-02
Atlas Private Wealth Advisors,1814234,2024-01
Atlas Private Wealth Management,1800369,2024-01
"Atlas Venture Advisors, Inc.",1767432,2024-02
"Atlas Venture Life Science Advisors, LLC",1917529,2024-02
Atlas Wealth LLC,1964106,2024-02
"Atlas Wealth Partners, LLC",1965798,2024-01
Atom Investors LP,1738902,2024-02
"Atomi Financial Group, Inc.",1978879,2024-02
AtonRa Partners,1846445,2024-02
"Atreides Management, LP",1777813,2024-02
"Atria Investments, Inc",1535865,2024-02
"Atria Wealth Solutions, Inc.",1927543,2024-02
Atwater Malick LLC,1769288,2024-01
Aubrey Capital Management Ltd,1730754,2024-02
"Audent Global Asset Management, LLC",1834874,2024-02
Aufman Associates Inc,1801573,2024-02
"August Capital Management VII, L.L.C.",1630529,2024-02
Aull & Monroe Investment Management Corp,1387615,2024-01
Auour Investments LLC,1789310,2024-01
"Aureus Asset Management, LLC",1381296,2024-02
Aurora Investment Counsel,1316397,2024-02
"Aurora Investment Managers, LLC.",1798485,2024-01
"Aurora Private Wealth, Inc.",1802132,2024-01
Ausbil Investment Management Ltd,1966036,2024-01
"Ausdal Financial Partners, Inc.",1667146,2024-01
Austin Asset Management Co Inc,1902024,2024-01
"Austin Private Wealth, LLC",1800328,2024-01
"Austin Wealth Management, LLC",2003112,2024-02
AustralianSuper Pty Ltd,1694164,2024-01
"Authentikos Wealth Advisory, LLC",1967054,2024-01
Auto-Owners Insurance Co,1964189,2024-02
Autonomy Capital (Jersey) L.P.,1484153,2024-02
"Autumn Glory Partners, LLC",1911621,2024-01
"Auxano Advisors, LLC",1811491,2024-02
Avala Global LP,1948899,2024-02
Avalon Advisory Group,1802119,2024-01
Avalon Global Asset Management LLC,1314273,2024-02
Avalon Trust Co,1798150,2024-02
Avanda Investment Management Pte. Ltd.,1650258,2024-02
"Avantax Planning Partners, Inc.",1005441,2024-02
"Aventail Capital Group, LP",1803822,2024-02
"Aveo Capital Partners, LLC",1576584,2024-02
"Avestar Capital, LLC",1704404,2024-02
"Aviance Capital Partners, LLC",1542383,2024-02
Avid Wealth Partners LLC,1992344,2024-01
"Avidian Wealth Solutions, LLC",1471474,2024-02
Avidity Partners Management LP,1791827,2024-02
Avion Wealth,1792704,2024-01
"Avior Wealth Management, LLC",1599868,2024-01
"Avista Capital Holdings, L.P.",1761123,2024-02
Avitas Wealth Management LLC,1734565,2024-01
Aviva Holdings Ltd.,1603935,2024-02
Avondale Wealth Management,1738720,2024-01
Avoro Capital Advisors LLC,1633313,2024-02
"Avory & Company, LLC",1842766,2024-02
Axim Planning & Wealth,1950607,2024-01
"Axiom Advisory, LLC",1910475,2024-01
"Axiom Financial Strategies, LLC",1831985,2024-02
Ayalon Insurance Comp Ltd.,1642216,2024-01
Ayrshire Capital Management LLC,1801563,2024-01
"AyurMaya Capital Management Company, LP",1975990,2024-02
"Azarias Capital Management, L.P.",1625279,2024-01
Azimuth Capital Investment Management LLC,1942364,2024-02
Azora Capital LP,1700272,2024-02
B & T Capital Management DBA Alpha Capital Management,1450935,2024-01
"B&D White Capital Company, LLC",1752523,2024-01
B&I Capital AG,1843527,2024-01
B. Metzler seel. Sohn & Co. AG,1847838,2024-02
"B. Riley Asset Management, LLC",1841077,2024-02
"B. Riley Financial, Inc.",1464790,2024-02
"B. Riley Wealth Advisors, Inc.",1464811,2024-03
"B.O.S.S. Retirement Advisors, LLC",1964810,2024-01
BAHL & GAYNOR INC,872259,2024-02
"BAILARD, INC.",750641,2024-02
BAILLIE GIFFORD & CO,1088875,2024-01
BAIN CAPITAL INVESTORS LLC,1040508,2024-02
"BAIN CAPITAL VENTURE INVESTORS, LLC",1309469,2024-02
BAKER BOYER NATIONAL BANK,1079398,2024-01
BAKER BROS. ADVISORS LP,1263508,2024-02
"BAKER TILLY WEALTH MANAGEMENT, LLC",1840565,2024-01
BALANCED WEALTH GROUP LLC,2009783,2024-02
BALDWIN BROTHERS LLC/MA,1021258,2024-01
BALLAST ADVISORS LLC,1803415,2024-01
BALYASNY ASSET MANAGEMENT L.P.,1218710,2024-02
BAMCO INC /NY/,1017918,2024-02
BANC FUNDS CO LLC,1029311,2024-02
"BANCO BILBAO VIZCAYA ARGENTARIA, S.A.",842180,2024-02
BANK HAPOALIM BM,902528,2024-01
BANK OF AMERICA CORP /DE/,70858,2024-02
BANK OF HAWAII,315080,2024-02
BANK OF KOREA,1965704,2024-01
BANK OF MONTREAL /CAN/,927971,2024-02
BANK OF NOVA SCOTIA,9631,2024-02
BANK OF NOVA SCOTIA TRUST CO,1335382,2024-02
BANK OF STOCKTON,1387723,2024-01
BANK PICTET & CIE (ASIA) LTD,1599469,2024-02
BANQUE PICTET & CIE SA,1535602,2024-02
BANTA ASSET MANAGEMENT LP,1426960,2024-01
"BANYAN CAPITAL MANAGEMENT, INC.",846600,2024-01
BAR HARBOR WEALTH MANAGEMENT,1035463,2024-01
BARCLAYS PLC,312069,2024-02
BARD ASSOCIATES INC,1105907,2024-02
BARDIN HILL MANAGEMENT PARTNERS LP,1616416,2024-02
BARINGS LLC,9015,2024-02
"BARINGTON CAPITAL GROUP, L.P.",887762,2024-02
"BARLOW WEALTH PARTNERS, INC.",1999928,2024-02
"BARNES PETTEY FINANCIAL ADVISORS, LLC",1908288,2024-02
BAROMETER CAPITAL MANAGEMENT INC.,1536890,2024-02
"BARON SILVER STEVENS FINANCIAL ADVISORS, LLC",1851395,2024-02
BARR E S & CO,1040210,2024-02
"BARRETT & COMPANY, INC.",887602,2024-01
BARROW HANLEY MEWHINNEY & STRAUSS LLC,313028,2024-02
BARTLETT & CO. WEALTH MANAGEMENT LLC,2010186,2024-02
BASS LEE M /TX/,924920,2024-02
BASS SID R,1242829,2024-02
"BASSO CAPITAL MANAGEMENT, L.P.",1287978,2024-02
"BASSWOOD CAPITAL MANAGEMENT, L.L.C.",1085393,2024-02
BAUPOST GROUP LLC/MA,1061768,2024-02
BAXTER BROS INC,1096783,2024-02
"BAYSHORE ASSET MANAGEMENT, LLC",1906790,2024-02
"BBJS FINANCIAL ADVISORS, LLC",1966040,2024-02
"BBR PARTNERS, LLC",1352467,2024-02
BC Partners Advisors L.P.,1711889,2024-01
"BCGM Wealth Management, LLC",1830467,2024-02
BCK CAPITAL MANAGEMENT LP,1819275,2024-02
"BCK Partners, Inc.",1845867,2024-01
"BCM ADVISORS, LLC",1373017,2024-01
"BCR Wealth Strategies, LLC",1908380,2024-01
BCS Wealth Management,1798172,2024-01
"BCU Wealth Advisors, LLC",2003570,2024-02
"BCWM, LLC",1542165,2024-02
BDL CAPITAL MANAGEMENT,1907208,2024-01
"BDT CAPITAL PARTNERS, LLC",1510974,2024-02
BEACH INVESTMENT COUNSEL INC/PA,1058800,2024-01
BEACON FINANCIAL GROUP,1591379,2024-02
"BEACON FINANCIAL PLANNING, INC",1966066,2024-01
BEACON INVESTMENT ADVISORS LLC,1961635,2024-02
"BEACON INVESTMENT ADVISORY SERVICES, INC.",1654599,2024-02
"BEACONLIGHT CAPITAL, LLC",1569537,2024-02
"BEAM WEALTH ADVISORS, INC.",1803426,2024-01
"BECK CAPITAL MANAGEMENT, LLC",1601904,2024-02
BECK MACK & OLIVER LLC,10742,2024-02
BECKER CAPITAL MANAGEMENT INC,799004,2024-02
BEDDOW CAPITAL MANAGEMENT INC,1278641,2024-01
BEDRIJFSTAKPENSIOENFONDS VOOR DE MEDIA PNO,1274196,2024-01
"BEESE FULMER INVESTMENT MANAGEMENT, INC.",911274,2024-01
"BELLEVUE ASSET MANAGEMENT, LLC",1801619,2024-02
BENDER ROBERT & ASSOCIATES,894300,2024-01
BENEDICT FINANCIAL ADVISORS INC,711089,2024-01
BENJAMIN EDWARDS INC,1451623,2024-02
"BENJAMIN F. EDWARDS & COMPANY, INC.",1445065,2024-02
BENNETT SELBY INVESTMENTS LP,1840740,2024-01
BERKLEY W R CORP,11544,2024-02
BERKSHIRE ASSET MANAGEMENT LLC/PA,949012,2024-02
BERKSHIRE CAPITAL HOLDINGS INC,1133742,2024-02
BERKSHIRE HATHAWAY INC,1067983,2024-02
BERNZOTT CAPITAL ADVISORS,1260468,2024-02
"BERTRAM GROWTH CAPITAL III (GPLLC), L.L.C.",1909372,2024-01
"BERYLSON CAPITAL PARTNERS, LLC",1572664,2024-02
BESSEMER GROUP INC,1054074,2024-02
BESSEMER SECURITIES LLC,1023279,2024-02
BFAM Partners (Cayman) Ltd,1639101,2024-02
"BFSG, LLC",1706836,2024-02
"BHK Investment Advisors, LLC",1710539,2024-01
"BHZ CAPITAL MANAGEMENT, LP",1618872,2024-02
BI Asset Management Fondsmaeglerselskab A/S,1778131,2024-02
BIGLARI CAPITAL CORP.,1334429,2024-02
"BIGLARI, SARDAR",1334430,2024-02
BILL & MELINDA GATES FOUNDATION TRUST,1166559,2024-02
"BIP Wealth, LLC",1590214,2024-02
BIRINYI ASSOCIATES INC,1079738,2024-01
BIRMINGHAM CAPITAL MANAGEMENT CO INC/AL,918504,2024-02
"BISLETT MANAGEMENT, LLC",1425041,2024-01
"BKA Wealth Consulting, Inc.",1922884,2024-02
"BKM Wealth Management, LLC",2007263,2024-01
"BLACK DIAMOND CAPITAL MANAGEMENT, L.L.C.",1282197,2024-02
BLACKHILL CAPITAL INC,872162,2024-02
BLAIR WILLIAM & CO/IL,902367,2024-02
"BLB&B Advisors, LLC",1389059,2024-01
"BLODGETT WEALTH ADVISORS, LLC",1907826,2024-02
BLS CAPITAL FONDSMAEGLERSELSKAB A/S,1670104,2024-02
"BLUE BELL PRIVATE WEALTH MANAGEMENT, LLC",1352860,2024-01
"BLUE SQUARE ASSET MANAGEMENT, LLC",1769578,2024-02
"BLUEFIN CAPITAL MANAGEMENT, LLC",1144208,2024-02
"BLUESTEM FINANCIAL ADVISORS, LLC",1820680,2024-02
"BML Capital Management, LLC",1616824,2024-01
"BNC WEALTH MANAGEMENT, LLC",1821549,2024-01
BNP PARIBAS FINANCIAL MARKETS,1166588,2024-02
BNP Paribas Asset Management Holding S.A.,1520354,2024-02
BOCHK Asset Management Ltd,2010854,2024-02
"BOK Financial Private Wealth, Inc.",1317348,2024-01
"BOKF, NA",9634,2024-02
BONNESS ENTERPRISES INC,1105471,2024-01
BONTEMPO OHLY CAPITAL MGMT LLC,1632118,2024-02
BOONE CAPITAL MANAGEMENT LLC,1882053,2024-02
"BOOTHBAY FUND MANAGEMENT, LLC",1549230,2024-02
"BOS Asset Management, LLC",1965814,2024-02
BOSTON FAMILY OFFICE LLC,1039807,2024-02
BOSTON FINANCIAL MANGEMENT LLC,1053055,2024-02
BOSTON RESEARCH & MANAGEMENT INC,1259261,2024-02
BOULDER HILL CAPITAL MANAGEMENT LP,1859029,2024-02
BOURGEON CAPITAL MANAGEMENT LLC,1088731,2024-01
BOURNE LENT ASSET MANAGEMENT INC,1128286,2024-01
BOWEN HANES & CO INC,1077583,2024-02
BOYAR ASSET MANAGEMENT INC.,1218254,2024-02
BOYD WATTERSON ASSET MANAGEMENT LLC/OH,1121477,2024-02
BP PLC,313807,2024-02
BRADLEY FOSTER & SARGENT INC/CT,1015086,2024-02
"BRADY FAMILY WEALTH, LLC",1971456,2024-02
BRAIDWELL LP,1920938,2024-02
"BRANDES INVESTMENT PARTNERS, LP",1015079,2024-02
"BRANDYWINE MANAGERS, LLC",1135121,2024-02
BRANDYWINE OAK PRIVATE WEALTH LLC,1764694,2024-02
BRANDYWINE TRUST CO,1123803,2024-02
BRANT POINT INVESTMENT MANAGEMENT LLC,1279030,2024-02
"BRASADA CAPITAL MANAGEMENT, LP",1643833,2024-02
BRAUN STACEY ASSOCIATES INC,872080,2024-01
BRAVE ASSET MANAGEMENT INC,1085867,2024-01
"BREACH INLET CAPITAL MANAGEMENT, LLC",2009914,2024-02
"BRIDGER MANAGEMENT, LLC",1166309,2024-02
BRIDGES INVESTMENT MANAGEMENT INC,1007295,2024-01
"BRIDGEWAY CAPITAL MANAGEMENT, LLC",1107261,2024-02
"BRIGADE CAPITAL MANAGEMENT, LP",1421306,2024-02
"BRIGHT ROCK CAPITAL MANAGEMENT, LLC",1509973,2024-01
BRIGHT VALLEY CAPITAL Ltd,1965546,2024-02
BRIGHTLIGHT CAPITAL MANAGEMENT LP,1802838,2024-02
"BRIGHTLINE CAPITAL MANAGEMENT, LLC",1432450,2024-02
BRIGHTON JONES LLC,1360798,2024-02
BRILLIANCE ASSET MANAGEMENT LTD,1665751,2024-02
BRISTOL JOHN W & CO INC /NY/,276101,2024-01
BRITISH COLUMBIA INVESTMENT MANAGEMENT Corp,1228242,2024-02
BROADMARK ASSET MANAGEMENT LLC,1095952,2024-02
BROADWOOD CAPITAL INC,1278387,2024-02
"BROGAN FINANCIAL, INC.",1889918,2024-02
BROOKFIELD Corp /ON/,1001085,2024-02
"BROOKS, MOORE & ASSOCIATES, INC.",1767040,2024-02
BROOKTREE CAPITAL MANAGEMENT,1021296,2024-02
BROWN ADVISORY INC,1345929,2024-02
BROWN BROTHERS HARRIMAN & CO,14661,2024-02
BROWN CAPITAL MANAGEMENT LLC,885062,2024-02
"BROWN WEALTH MANAGEMENT, LLC",1987005,2024-02
BROWNING WEST LP,1825564,2024-02
BRUNI J V & CO /CO,1078841,2024-02
BRX Global LP,1844103,2024-02
BSN Capital Partners Ltd,1911876,2024-01
BSW Wealth Partners,1512601,2024-01
BTG Pactual Global Asset Management Ltd,1567992,2024-02
"BTS Asset Management, Inc.",1532842,2024-01
BUCKHEAD CAPITAL MANAGEMENT LLC,1133999,2024-02
"BUCKINGHAM STRATEGIC PARTNERS, LLC",1868872,2024-02
"BUCKINGHAM STRATEGIC WEALTH, LLC",1542421,2024-02
BUILDER INVESTMENT GROUP INC /ADV,727117,2024-01
BURKE & HERBERT BANK & TRUST CO,1101250,2024-01
"BURKETT FINANCIAL SERVICES, LLC",1762716,2024-02
BURNEY CO/,940445,2024-02
BURNS J W & CO INC/NY,1047339,2024-01
"BUSH INVESTMENT GROUP, LLC",1966640,2024-02
"BUTENSKY & COHEN FINANCIAL SECURITY, INC",1632802,2024-01
BVF INC/IL,1056807,2024-02
BW Gestao de Investimentos Ltda.,1568280,2024-02
"BWCP, LP",1787893,2024-02
Baader Bank Aktiengesellschaft,1542629,2024-02
"Badgley Phelps Wealth Managers, LLC",1895362,2024-02
"Bain Capital Credit, LP",1317947,2024-02
"Bain Capital Life Sciences Investors, LLC",1703031,2024-02
"Bain Capital Public Equity Management II, LLC",1768111,2024-02
"Bain Capital Public Equity, LP",1962552,2024-02
"Baird Financial Group, Inc.",1648711,2024-02
Bakala Capital Management LLC,1976751,2024-02
"Baker Avenue Asset Management, LP",1432529,2024-02
Baker Chad R,1666470,2024-01
Baker Ellis Asset Management LLC,1365559,2024-01
Baker Hughes Holdings LLC,808362,2024-02
Balanced Rock Investment Advisor,2011851,2024-02
Balboa Wealth Partners,1929008,2024-02
"Baldwin Investment Management, LLC",1346378,2024-02
Balentine LLC,1586678,2024-02
"Ballast Asset Management, LP",1998389,2024-02
"Ballast, Inc.",1730477,2024-01
"Ballentine Capital Advisors, Inc",2011580,2024-02
"Ballentine Partners, LLC",1374889,2024-01
"Ballew Advisors, Inc",1729096,2024-01
"Baltimore-Washington Financial Advisors, Inc.",1555486,2024-02
BancFirst Trust & Investment Management,1914099,2024-01
Banco BTG Pactual S.A.,1536080,2024-02
"Banco Santander, S.A.",891478,2024-02
"Banco de Sabadell, S.A",1730299,2024-02
"Bancreek Capital Management, LP",1852042,2024-02
Bandera Partners LLC,1399386,2024-02
Bangor Savings Bank,1352675,2024-01
"Bank Julius Baer & Co. Ltd, Zurich",1544599,2024-02
Bank OZK,1569650,2024-02
Bank Pictet & Cie (Europe) AG,1123274,2024-02
Bank of Finland,1844891,2024-01
Bank of Italy,1426449,2024-02
Bank of Marin,1801145,2024-02
Bank of New Hampshire,1870761,2024-02
Bank of New York Mellon Corp,1390777,2024-01
Banque Cantonale Vaudoise,1793755,2024-02
Barbara Oil Co.,1599670,2024-02
"Bard Financial Services, Inc.",1850858,2024-02
"Barden Capital Management, Inc.",1906798,2024-02
"Bare Financial Services, Inc",2009426,2024-02
"Bares Capital Management, Inc.",1340807,2024-02
"Barnett & Company, Inc.",1426588,2024-02
"Baron Financial Group, LLC",1832093,2024-01
Baron Wealth Management LLC,1968507,2024-01
"Barrier Capital Management, LLC",1909089,2024-02
"Barry Investment Advisors, LLC",1631639,2024-02
Bartlett & Co. LLC,1550075,2024-01
Barton Investment Management,1387818,2024-01
Baskin Financial Services Inc.,1511098,2024-01
Bass Edward P,1705622,2024-02
Bath Savings Trust Co,1384943,2024-01
"Battery Global Advisors, LLC",1582272,2024-02
Battery Management Corp.,1548594,2024-02
"Baugh & Associates, LLC",1730818,2024-01
"Bay Colony Advisory Group, Inc d/b/a Bay Colony Advisors",1748861,2024-01
"Bay Harbor Wealth Management, LLC",1767989,2024-01
Bay Rivers Group,1798924,2024-01
"BayBridge Capital Group, LLC",1898297,2024-02
Bayberry Capital Partners LP,1771524,2024-02
"Bayesian Capital Management, LP",1632551,2024-02
Baymount Management LP,1803679,2024-02
Baystate Wealth Management LLC,1546408,2024-01
"Bayview Asset Management, LLC",1767366,2024-02
Beach Point Capital Management LP,1453885,2024-01
"Beacon Bridge Wealth Partners, LLC",1965468,2024-02
"Beacon Capital Management, Inc.",1575301,2024-01
"Beacon Capital Management, LLC",1921487,2024-01
Beacon Financial Advisory LLC,1800502,2024-01
"Beacon Harbor Wealth Advisors, Inc.",1784093,2024-02
"Beacon Pointe Advisors, LLC",1744317,2024-02
Beacon Wealthcare LLC,1849336,2024-01
"Beaird Harris Wealth Management, LLC",1908938,2024-02
"Bear Mountain Capital, Inc.",2009419,2024-01
Beaton Management Co. Inc.,1714678,2024-02
"Beaumont Asset Management, L.L.C.",1798756,2024-02
"Beaumont Capital Management, LLC",1806628,2024-02
"Beaumont Financial Advisors, LLC",1957394,2024-01
"Beck Bode, LLC",1790548,2024-02
"Bedel Financial Consulting, Inc.",1730511,2024-02
"Bedell Frazier Investment Counselling, LLC",1388142,2024-02
"Beech Hill Advisors, Inc.",1356202,2024-01
"Beirne Wealth Consulting Services, LLC",1697303,2024-02
Belfer Management LLC,1481957,2024-01
"Bell & Brown Wealth Advisors, LLC",1725362,2024-02
Bell Asset Management Ltd,1681004,2024-02
Bell Bank,1002672,2024-01
"Bell Investment Advisors, Inc",1890149,2024-02
Bellecapital International Ltd.,1600152,2024-01
Bellevue Group AG,1674546,2024-02
"Bellwether Advisors, LLC",1819815,2024-01
"Belmont Capital, LLC",1793367,2024-02
Belpointe Asset Management LLC,1721242,2024-02
Belvedere Trading LLC,1632341,2024-02
"Benchmark Financial Wealth Advisors, LLC",1757706,2024-01
Benchmark Investment Advisors LLC,1910971,2024-02
"Benchmark Wealth Management, LLC",1788241,2024-01
"Benedetti & Gucer, Inc.",1859474,2024-02
Benin Management CORP,1352871,2024-01
Bennett Associates Wealth Management,2011901,2024-02
"Bensler, LLC",1965941,2024-01
"Benson Investment Management Company, Inc.",1694896,2024-01
"Berger Financial Group, Inc",1826136,2024-02
"Berkeley Capital Partners, LLC",1667694,2024-02
Berkshire Bank,1831984,2024-01
"Berkshire Money Management, Inc.",1535172,2024-02
Berkshire Partners LLC,1312988,2024-02
Bernardo Wealth Planning LLC,1765595,2024-01
"Berry Wealth Group, LP",2008410,2024-02
Beryl Capital Management LLC,1719307,2024-02
"Beta Wealth Group, Inc.",1594417,2024-02
"Better Money Decisions, LLC",1858428,2024-01
"BetterWealth, LLC",1911702,2024-01
Betterment LLC,1633901,2024-02
"Beutel, Goodman & Co Ltd.",1361974,2024-02
"Beverly Hills Private Wealth, LLC",1965710,2024-01
Bey-Douglas LLC,2011271,2024-02
Biechele Royce Advisors,1730808,2024-02
"Bienville Capital Management, LLC",1605070,2024-02
BigSur Wealth Management LLC,1659171,2024-02
"Bigelow Investment Advisors, LLC",1729516,2024-01
Bill & Melinda Gates Foundation,1663801,2024-02
"Bill Few Associates, Inc.",1914644,2024-01
"Biltmore Family Office, LLC",1731123,2024-02
"Biltmore Wealth Management, LLC",1598102,2024-01
"Biondo Investment Advisors, LLC",1455176,2024-02
"Birch Capital Management, LLC",1799859,2024-01
Birch Grove Capital LP,1652355,2024-02
Birch Hill Investment Advisors LLC,1424177,2024-01
"Birchcreek Wealth Management, LLC",1840341,2024-02
"Birchview Capital, LP",1618205,2024-02
"Bishop & Co Investment Management, LLC",1603276,2024-02
"Bison Wealth, LLC",1633172,2024-01
Bizma Investimentos Ltda,1946136,2024-02
Black Creek Investment Management Inc.,1528593,2024-02
"Black Diamond Financial, LLC",1759236,2024-02
Black Maple Capital Management LP,1588959,2024-02
"Black Swift Group, LLC",1704212,2024-01
BlackBarn Capital Partners LP,2010204,2024-02
"BlackDiamond Wealth Management, LLC",1903059,2024-02
BlackRock Inc.,1364742,2024-02
Blackhawk Capital Partners LLC.,1582561,2024-01
Blacksheep Fund Management Ltd,1800249,2024-02
"Blackston Financial Advisory Group, LLC",1910984,2024-01
Blackstone Inc.,1393818,2024-02
"Blankinship & Foster, LLC",1708872,2024-02
Blantyre Capital Ltd,1887451,2024-02
"Bleakley Financial Group, LLC",1936953,2024-01
Bleichroeder LP,1781002,2024-02
BloombergSen Inc.,1484047,2024-02
Blossom Wealth Management,1839735,2024-01
"Blue Barn Wealth, LLC",1879206,2024-02
"Blue Chip Partners, LLC",1632801,2024-02
Blue Creek Capital Management Ltd,1854024,2024-02
"Blue Door Asset Management, LLC",1909147,2024-02
"Blue Edge Capital, LLC",1599620,2024-02
"Blue Fin Capital, Inc.",1576102,2024-02
"Blue Grotto Capital, LLC",1764725,2024-02
Blue Investment Partners LLC,1958029,2024-02
Blue Owl Capital Holdings LP,1858703,2024-02
Blue Pool Management Ltd.,1675855,2024-01
"Blue Rock Advisors, LLC",1666551,2024-02
"Blue Trust, Inc.",1856022,2024-01
"Blue Water Life Science Advisors, LP",1789778,2024-02
Blue Whale Capital LLP,1801547,2024-02
"Blue Zone Wealth Advisors, LLC",1803106,2024-01
BlueChip Wealth Advisors LLC,2015578,2024-03
BlueCrest Capital Management Ltd,1610880,2024-02
BlueDrive Global Investors LLP,1730235,2024-01
"BlueMar Capital Management, LLC",1582635,2024-02
"BluePath Capital Management, LLC",1911391,2024-01
"BlueSky Wealth Advisors, LLC",1704107,2024-02
"BlueSpruce Investments, LP",1600285,2024-02
Bluegrass Capital Partners LP,1727353,2024-02
Blueprint Investment Partners LLC,1794467,2024-02
Bluescape Energy Partners LLC,1629283,2024-02
"Blueshift Asset Management, LLC",1727827,2024-02
"Bluesphere Advisors, LLC",1844108,2024-02
"Blume Capital Management, Inc.",1587192,2024-02
Board of Trustees of The Leland Stanford Junior University,1315828,2024-02
"Bogart Wealth, LLC",1715740,2024-02
Boit C F David,1308331,2024-01
Bollard Group LLC,1556218,2024-02
Boltwood Capital Management,1563690,2024-01
"Bond & Devick Financial Network, Inc.",1843495,2024-01
"Bond Capital Management, LP",1923934,2024-01
"Boomfish Wealth Group, LLC",2010786,2024-02
"Boothe Investment Group, Inc.",1749798,2024-01
Bordeaux Wealth Advisors LLC,1821271,2024-02
Border to Coast Pensions Partnership Ltd,1876496,2024-01
"Borer Denton & Associates, Inc.",1993607,2024-02
Bornite Capital Management LP,1800641,2024-02
"Boston Common Asset Management, LLC",1409427,2024-01
Boston Partners,1386060,2024-02
"Boston Standard Wealth Management, LLC",1630939,2024-01
Boston Trust Walden Corp,1534866,2024-01
Bouchey Financial Group Ltd,1599054,2024-01
Boundary Creek Advisors LP,1771944,2024-02
Boussard & Gavaudan Investment Management LLP,1614986,2024-02
"Bouvel Investment Partners, LLC",1839122,2024-01
"Bowie Capital Management, LLC",1691982,2024-02
Bowman & Co S.C.,1906275,2024-01
"Boxer Capital, LLC",1465837,2024-02
"Boxwood Ventures, Inc.",1885946,2024-02
"Boyd Wealth Management, LLC",1846114,2024-01
Bpifrance SA,1731118,2024-02
"Bracebridge Capital, LLC",1426486,2024-02
"Bradley & Co. Private Wealth Management, LLC",1861678,2024-02
"Bragg Financial Advisors, Inc",1327055,2024-02
"Bramshill Investments, LLC",1619899,2024-02
"Brand Asset Management Group, Inc.",1748766,2024-01
"Brandywine Global Investment Management, LLC",829108,2024-02
Braslyn Ltd.,1642355,2024-02
"Bratton Capital Management, L.P.",1723787,2024-02
Braun-Bostich & Associates Inc.,1740842,2024-01
"Brave Warrior Advisors, LLC",1553733,2024-02
Bray Capital Advisors,1631738,2024-01
"Breakout Capital Partners, LP",1935243,2024-02
Breakwater Capital Group,1964309,2024-01
Breed's Hill Capital LLC,1963222,2024-02
Bremer Bank National Association,1775321,2024-01
Brendel Financial Advisors LLC,1768065,2024-02
Brevan Howard Capital Management LP,1512857,2024-02
Brewster Financial Planning LLC,1898145,2024-01
Briar Hall Management LLC,1728354,2024-02
"Briaud Financial Planning, Inc",1800586,2024-02
"Brick & Kyle, Associates",1632253,2024-02
Brickley Wealth Management,1712533,2024-01
"Bricktown Capital, LLC",1934657,2024-01
"Bridge Advisory, LLC",1847956,2024-01
"Bridge City Capital, LLC",1713521,2024-02
Bridge Creek Capital Management LLC,1670903,2024-01
"Bridgecreek Investment Management, LLC",1370629,2024-02
"Bridgefront Capital, LLC",1725690,2024-02
Bridgewater Advisors Inc.,1600319,2024-02
"Bridgewater Associates, LP",1350694,2024-02
"Bridgewealth Advisory Group, LLC",1801982,2024-02
"Bridgeworth, LLC",1691804,2024-01
"Brio Consultants, LLC",1747799,2024-02
"Bristlecone Advisors, LLC",1671716,2024-01
Bristol Gate Capital Partners Inc.,1650142,2024-02
"Broad Bay Capital Management, LP",1759115,2024-02
Broad Peak Investment Holdings Ltd.,1728120,2024-01
"Broad Run Investment Management, LLC",1568621,2024-02
"Broadcrest Asset Management, LLC",1749585,2024-02
"Broadleaf Partners, LLC",1712686,2024-02
"Broadview Financial Management, LLC",1697024,2024-02
Broderick Brian C,1314376,2024-02
Bromfield Sneider Wealth Advisors,1891795,2024-01
Bronte Capital Management Pty Ltd.,1471085,2024-02
"Brooklyn FI, LLC",1916123,2024-01
Brookmont Capital Management,1512978,2024-01
Brookstone Capital Management,1599584,2024-01
Brown Financial Advisory,1843853,2024-01
"Brown Miller Wealth Management, LLC",1840084,2024-01
Brown Shipley& Co Ltd,1912970,2024-03
Brown University,1664741,2024-02
"Bruce & Co., Inc.",1358331,2024-02
"Bruce G. Allen Investments, LLC",2005409,2024-01
Brummer Multi-Strategy AB,2003159,2024-02
"Bryant Woods Investment Advisors, LLC",1910641,2024-01
"Bryn Mawr Capital Management, LLC",1700481,2024-02
"Buck Wealth Strategies, LLC",1973259,2024-01
"Buckingham Capital Management, Inc.",1567634,2024-02
"Buckley Wealth Management, LLC",1730126,2024-01
Buffington Mohr McNeal,1317829,2024-01
"Builders Vision, LLC",1785504,2024-02
"Bull Oak Capital, LLC",1824263,2024-01
"Bull Street Advisors, LLC",1790837,2024-01
"Bulldog Investors, LLP",1504304,2024-02
Bullseye Asset Management LLC,1513779,2024-02
"Bullseye Investment Management, LLC",1912451,2024-02
"Bulltick Wealth Management, LLC",1912448,2024-02
"Burford Brothers, Inc.",2001434,2024-02
Burgundy Asset Management Ltd.,1315868,2024-02
"Burns Matteson Capital Management, LLC",1894164,2024-01
Burt Wealth Advisors,1612041,2024-02
Busey Bank,1427202,2024-01
Buttonwood Financial Advisors Inc.,1904033,2024-01
"Buttonwood Financial Group, LLC",1847661,2024-01
Byrne Asset Management LLC,1911322,2024-01
C M BIDWELL & ASSOCIATES LTD,1091860,2024-02
C Partners Holding GmbH,1634083,2024-02
C WorldWide Group Holding A/S,1625244,2024-02
"C2C Wealth Management, LLC",1868903,2024-02
"C2P Capital Advisory Group, LLC d.b.a. Prosperity Capital Ad",1965756,2024-02
CAAS CAPITAL MANAGEMENT LP,1802881,2024-02
CABANA LLC,1688539,2024-02
CABOT WEALTH MANAGEMENT INC,1016683,2024-02
CACTI ASSET MANAGEMENT LLC,1452208,2024-01
"CADEN CAPITAL PARTNERS, LP",1893767,2024-02
"CADIAN CAPITAL MANAGEMENT, LP",1423686,2024-02
CADINHA & CO LLC,923469,2024-01
"CAHABA WEALTH MANAGEMENT, INC.",1716399,2024-01
CAHILL FINANCIAL ADVISORS INC,1600327,2024-02
CAISSE DE DEPOT ET PLACEMENT DU QUEBEC,898286,2024-02
"CALDWELL SUTTER CAPITAL, INC.",702007,2024-01
CALEDONIA INVESTMENTS PLC,1037766,2024-01
CALIFORNIA FIRST LEASING CORP,803016,2024-02
CALIFORNIA PUBLIC EMPLOYEES RETIREMENT SYSTEM,919079,2024-02
CALIFORNIA STATE TEACHERS RETIREMENT SYSTEM,1081019,2024-02
"CALTON & ASSOCIATES, INC.",822648,2024-02
CAMBIAR INVESTORS LLC,823621,2024-01
CAMBRIDGE ASSOCIATES LLC /MA/ /ADV,733986,2024-02
CAMBRIDGE TRUST CO,1074272,2024-01
CAMDEN ASSET MANAGEMENT L P /CA,903944,2024-02
CAMDEN NATIONAL BANK,1697855,2024-02
CAMPBELL CAPITAL MANAGEMENT INC,826794,2024-01
CAMPBELL NEWMAN ASSET MANAGEMENT INC,874791,2024-01
CANADA PENSION PLAN INVESTMENT BOARD,1283718,2024-02
CANANDAIGUA NATIONAL BANK & TRUST CO,1074266,2024-01
CANNELL CAPITAL LLC,1058854,2024-02
CANTILLON CAPITAL MANAGEMENT LLC,1279936,2024-02
CANTOR FITZGERALD INVESTMENT ADVISORS L.P.,1710477,2024-02
"CANTOR FITZGERALD, L. P.",1024896,2024-02
CANYON CAPITAL ADVISORS LLC,1074034,2024-02
"CAP Partners, LLC",2006870,2024-02
CAPE ANN SAVINGS BANK,936938,2024-03
CAPE COD FIVE CENTS SAVINGS BANK,1054646,2024-02
CAPITAL ADVISORS INC/OK,860828,2024-01
CAPITAL CITY TRUST CO/FL,1095836,2024-01
CAPITAL COUNSEL LLC/NY,1114928,2024-02
CAPITAL FUND MANAGEMENT S.A.,1323645,2024-02
"CAPITAL INSIGHT PARTNERS, LLC",1664385,2024-01
CAPITAL INTERNATIONAL LTD /CA/,1065350,2024-02
CAPITAL MANAGEMENT ASSOCIATES /NY/,825293,2024-02
CAPITAL MANAGEMENT CORP /VA,1074273,2024-02
CAPITAL PERFORMANCE ADVISORS LLP,1905663,2024-02
"CAPITAL WEALTH MANAGEMENT, LLC",1730456,2024-01
CAPITOLIS LIQUID GLOBAL MARKETS LLC,2094379,2024-02
CAPSTONE CAPITAL WEALTH ADVISORS,1993327,2024-01
"CAPSTONE INVESTMENT ADVISORS, LLC",1426196,2024-02
"CAPSTONE WEALTH MANAGEMENT GROUP, LLC",1923052,2024-01
CAPTRUST FINANCIAL ADVISORS,1512024,2024-02
CARDEROCK CAPITAL MANAGEMENT INC,1168889,2024-01
"CARDIFF PARK ADVISORS, LLC",1910000,2024-02
CARDINAL CAPITAL MANAGEMENT LLC /CT,1080383,2024-02
"CARL STUART INVESTMENT ADVISOR, INC",1910180,2024-01
CARLSON CAPITAL L P,1056973,2024-02
CARNEGIE MELLON UNIVERSITY,1039067,2024-02
CAROLINAS WEALTH CONSULTING LLC,1803425,2024-02
"CARRET ASSET MANAGEMENT, LLC",791490,2024-02
"CARRONADE CAPITAL MANAGEMENT, LP",1866872,2024-02
CARY STREET PARTNERS ASSET MANAGEMENT LLC,1845445,2024-02
CARY STREET PARTNERS INVESTMENT ADVISORY LLC,1766904,2024-02
"CAS Investment Partners, LLC",1697591,2024-02
"CASCADE INVESTMENT GROUP, INC.",919447,2024-01
CASPIAN CAPITAL LP,1518999,2024-02
CASTLE WEALTH MANAGEMENT LLC,1936420,2024-01
CASTLEARK MANAGEMENT LLC,1106832,2024-02
CAT ROCK CAPITAL MANAGEMENT LP,1654648,2024-02
CATALYST FINANCIAL PARTNERS LLC,1927537,2024-02
"CATALYST PRIVATE WEALTH, LLC",1831193,2024-01
CAUSEWAY CAPITAL MANAGEMENT LLC,1165797,2024-02
CAXTON ASSOCIATES LP,872573,2024-02
CAXTON CORP,1388551,2024-02
CAZ INVESTMENTS LP,1159363,2024-02
"CBIZ Investment Advisory Services, LLC",1795934,2024-02
CBRE INVESTMENT MANAGEMENT LISTED REAL ASSETS LLC,1033984,2024-02
"CCG WEALTH MANAGEMENT, LLC",1771169,2024-01
CCLA Investment Management,1631562,2024-02
CCM INVESTMENT ADVISERS LLC,931097,2024-03
"CCMP Capital GP, LLC",1674350,2024-02
CDAM (UK) Ltd,1719387,2024-02
CEDRUS LLC,1992810,2024-01
"CEERA INVESTMENTS, LLC",1860698,2024-02
"CENTAURUS FINANCIAL, INC.",891943,2024-02
CENTERSQUARE INVESTMENT MANAGEMENT LLC,1725296,2024-02
CENTRAL BANK & TRUST CO,1175954,2024-01
CENTRAL SECURITIES CORP,18748,2024-02
CENTRAL TRUST Co,44365,2024-01
"CENTRAL VALLEY ADVISORS, LLC",2010698,2024-02
"CERTUITY, LLC",1800752,2024-02
CFM WEALTH PARTNERS LLC,1801097,2024-01
"CFO4Life Group, LLC",1706351,2024-01
"CFS Investment Advisory Services, LLC",1845688,2024-02
"CGC Financial Services, LLC",1992785,2024-01
CGN Advisors LLC,1841506,2024-01
CHAI TRUST CO LLC,1250731,2024-02
CHANNEL WEALTH LLC,1975550,2024-01
"CHANNING GLOBAL ADVISORS, LLC",1901222,2024-02
"CHAPIN DAVIS, INC.",872098,2024-01
CHARLES SCHWAB INVESTMENT MANAGEMENT INC,884546,2024-02
"CHARTER RESEARCH & INVESTMENT GROUP, INC.",1666624,2024-02
CHARTIST INC /CA/,1129770,2024-02
"CHARTWELL INVESTMENT PARTNERS, LLC",1616525,2024-02
CHASE INVESTMENT COUNSEL CORP,19475,2024-02
"CHATHAM CAPITAL GROUP, INC.",1108969,2024-01
CHECK CAPITAL MANAGEMENT INC/CA,1032814,2024-01
CHELSEA COUNSEL CO,1276755,2024-02
CHEMUNG CANAL TRUST CO,790354,2024-01
"CHERRYDALE WEALTH MANAGEMENT, LLC",1907327,2024-01
CHESAPEAKE CAPITAL CORP /IL/,1093908,2024-02
CHICAGO TRUST Co NA,1601539,2024-01
CHICKASAW CAPITAL MANAGEMENT LLC,1276460,2024-01
"CHILDRESS CAPITAL ADVISORS, LLC",1849561,2024-02
CHILTON CAPITAL MANAGEMENT LLC,1056859,2024-01
CHILTON INVESTMENT CO INC.,1332632,2024-02
"CHIRON CAPITAL MANAGEMENT, LLC",1830922,2024-02
"CHOREO, LLC",1679031,2024-02
CHURCHILL MANAGEMENT Corp,1094749,2024-01
CI INVESTMENTS INC.,1163648,2024-02
CIBC Asset Management Inc,1021926,2024-02
"CIBC Private Wealth Group, LLC",1298088,2024-02
CIBC WORLD MARKET INC.,1421224,2024-02
CIBC WORLD MARKETS CORP,1056527,2024-02
"CIC Wealth, LLC",1965909,2024-01
CIDEL ASSET MANAGEMENT INC,1621915,2024-02
CIGNA INVESTMENTS INC /NEW,49969,2024-01
CIM INVESTMENT MANAGEMENT INC,1179791,2024-02
"CIM, LLC",1364725,2024-02
CINCINNATI CASUALTY CO,1279888,2024-02
CINCINNATI FINANCIAL CORP,20286,2024-02
CINCINNATI INDEMNITY CO,1279886,2024-02
CINCINNATI INSURANCE CO,1279885,2024-02
CINCINNATI LIFE INSURANCE CO,1279887,2024-02
"CISCO SYSTEMS, INC.",858877,2024-01
CITADEL ADVISORS LLC,1423053,2024-02
CITIGROUP INC,831001,2024-02
CITIZENS & NORTHERN CORP,810958,2024-02
CITIZENS FINANCIAL GROUP INC/RI,759944,2024-02
CITY HOLDING CO,726854,2024-01
CITY OF LONDON INVESTMENT MANAGEMENT CO LTD,1034546,2024-02
"CJM Wealth Advisers, Ltd.",1992748,2024-01
CKW FINANCIAL GROUP,1600403,2024-01
"CLARIS ADVISORS, LLC / MO /",1905092,2024-02
CLARK ESTATES INC/NY,1056466,2024-02
CLARK FINANCIAL SERVICES GROUP INC                      /BD,1001011,2024-02
"CLEAR INVESTMENT RESEARCH, LLC",1635523,2024-02
CLEAR STREET LLC,1708828,2024-02
CLEAR STREET MARKETS LLC,1531593,2024-02
CLEARFIELD CAPITAL MANAGEMENT LP,1643569,2024-02
"CLEARLAKE CAPITAL GROUP, L.P.",1688282,2024-02
"CLIENT 1ST ADVISORY GROUP, LLC",1802816,2024-02
CLIFFORD CAPITAL PARTNERS LLC,1730467,2024-02
CLIFFORD SWAN INVESTMENT COUNSEL LLC,1034642,2024-02
"CLIFTONLARSONALLEN WEALTH ADVISORS, LLC",944361,2024-01
CLOUGH CAPITAL PARTNERS L P,1276144,2024-02
"CLOVERFIELDS CAPITAL GROUP, LP",1819581,2024-02
"CM Management, LLC",1841857,2024-02
CM WEALTH ADVISORS LLC,1764581,2024-02
CMC Financial Group,1770940,2024-01
"CMG Global Holdings, LLC",1839445,2024-02
CMH Wealth Management LLC,1657516,2024-01
CMT Capital Markets Trading GmbH,1632813,2024-02
CNA FINANCIAL CORP,21175,2024-02
CNB Bank,1732074,2024-01
COATUE MANAGEMENT LLC,1135730,2024-02
"COBALT CAPITAL MANAGEMENT, INC.",1086762,2024-02
COBBLESTONE CAPITAL ADVISORS LLC /NY/,1033505,2024-02
COERENTE CAPITAL MANAGEMENT,1860790,2024-01
"COGNIOS BETA NEUTRAL LARGE CAP FUND, LP",1538882,2024-02
"COHEN & STEERS, INC.",1284812,2024-02
COHEN LAWRENCE B,1324022,2024-02
COLDSTREAM CAPITAL MANAGEMENT INC,1082339,2024-02
COLLECTIVE FAMILY OFFICE LLC,1845066,2024-01
"COLTON GROOME FINANCIAL ADVISORS, LLC",1780330,2024-01
COLUMBIA ADVISORY PARTNERS LLC,1808179,2024-01
COMERICA BANK,901541,2024-02
COMGEST GLOBAL INVESTORS S.A.S.,1574947,2024-02
COMMERCE BANK,1009076,2024-02
COMMERZBANK AKTIENGESELLSCHAFT /FI,852933,2024-02
COMMODORE CAPITAL LP,1831942,2024-02
"COMMONS CAPITAL, LLC",1912835,2024-01
"COMMONWEALTH EQUITY SERVICES, LLC",312272,2024-02
COMMONWEALTH OF PENNSYLVANIA PUBLIC SCHOOL EMPLS RETRMT SYS,1083190,2024-02
COMMUNITY TRUST & INVESTMENT CO,1047142,2024-01
"COMPASS CAPITAL MANAGEMENT, INC",1002152,2024-02
COMPASS GROUP LLC,1317627,2024-02
"CONCENTRIC WEALTH MANAGEMENT, LLC",1695345,2024-02
"CONCOURSE FINANCIAL GROUP SECURITIES, INC.",752798,2024-02
CONDOR CAPITAL MANAGEMENT,1082491,2024-02
CONGRESS ASSET MANAGEMENT CO /MA,897378,2024-03
CONNABLE OFFICE INC,914933,2024-02
CONNING INC.,801051,2024-01
CONNORS INVESTOR SERVICES INC,884548,2024-02
"CONSCIOUS WEALTH INVESTMENTS, LLC",2011014,2024-02
"CONSILIO WEALTH ADVISORS, LLC",1908944,2024-01
"CONSOLIDATED CAPITAL MANAGEMENT, LLC",1666613,2024-02
CONSOLIDATED PRESS INTERNATIONAL HOLDINGS LTD,1260786,2024-02
CONTINENTAL ADVISORS LLC,1277779,2024-02
CONTINENTAL GRAIN CO,929607,2024-02
"CONTINENTAL INVESTORS SERVICES, INC.",883634,2024-02
"CONTINUUM WEALTH ADVISORS, LLC",1966482,2024-01
"CONTRARIAN CAPITAL MANAGEMENT, L.L.C.",1050417,2024-02
"CONTRAVISORY INVESTMENT MANAGEMENT, INC.",1365707,2024-01
CONYERS INVESTMENTS LLC,1513030,2024-02
COOK WEALTH MANAGEMENT GROUP LLC,1910185,2024-01
COOKE & BIELER LP,24386,2024-01
COOKSON PEIRCE & CO INC,1141455,2024-01
COOPER CREEK PARTNERS MANAGEMENT LLC,1512162,2024-02
"COOPER/HAIMS ADVISORS, LLC",1654033,2024-02
COOPERMAN LEON G,898382,2024-02
CORA CAPITAL ADVISORS LLC,1964530,2024-02
CORBYN INVESTMENT MANAGEMENT INC/MD,919538,2024-02
"CORDA Investment Management, LLC.",1545812,2024-02
COREPATH WEALTH PARTNERS LLC,1845838,2024-01
CORNELL UNIVERSITY,315082,2024-02
CORNERCAP INVESTMENT COUNSEL INC,1062938,2024-01
"CORNERSTONE PARTNERS CAPITAL MANAGEMENT, LLC",1845620,2024-02
"CORRADO ADVISORS, LLC",1482611,2024-02
"CORSAIR CAPITAL MANAGEMENT, L.P.",1276470,2024-02
CORTLAND ASSOCIATES INC/MO,1014315,2024-01
"COTTONWOOD CAPITAL ADVISORS, LLC",1903321,2024-02
COUNTRY CLUB BANK /GFN,824325,2024-01
COUNTRY TRUST BANK,1209324,2024-01
COURAGE CAPITAL MANAGEMENT LLC,1119376,2024-02
COURIER CAPITAL LLC,1015247,2024-01
"COWA, LLC",1844480,2024-01
COWBIRD CAPITAL LP,1761435,2024-02
"COWEN AND COMPANY, LLC",48966,2024-02
COZAD ASSET MANAGEMENT INC,709428,2024-02
CPA Asset Management LLC,1963967,2024-01
CPMG Inc,1372218,2024-02
CPR Investments Inc.,1775053,2024-01
"CPV Partners, LLC",1763844,2024-02
"CQS (US), LLC",1447946,2024-02
"CRA Financial Services, LLC",1765594,2024-02
CRAMER ROSENTHAL MCGLYNN LLC,820743,2024-02
CRAWFORD INVESTMENT COUNSEL INC,837592,2024-02
CREATIVE FINANCIAL DESIGNS INC /ADV,819864,2024-01
CREDIT AGRICOLE S A,1191672,2024-02
CREDIT SUISSE AG/,824468,2024-02
"CRITERION CAPITAL ADVISORS, LLC",1765884,2024-02
CROSBY Co OF NEW HAMPSHIRE LLC,1595683,2024-02
CROSSLINK CAPITAL INC,1104329,2024-02
"CROSSPOINT FINANCIAL, LLC",1927769,2024-02
"CROWN ADVISORS MANAGEMENT, INC.",1733248,2024-02
"CSM Advisors, LLC",1863523,2024-02
CSS LLC/IL,1103646,2024-02
"CSU Producer Resources, Inc.",1534469,2024-02
"CTC Alternative Strategies, Ltd.",1569550,2024-01
CTC LLC,1445893,2024-02
"CTF Capital Management, LP",1807092,2024-02
CULBERTSON A N & CO INC,1224890,2024-01
"CULLEN INVESTMENT GROUP, LTD.",797203,2024-01
"CULLEN/FROST BANKERS, INC.",39263,2024-02
CULLINAN ASSOCIATES INC,1161670,2024-01
"CULTIVAR CAPITAL, INC.",1989476,2024-01
CUMBERLAND ADVISORS INC,1255435,2024-01
"CUSHING ASSET MANAGEMENT, LP dba NXG INVESTMENT MANAGEMENT",1329375,2024-01
"CUSTOM INDEX SYSTEMS, LLC",2003672,2024-01
CUTLER INVESTMENT COUNSEL LLC,1285973,2024-01
CV Advisors LLC,1872254,2024-02
"CVA Family Office, LLC",1802084,2024-01
CVC Capital Partners VI Ltd,1838970,2024-02
"CVI Holdings, LLC",1728194,2024-02
CVS HEALTH Corp,64803,2024-02
"CVentures, Inc.",1388469,2024-02
"CWA Asset Management Group, LLC",1667134,2024-02
"CWM, LLC",1535847,2024-02
"CWS Financial Advisors, LLC",1802459,2024-02
CX Institutional,1737089,2024-01
CYPRESS ASSET MANAGEMENT INC/TX,1030618,2024-02
CYPRESS FINANCIAL PLANNING LLC,1937021,2024-01
CYPRESS FUNDS LLC,1081198,2024-02
"CYRUS CAPITAL PARTNERS, L.P.",1166564,2024-02
Cable Car Capital LLC,1699575,2024-02
"Cable Hill Partners, LLC",1674581,2024-02
"Cabot-Wellington, LLC",1353198,2024-02
Cadence Bank,1299939,2024-02
Cadence Wealth Management LLC,1845250,2024-02
"Cadent Capital Advisors, LLC",1803536,2024-01
"Caerus Investment Advisors, LLC",1862682,2024-01
"Cahill Wealth Management, LLC",1927960,2024-01
"Cairn Investment Group, Inc.",1800358,2024-02
"Caitlin John, LLC",2010947,2024-02
Calamos Advisors LLC,1316507,2024-01
Calamos Wealth Management LLC,1455258,2024-01
Caldwell Investment Management Ltd.,1904373,2024-01
Caledonia (Private) Investments Pty Ltd,1352924,2024-02
Caligan Partners LP,1727492,2024-02
"Calixto Global Investors, LP",1666472,2024-02
Call To Action Foundation,1981942,2024-02
"Callahan Advisors, LLC",1395055,2024-01
"Callan Capital, LLC",1542166,2024-02
"Callan Family Office, LLC",1938970,2024-02
"Callodine Capital Management, LP",1741675,2024-02
"Camarda Financial Advisors, LLC",1536444,2024-02
Camber Capital Management LP,1444043,2024-02
"Cambria Investment Management, L.P.",1529389,2024-02
Cambridge Advisors Inc.,1633695,2024-01
"Cambridge Financial Group, Inc.",1334199,2024-02
"Cambridge Investment Research Advisors, Inc.",1419186,2024-02
"Camelot Capital Partners, LLC",1753570,2024-02
"Camelot Portfolios, LLC",1569766,2024-01
Campbell & CO Investment Adviser LLC,1353570,2024-02
Campbell Wealth Management,1736648,2024-02
Campion Asset Management,1843492,2024-02
Canaan Partners IX LLC,1654586,2024-02
Canaan Partners XI LLC,1850694,2024-02
"Canal Capital Management, LLC",1666733,2024-01
Canal Insurance CO,1313473,2024-01
Candelo Capital Management LP,1845660,2024-02
Candlestick Capital Management LP,1789779,2024-02
Candriam S.C.A.,1537014,2024-02
"Cannae Holdings, Inc.",1704720,2024-02
Cannell & Co.,16972,2024-02
"Cannon Global Investment Management, LLC",1844427,2024-01
Canoe Financial LP,1908219,2024-02
"Canopy Partners, LLC",1960860,2024-02
"Canton Hathaway, LLC",1755785,2024-01
"Canvas Wealth Advisors, LLC",1858782,2024-01
"CapWealth Advisors, LLC",1531809,2024-01
Capasso Planning Partners LLC,1911938,2024-01
"Capco Asset Management, LLC",1698068,2024-02
Cape Ann Asset Management Ltd,1768237,2024-02
"Cape Investment Advisory, Inc.",1944437,2024-02
"Capital Advantage, Inc.",1628896,2024-01
"Capital Advisors Wealth Management, LLC",1824700,2024-01
"Capital Advisors, Ltd. LLC",1597878,2024-02
"Capital Advisory Group Advisory Services, LLC",1803229,2024-01
"Capital Analysts, LLC",1624758,2024-01
Capital Asset Advisory Services LLC,1666024,2024-01
"Capital CS Group, LLC",1830008,2024-01
Capital Group Investment Management Pte. Ltd.,1939970,2024-02
"Capital Group Private Client Services, Inc.",1857666,2024-02
"Capital Impact Advisors, LLC",1602198,2024-02
Capital International Investors,1562230,2024-02
Capital International Sarl,1065349,2024-02
"Capital International, Inc./CA/",895213,2024-02
"Capital Investment Advisors, LLC",1582732,2024-01
"Capital Investment Advisory Services, LLC",1659203,2024-02
"Capital Investment Counsel, Inc",1418421,2024-02
"Capital Investment Services of America, Inc.",811360,2024-01
"Capital Management Associates, Inc",2008851,2024-01
Capital Market Strategies LLC,1810158,2024-01
Capital Markets Trading UK LLP,1719165,2024-02
"Capital Planning Advisors, LLC",1631941,2024-02
Capital Planning LLC,1790688,2024-01
Capital Research Global Investors,1422848,2024-02
"Capital Square, LLC",1798736,2024-01
"Capital Today Evergreen Fund, L.P.",1625502,2024-02
"Capital Wealth Alliance, LLC",1803277,2024-01
"Capital Wealth Planning, LLC",1566728,2024-02
Capital World Investors,1422849,2024-02
"Capitol Family Office, Inc.",1863768,2024-01
Capricorn Fund Managers Ltd,1901361,2024-01
Capricorn Investment Group LLC,1536261,2024-02
"Caprock Group, LLC",1610769,2024-01
"Capstone Financial Advisors, Inc.",1599217,2024-02
"Capstone Triton Financial Group, LLC",1811805,2024-01
"Caption Management, LLC",1706766,2024-02
Capula Management Ltd,1557017,2024-02
Cardano Asset Management N.V.,1619124,2024-02
Cardinal Capital Management,1434845,2024-01
"Cardinal Capital Management, Inc.",1518235,2024-02
"Cardinal Point Capital Management, ULC",1950841,2024-01
Cardinal Strategic Wealth Guidance,1801989,2024-01
"Carl P. Sherr & Co., LLC",1818535,2024-01
Carlson Capital Management,1581298,2024-01
"Carlton Hofferkamp & Jenks Wealth Management, LLC",1510870,2024-01
Carlyle Group Inc.,1527166,2024-02
Carmel Capital Management L.L.C.,1878547,2024-01
"Carmel Capital Partners, LLC",1900481,2024-02
Carmenna Advisors LLC,1829805,2024-02
"Carmichael Hill & Associates, Inc.",1730295,2024-01
Carmignac Gestion,1569758,2024-02
"Carnegie Capital Asset Management, LLC",1511506,2024-01
"Carolina Wealth Advisors, LLC",1786411,2024-01
Carr Financial Group Corp,1931232,2024-01
"Carroll Investors, Inc",1911400,2024-02
Carson Advisory Inc.,1909304,2024-02
"CarsonAllaria Wealth Management, Ltd.",1900946,2024-02
"Cartenna Capital, LP",1808928,2024-02
"Cascade Investment Advisors, Inc.",1681490,2024-01
"Casdin Capital, LLC",1534261,2024-02
Cassaday & Co Wealth Management LLC,1963612,2024-02
"Cassady Schiller Wealth Management, LLC",1904425,2024-02
"Cassia Capital Partners, LLC",1844897,2024-01
Castellan Group,1832521,2024-02
"Castle Creek Arbitrage, LLC",1326638,2024-01
"Castle Creek Capital Partners VI, LP",1666749,2024-02
Castle Hook Partners LP,1687241,2024-02
"Castle Rock Wealth Management, LLC",1727605,2024-01
CastleKnight Management LP,1835751,2024-02
"Castleview Partners, LLC",1737088,2024-02
"Catalys Pacific, LLC",2011385,2024-02
Catalyst Capital Advisors LLC,1549275,2024-02
"Catalytic Wealth RIA, LLC",2011169,2024-02
"Catterton Management Company, L.L.C.",1560123,2024-02
"Cavalier Investments, LLC",1655543,2024-02
"Cavalry Management Group, LLC",1484165,2024-02
"Cedar Brook Financial Partners, LLC",1767302,2024-01
"Cedar Mountain Advisors, LLC",1798986,2024-01
"Cedar Point Capital Partners, LLC",1954337,2024-01
"Cedar Wealth Management, LLC",1665642,2024-02
Cederberg Capital Ltd,1861244,2024-02
Centennial Wealth Advisory LLC,1839421,2024-01
Center For Asset Management LLC,1844878,2024-01
"Center Lake Capital Management, LLC",1771673,2024-02
"Center for Financial Planning, Inc.",1803557,2024-01
CenterBook Partners LP,1872738,2024-02
"CenterStar Asset Management, LLC",1722053,2024-02
"Centerbridge Partners, L.P.",1484836,2024-02
Centered Wealth LLC dba Miller Equity Capital Advisors,1894543,2024-02
"Centerpoint Advisors, LLC",1733788,2024-01
"Centerstone Investors, LLC",1766788,2024-02
"Centiva Capital, LP",1692507,2024-02
Central Asset Investments & Management Holdings (HK) Ltd,1583672,2024-02
"Centre Asset Management, LLC",1532472,2024-01
Centric Wealth Management,1752761,2024-02
Centurion Wealth Management LLC,1951368,2024-01
"Cerberus Capital Management, L.P.",1525907,2024-02
Cercano Management LLC,1936416,2024-02
Ceredex Value Advisors LLC,1738726,2024-01
Cerity Partners LLC,1566475,2024-01
Certares Management LLC,1807622,2024-02
Certified Advisory Corp,1731732,2024-02
"Certus Wealth Management, LLC",1989526,2024-02
Cetera Advisor Networks LLC,1534468,2024-02
Cetera Advisors LLC,1534400,2024-02
Cetera Investment Advisers,1666741,2024-02
"Cetera Trust Company, N.A",2005547,2024-02
Cevian Capital II GP LTD,1365341,2024-02
"Champlain Investment Partners, LLC",1315478,2024-02
"Chan Zuckerberg Initiative, LLC",1997453,2024-02
"Chandler Asset Management, Inc.",1665018,2024-02
"Chaney Capital Management, Inc.",2012041,2024-02
"Channing Capital Management, LLC",1302404,2024-02
"Chapman Investment Management, LLC",1751006,2024-02
"Charles Carroll Financial Partners, LLC",1899059,2024-02
"Charles Schwab Investment Advisory, Inc.",1501902,2024-02
Charles Schwab Trust Co,1789219,2024-01
Charles-Lim Capital Ltd,1634255,2024-02
"Charter Oak Capital Management, LLC",1810720,2024-01
"Checchi Capital Advisers, LLC",1598186,2024-02
Checkpoint Capital L.P.,1977548,2024-02
Chemistry Wealth Management LLC,1910183,2024-01
"Cherry Creek Investment Advisors, Inc.",1877829,2024-01
"Cherry Tree Wealth Management, LLC",1985414,2024-02
Chesapeake Wealth Management,1730383,2024-02
Chescapmanager LLC,1697162,2024-02
Chesley Taft & Associates LLC,1164632,2024-01
"Cheviot Value Management, LLC",1427147,2024-02
"Chevy Chase Trust Holdings, LLC",1462020,2024-01
Cheyne Capital Management (UK) LLP,1390457,2024-02
"Chicago Capital Management, LLC",1580162,2024-02
"Chicago Capital, LLC",1740053,2024-01
Chicago Partners Investment Group LLC,1563525,2024-02
"Chicago Wealth Management, Inc.",1592178,2024-02
Chico Wealth RIA,1926037,2024-01
"Chieftain Capital Management, Inc.",1491126,2024-02
"China Universal Asset Management Co., Ltd.",1906594,2024-01
"Chiron Investment Management, LLC",1688882,2024-02
Choate Investment Advisors,1399794,2024-02
"Choice Wealth Advisors, LLC",1842357,2024-01
Chou Associates Management Inc.,1389403,2024-02
"Christopher J. Hasenberg, Inc",1989869,2024-02
"Chronos Wealth Management, LLC",1801792,2024-01
Cincinnati Specialty Underwriters Insurance CO,1426763,2024-02
Cinctive Capital Management LP,1787258,2024-02
Ciovacco Capital Management LLC,1653012,2024-02
Cipher Capital LP,1542420,2024-02
"Circle Wealth Management, LLC",1578242,2024-02
Circumference Group LLC,1742372,2024-02
"Citadel Investment Advisory, Inc.",1811907,2024-01
Citizens Business Bank,1948632,2024-02
Citizens National Bank Trust Department,1806425,2024-01
"Cito Capital Group, LLC",1722439,2024-02
City State Bank,1910666,2024-01
Claar Advisors LLC,1593410,2024-02
"Cladis Investment Advisory, LLC",1911520,2024-02
Clal Insurance Enterprises Holdings Ltd,1376192,2024-02
Claret Asset Management Corp,1735513,2024-02
ClariVest Asset Management LLC,1388167,2024-02
"Clarity Asset Management, Inc.",1756759,2024-02
"Clarity Capital Advisors, LLC",2011219,2024-02
Clarity Capital Partners LLC,2012239,2024-02
Clarity Financial LLC,1862145,2024-01
"Clarity Wealth Advisors, LLC",1767384,2024-01
"Clarius Group, LLC",1664214,2024-01
"Clark Capital Management Group, Inc.",1352187,2024-02
"Clarkston Capital Partners, LLC",1562855,2024-02
Claro Advisors LLC,1764386,2024-01
"Clarus Group, Inc.",1844568,2024-01
Clarus Wealth Advisors,1730149,2024-01
"Clay Northam Wealth Management, LLC",1915687,2024-01
Clayton Financial Group LLC,2011212,2024-02
Clayton Partners LLC,1550509,2024-02
"Clayton, Dubilier & Rice, LLC",1538642,2024-02
Clean Energy Transition LLP,1911523,2024-02
Clean Yield Group,1525865,2024-01
"Clear Creek Financial Management, LLC",1784235,2024-01
"Clear Harbor Asset Management, LLC",1511857,2024-01
"Clear Rock Advisors, LLC",1810372,2024-02
"Clear Sky Advisers, LLC",1887492,2024-02
ClearAlpha Technologies LP,1972331,2024-02
ClearBridge Investments Ltd,1499094,2024-02
"Clearbridge Investments, LLC",1348883,2024-02
Clearline Capital LP,1600136,2024-02
"Clearstead Advisors, LLC",842775,2024-02
"Clearstead Trust, LLC",1708001,2024-02
Clearview Wealth Advisors LLC,1840306,2024-01
"Clearwater Capital Advisors, LLC",1690531,2024-02
Client First Capital LLC,1822065,2024-01
"Clifford Group, LLC",1965522,2024-02
Cliffwater LLC,1659851,2024-02
Clio Asset Management LLC,1986196,2024-01
Close Asset Management Ltd,1718570,2024-02
CloudAlpha Capital Management Limited/Hong Kong,1745907,2024-01
"Coalescence Partners Investment Management, LP",1759662,2024-02
"Coastal Bridge Advisors, LLC",1665976,2024-02
Coastline Trust Co,1324279,2024-01
"Coastwise Capital Group, LLC",1934500,2024-02
Cobblestone Asset Management LLC,1994512,2024-01
"Coco Enterprises, LLC",1656150,2024-02
"Codex Capital, L.L.C.",1832187,2024-02
"Cohanzick Management, LLC",1517133,2024-02
"Cohen Capital Management, Inc.",1508120,2024-02
Cohen Investment Advisors LLC,1845081,2024-01
Cohen Klingenstein LLC,1453620,2024-01
"Coho Partners, Ltd.",1350585,2024-01
"Coliseum Capital Management, LLC",1409751,2024-02
Collaborative Holdings Management LP,1843115,2024-02
Collaborative Wealth Managment Inc.,1896419,2024-02
"Colonial River Wealth Management, LLC",1845859,2024-01
Colonial Trust Advisors,1567993,2024-02
Colonial Trust Co / SC,1954093,2024-02
"Colony Family Offices, LLC",1633573,2024-02
"Colony Group, LLC",1542153,2024-02
"Colorado Capital Management, Inc.",1664147,2024-01
Columbia Asset Management,1585047,2024-02
Columbia Trust Co 01012016,1802291,2024-01
"Columbus Hill Capital Management, L.P.",1384982,2024-02
"Columbus Macro, LLC",1727269,2024-01
Column Group LLC,1833486,2024-02
"Commonwealth Financial Services, LLC",1536755,2024-02
Commonwealth Retirement Investments LLC,1963787,2024-01
"Community Bank & Trust, Waco, Texas",1654847,2024-02
Community Bank of Raymore,1599923,2024-01
"Community Bank, N.A.",1632187,2024-02
Compagnie Lombard Odier SCmA,1615423,2024-01
Compass Advisory Group LLC,1720292,2024-01
"Compass Financial Group, INC/SD",1964835,2024-01
"Compass Financial Group, Inc.",1666910,2024-02
"Compass Ion Advisors, LLC",1621100,2024-01
"Compass Rose Asset Management, LP",1758811,2024-02
Compass Wealth Management LLC,1965653,2024-01
"Compound Global Advisors, LLC",1962450,2024-01
"Comprehensive Financial Consultants Institutional, Inc.",1915714,2024-01
Comprehensive Financial Management LLC,1799802,2024-02
"Comprehensive Wealth Management, LLC",1535202,2024-01
"Compton Financial Group, LLC",1844567,2024-01
"Compton Wealth Advisory Group, LLC",1761044,2024-01
"Concentric Capital Strategies, LP",1851869,2024-02
Concentrum Wealth Management,1765387,2024-02
Concord Wealth Partners,1814214,2024-02
"Concorde Asset Management, LLC",1631773,2024-02
Concorde Financial Corp,1911822,2024-02
"Condire Management, LP",1847739,2024-02
"Conestoga Capital Advisors, LLC",1163744,2024-01
"Confluence Wealth Services, Inc.",1910411,2024-01
Congress Park Capital LLC,1730945,2024-01
Congress Wealth Management LLC / DE /,1904976,2024-02
"Conifer Management, L.L.C.",1773994,2024-02
"Connecticut Wealth Management, LLC",1689829,2024-02
"Connective Portfolio Management, LLC",1905083,2024-01
"Connectus Wealth, LLC",1857493,2024-02
Connolly Sarah T.,1845262,2024-02
"Connor, Clark & Lunn Investment Management Ltd.",1596800,2024-02
Conrad N. Hilton Foundation,1729242,2024-02
"Conrad Siegel Investment Advisors, Inc.",1905875,2024-01
"Conservest Capital Advisors, Inc.",1705716,2024-02
"Consilium Wealth Advisory, LLC",1904906,2024-01
Consolidated Investment Group LLC,1556168,2024-01
Consolidated Planning Corp,1805250,2024-02
Consolidated Portfolio Review Corp,1972835,2024-01
Constant Guidance Financial LLC,1995383,2024-01
Constellation Investimentos e Participacoes Ltda,1893840,2024-02
Constitution Capital LLC,1845531,2024-01
Consulta Ltd,1510677,2024-02
"Context Capital Management, LLC",1301396,2024-02
"Continuum Advisory, LLC",1846532,2024-02
Contour Asset Management LLC,1510669,2024-02
Contrarius Investment Management Ltd,1483738,2024-02
"Convergence Investment Partners, LLC",1456133,2024-02
Conversant Capital LLC,1850901,2024-02
"Cook & Bynum Capital Management, LLC",1542280,2024-02
"Cook Street Consulting, Inc.",1916464,2024-02
"Cooksen Wealth, LLC",2016393,2024-03
"Coombe, Bender & Co LLC",1812902,2024-02
Cooper Financial Group,1751581,2024-01
"Copeland Capital Management, LLC",1541743,2024-01
Coppell Advisory Solutions LLC,1848433,2024-02
"Copperleaf Capital, LLC",1802225,2024-02
"Copperwynd Financial, LLC",1687832,2024-02
"Corbin Capital Partners, L.P.",1509874,2024-02
"Cordant, Inc.",1830942,2024-01
Cordatus Wealth Management LLC,1715862,2024-01
Core Alternative Capital,1776878,2024-02
"Core Wealth Advisors, Inc.",1770532,2024-02
"Core Wealth Management, Inc.",1965150,2024-02
Core Wealth Partners LLC,1965078,2024-02
"CoreCap Advisors, LLC",1902501,2024-01
"CoreCommodity Management, LLC",1301743,2024-02
CoreFirst Bank & Trust,1845199,2024-03
CoreView Capital Management Ltd,1842785,2024-02
Corient Private Wealth LLC,1948780,2024-02
"Cormorant Asset Management, LP",1583977,2024-02
"Cornell Pochily Investment Advisors, Inc.",1736260,2024-01
"Cornerstone Advisors, LLC",1775446,2024-02
"Cornerstone Advisory, LLC",1668189,2024-02
"Cornerstone Capital, Inc.",819535,2024-02
"Cornerstone Investment Partners, LLC",1328062,2024-01
"Cornerstone Management, Inc.",1587867,2024-01
Cornerstone Planning Group LLC,1822587,2024-02
"Cornerstone Wealth Advisors, Inc.",1862176,2024-01
"Cornerstone Wealth Group, LLC",1774879,2024-01
"Cornerstone Wealth Management, LLC",1674117,2024-01
Coronation Fund Managers Ltd.,1594320,2024-02
"Corre Partners Management, LLC",1537323,2024-02
"Corriente Advisors, LLC",1406718,2024-02
"Corrigan Financial, Inc.",1990951,2024-01
Corton Capital Inc.,1910417,2024-02
"Corundum Group, Inc.",1486083,2024-01
Corvex Management LP,1535472,2024-02
"Cosner Financial Group, LLC",1674627,2024-02
"Costello Asset Management, INC",1760145,2024-01
"Coston, McIsaac & Partners",1945037,2024-01
"Cota Capital Management, LLC",1801577,2024-02
Cottage Street Advisors LLC,1665302,2024-01
"Coulter & Justus Financial Services, LLC",1841767,2024-02
"Council Ring Capital, LLC",1984078,2024-02
Counterpoint Mutual Funds LLC,1698461,2024-02
"Counterweight Ventures, LLC",2012467,2024-02
"Courage Miller Partners, LLC",1482106,2024-01
Courant Investment Management LLC,1695426,2024-01
"Court Place Advisors, LLC",1566113,2024-01
Covalent Partners LLC,1531611,2024-02
Covalis (Gibraltar) Ltd,1876826,2024-02
Covalis Capital LLP,1698819,2024-02
"Cove Private Wealth, LLC",2015131,2024-03
"Cove Street Capital, LLC",1531612,2024-02
Covea Finance,1636948,2024-01
"Covenant Asset Management, LLC",1697717,2024-01
"Covenant Partners, LLC",1302739,2024-02
Covestor Ltd,1909846,2024-02
"Covey Capital Advisors, LLC",1568891,2024-02
Covington Investment Advisors Inc.,1569036,2024-02
Cox Capital Mgt LLC,1748728,2024-01
Coyle Financial Counsel LLC,1593038,2024-02
"Crabel Capital Management, LLC",1536557,2024-02
Crake Asset Management LLP,1789082,2024-02
"Cranbrook Wealth Management, LLC",1599084,2024-01
"Crane Advisory, LLC",1951283,2024-01
"Cravens & Co Advisors, LLC",1966116,2024-02
"Crawford Fund Management, LLC",1816427,2024-02
Creative Capital Management Investments LLC,1957363,2024-02
Creative Planning,1540235,2024-02
"CreativeOne Wealth, LLC",1739728,2024-02
Credit Capital Investments LLC,1631208,2024-02
"Creegan & Nassoura Financial Group, LLC",1631054,2024-02
Creekmur Asset Management LLC,2013091,2024-03
"Crescent Grove Advisors, LLC",1713520,2024-01
"Crescent Park Management, L.P.",1629984,2024-02
"Crescent Sterling, Ltd.",1962005,2024-01
"Cresset Asset Management, LLC",1761013,2024-02
"Cresta Advisors, Ltd.",1947670,2024-01
"Crestline Management, LP",1536054,2024-02
Crestmont Private Wealth LLC,1873372,2024-01
Crestone Asset Management LLC,1845617,2024-02
"Crestview Partners II GP, L.P.",1505639,2024-02
"Crestview Partners III GP, L.P.",1703027,2024-02
"Crestview Partners IV GP, L.P.",1818687,2024-02
Crestwood Advisors Group LLC,1426853,2024-01
"Crestwood Capital Management, L.P.",1468395,2024-02
"Crew Capital Management, Ltd.",1835669,2024-02
Crewe Advisors LLC,1730033,2024-02
Crocodile Capital Partners GmbH,1956498,2024-01
Cross Staff Investments Inc,1900406,2024-02
"Crossmark Global Holdings, Inc.",1539204,2024-02
Crow's Nest Holdings LP,1898772,2024-02
"Crown Oak Advisors, LLC",2009273,2024-01
"Crown Wealth Group, LLC",1845698,2024-01
"Cruiser Capital Advisors, LLC",1713506,2024-02
Crumly & Associates Inc.,1759578,2024-01
Cryder Capital Partners LLP,1633969,2024-02
Crystal Rock Capital Management,1510668,2024-02
Crystalline Management Inc.,1891834,2024-02
Csenge Advisory Group,1715593,2024-02
"Cubic Asset Management, LLC",1424322,2024-01
"Cubist Systematic Strategies, LLC",1603465,2024-02
"Cullen Capital Management, LLC",1362535,2024-02
Cumberland Partners Ltd,1578985,2024-02
"Cunning Capital Partners, LP",1571075,2024-02
Curated Wealth Partners LLC,1781284,2024-01
Curative Ventures V LLC,1754072,2024-02
Curbstone Financial Management Corp,1608057,2024-01
"Curi Wealth Management, LLC",1851184,2024-02
"Curran Financial Partners, LLC",1843867,2024-01
"Curtis Advisory Group, LLC",1664656,2024-01
"Custos Family Office, LLC",1904423,2024-01
"Cutler Capital Management, LLC",1353098,2024-02
Cutler Group LLC / CA,1534270,2024-01
"Cutter & CO Brokerage, Inc.",1406995,2024-02
"Cutter Capital Management, LP",1983313,2024-02
"Cyndeo Wealth Partners, LLC",1950947,2024-01
"Cynosure Group, LLC",1763409,2024-02
Cypress Capital Group,1341748,2024-01
Cypress Capital Management LLC (WY),1633896,2024-02
"Cypress Capital, LLC",1729939,2024-02
"Cypress Point Wealth Management, LLC",1825611,2024-01
"Cypress Wealth Services, LLC",1721527,2024-01
Czech National Bank,1908923,2024-01
D L CARLSON INVESTMENT GROUP INC,1021117,2024-02
"D'Orazio & Associates, Inc.",1646821,2024-02
"D. E. Shaw & Co., Inc.",1009207,2024-02
"D. SCOTT NEAL, INC.",1596920,2024-01
D.A. DAVIDSON & CO.,1080107,2024-02
"D.B. Root & Company, LLC",1731717,2024-01
D1 Capital Partners L.P.,1747057,2024-02
DAFNA Capital Management LLC,1389933,2024-02
"DAG Ventures, LLC",1624576,2024-02
"DAGCO, INC.",1767343,2024-02
DAIDO LIFE INSURANCE CO,1173460,2024-02
DAILY JOURNAL CORP,783412,2024-01
DAN L DUNCAN FOUNDATION,1801470,2024-02
DARK FOREST CAPITAL MANAGEMENT LP,1853322,2024-02
"DARLINGTON PARTNERS CAPITAL MANAGEMENT, LP",1854440,2024-02
DAVENPORT & Co LLC,887777,2024-01
DAVIDSON INVESTMENT ADVISORS,1140771,2024-02
DAVIDSON KEMPNER CAPITAL MANAGEMENT LP,1595082,2024-02
DAVIDSON TRUST CO,1133119,2024-01
DAVIS R M INC,891287,2024-02
DAVIS SELECTED ADVISERS,1036325,2024-02
DAVIS-REA LTD.,1482171,2024-01
"DAYMARK WEALTH PARTNERS, LLC",1956824,2024-01
"DB Fitzpatrick & Co, Inc",1885767,2024-01
"DB Wealth Management Group, LLC",1843991,2024-01
"DBK Financial Counsel, LLC",1904822,2024-01
"DC Funds, LP",1869028,2024-02
"DC Investments Management, LLC",1565951,2024-02
"DCF Advisers, LLC",1802493,2024-02
"DCM Advisors, LLC",1839498,2024-02
"DCVC Opportunity Fund II GP, LLC",1668343,2024-02
"DDD Partners, LLC",1729673,2024-01
"DDFG, Inc",1967640,2024-02
DE BURLO GROUP INC,1134288,2024-02
"DEAN INVESTMENT ASSOCIATES, LLC",846797,2024-02
DEARBORN PARTNERS LLC,1206792,2024-01
DECADE RENEWABLE PARTNERS LP,1915836,2024-02
"DEEPWATER ASSET MANAGEMENT, LLC",1964171,2024-01
DEERE & CO,315189,2024-01
"DEERFIELD MANAGEMENT COMPANY, L.P. (SERIES C)",1009258,2024-02
"DEFINED WEALTH MANAGEMENT, LLC",1849518,2024-01
"DELPHI FINANCIAL GROUP, INC.",859139,2024-01
DELPHI MANAGEMENT INC /MA/,767684,2024-01
"DELTA AIR LINES, INC.",27904,2024-02
DELTA ASSET MANAGEMENT LLC/TN,860857,2024-02
DELTA CAPITAL MANAGEMENT LLC,893738,2024-01
DELTA FINANCIAL ADVISORS LLC,1790295,2024-01
DELTEC ASSET MANAGEMENT LLC,1269950,2024-01
DENALI ADVISORS LLC,1142941,2024-01
DENDUR CAPITAL LP,1782124,2024-02
"DENVER WEALTH MANAGEMENT, INC.",1909800,2024-01
DEPRINCE RACE & ZOLLO INC,1008894,2024-02
DEROY & DEVEREAUX PRIVATE INVESTMENT COUNSEL INC,1278678,2024-01
DEUTSCHE BANK AG\,948046,2024-02
DF DENT & CO INC,934999,2024-02
"DFPG INVESTMENTS, LLC",1504665,2024-01
"DG Capital Management, LLC",1512716,2024-02
"DGS Capital Management, LLC",1900110,2024-01
"DHJJ Financial Advisors, Ltd.",1844716,2024-01
"DHK Financial Advisors, Inc.",1922962,2024-01
"DIAMANT ASSET MANAGEMENT, INC.",1731124,2024-02
DIAMOND HILL CAPITAL MANAGEMENT INC,1217541,2024-02
"DIFESA CAPITAL MANAGEMENT, LP",1879240,2024-02
DIKER MANAGEMENT LLC,1276525,2024-02
DILLON & ASSOCIATES INC,1054425,2024-02
DIMENSION CAPITAL MANAGEMENT LLC,1041773,2024-02
DIMENSIONAL FUND ADVISORS LP,354204,2024-02
DISCIPLINED GROWTH INVESTORS INC /MN,1050442,2024-02
"DISCOVERY CAPITAL MANAGEMENT, LLC / CT",1389507,2024-02
"DIVIDEND ASSETS CAPITAL, LLC",1365167,2024-02
"DIXON FNANCIAL SERVICES, INC.",1909993,2024-01
"DLD Asset Management, LP",1578299,2024-02
"DMC Group, LLC",1893403,2024-01
DOCK STREET ASSET MANAGEMENT INC,1172779,2024-01
DODGE & COX,200217,2024-02
DOHENY ASSET MANAGEMENT /CA,936936,2024-02
"DOHJ, LLC",1801881,2024-02
"DOLIVER ADVISORS, LP",938077,2024-01
"DONALD SMITH & CO., INC.",814375,2024-02
"DONALDSON CAPITAL MANAGEMENT, LLC",1487438,2024-01
"DOPKINS WEALTH MANAGEMENT, LLC",1904152,2024-01
DORCHESTER WEALTH MANAGEMENT Co,1649888,2024-01
DORVAL Corp,1999144,2024-02
"DOVER ADVISORS, LLC",1964541,2024-02
DOW CHEMICAL CO /DE/,29915,2024-02
DRAVO BAY LLC,1910389,2024-02
"DRH Investments, Inc.",1630709,2024-02
DRIEHAUS CAPITAL MANAGEMENT LLC,938206,2024-02
"DRIVE WEALTH MANAGEMENT, LLC",1952781,2024-01
DROMS STRAUSS ADVISORS INC /MO/ /ADV,1053292,2024-01
"DRW Securities, LLC",1481986,2024-02
"DSC Advisors, L.P.",1299434,2024-02
DSC Meridian Capital LP,1970572,2024-02
DSM CAPITAL PARTNERS LLC,1214639,2024-02
"DT Investment Partners, LLC",1537621,2024-01
"DUALITY ADVISERS, LP",1741024,2024-02
"DUDLEY & SHANLEY, INC.",883511,2024-01
"DUDLEY CAPITAL MANAGEMENT, LLC",1965760,2024-02
DUFF & PHELPS INVESTMENT MANAGEMENT CO,765443,2024-02
"DUMAC, INC.",1584258,2024-02
DUMONT & BLAKE INVESTMENT ADVISORS LLC,1287618,2024-01
DUNCKER STREETT & CO INC,1020585,2024-01
DUPONT CAPITAL MANAGEMENT CORP,1128251,2024-01
"DURANTE & WATERS, LLC",1666582,2024-01
DYMON ASIA CAPITAL (SINGAPORE) PTE. LTD.,1672142,2024-02
DYNAMO INTERNACIONAL GESTAO DE RECURSOS LTDA.,1546790,2024-02
"DZ BANK AG Deutsche Zentral Genossenschafts Bank, Frankfurt",1694217,2024-02
"Dai-ichi Life Insurance Company, Ltd",1697728,2024-02
Daiwa Securities Group Inc.,1481045,2024-01
Dakota Community Bank & Trust NA,1950556,2024-01
Dakota Wealth Management,1631353,2024-01
"Dalal Street, LLC",1549575,2024-02
Dalton Investments LLC,1388838,2024-02
"Dana Investment Advisors, Inc.",1427514,2024-02
Dantai Capital Ltd,1806570,2024-01
Darden Wealth Group Inc,2011221,2024-02
"Darrow Company, Inc.",1908169,2024-02
Darsana Capital Partners LP,1609098,2024-02
"Darwin Global Management, Ltd.",1839209,2024-02
"Darwin Wealth Management, LLC",1663224,2024-02
Dash Acquisitions Inc.,1745885,2024-01
"Data Collective IV GP, LLC",1664974,2024-02
"Daventry Group, LP",1823718,2024-02
David J Yvars Group,1836266,2024-01
David Kennon Inc,1954126,2024-01
Davide Leone & Partners Investment Co Ltd.,1767846,2024-02
Davidson Capital Management Inc.,1808748,2024-02
"Davis Asset Management, L.P.",1945894,2024-02
Davis Capital Management,1811806,2024-02
"Davis Investment Partners, LLC",1963865,2024-01
"Day & Ennis, LLC",1535677,2024-01
"DeDora Capital, Inc.",1717658,2024-01
Dean Capital Management,1455468,2024-02
"Dean, Jacobson Financial Services, LLC",1869456,2024-02
"Deane Retirement Strategies, Inc.",1659346,2024-01
"Decatur Capital Management, Inc.",1505961,2024-02
Deccan Value Investors L.P.,1511702,2024-02
Decheng Capital LLC,2010850,2024-02
"Dechtman Wealth Management, LLC",1992316,2024-01
"DecisionPoint Financial, LLC",1938514,2024-01
"Deep Track Capital, LP",1856083,2024-02
DeepCurrents Investment Group LLC,1754535,2024-02
Deer Management Co. LLC,1494127,2024-02
Deer Park Road Corp,1702490,2024-02
"Defender Capital, LLC.",1766929,2024-01
Degroof Petercam Asset Management,1998532,2024-02
DekaBank Deutsche Girozentrale,1456228,2024-01
"Del-Sette Capital Management, LLC",1610580,2024-02
Delaney Dennis R,1661536,2024-02
"Delap Wealth Advisory, LLC",1927705,2024-02
"Delos Wealth Advisors, LLC",1878326,2024-02
Delphia (USA) Inc.,1901146,2024-02
"Delta Accumulation, LLC",1808389,2024-02
"Delta Financial Group, Inc.",1965718,2024-01
Delta Global Management LP,1992724,2024-02
"Delta Investment Management, LLC",1757043,2024-02
"Demars Financial Group, LLC",1723115,2024-02
Dempze Nancy E,1592614,2024-02
Dentgroup LLC,1867570,2024-01
Derbend Asset Management,1874068,2024-01
Deseret Mutual Benefit Administrators,1789351,2024-02
Desjardins Global Asset Management Inc.,1563660,2024-01
Destination Wealth Management,1278573,2024-02
Destiny Capital Corp/CO,1965275,2024-02
"Destiny Wealth Partners, LLC",1844369,2024-01
"Detalus Advisors, LLC",1799677,2024-01
"Deuterium Capital Management, LLC",1860487,2024-02
"DiNuzzo Private Wealth, Inc.",1994563,2024-02
Diameter Capital Partners LP,1727012,2024-02
"Diametric Capital, LP",1719087,2024-02
Diana Davis Spencer Foundation,1633391,2024-02
"DigitalBridge Group, Inc.",1679688,2024-02
"Diligent Investors, LLC",1549042,2024-01
Discerene Group LP,1632958,2024-02
Disciplina Capital Management LLC,1993404,2024-02
"Discipline Wealth Solutions, LLC",2010507,2024-02
"Disciplined Equity Management, Inc.",1909380,2024-02
"Disciplined Investments, LLC",1812492,2024-01
Discovery Value Fund,1750451,2024-02
Distillate Capital Partners LLC,1741001,2024-02
"Divco West Real Estate Services, LLC",1561877,2024-02
"Divergent Planning, LLC",1730787,2024-01
Divergent Wealth Advisors,1731275,2024-02
"Diversified Investment Strategies, LLC",1427196,2024-01
"Diversified Portfolios, Inc.",1634212,2024-01
Diversified Trust Co,1479844,2024-01
"Diversified, LLC",1841991,2024-02
"Divisadero Street Capital Management, LP",1901865,2024-02
Divisar Capital Management LLC,1645721,2024-02
Dixon Mitchell Investment Counsel Inc.,1993485,2024-01
DnB Asset Management AS,1456670,2024-01
"Dodds Wealth, LLC",1973728,2024-02
Doma Perpetual Capital Management LLC,1962221,2024-02
"Dominguez Wealth Management Solutions, Inc.",1881335,2024-01
"Donald L. Hagan, LLC",1638049,2024-01
Donoghue Forlines LLC,1702435,2024-02
"Dorsal Capital Management, LP",1547007,2024-02
Dorsey & Whitney Trust CO LLC,1384042,2024-02
"Dorsey Asset Management, LLC",1671657,2024-02
Dorsey Wright & Associates,1376772,2024-02
DoubleLine ETF Adviser LP,1959989,2024-02
Dougherty Wealth Advisers LLC,1755933,2024-01
"Douglas Lane & Associates, LLC",1672594,2024-01
"Douglass Winthrop Advisors, LLC",1308527,2024-02
"Dragoneer Investment Group, LLC",1602189,2024-02
"Drake & Associates, LLC",1935795,2024-01
"Draper Asset Management, LLC",1847921,2024-02
Drexel Morgan & Co.,1508512,2024-02
"Dryden Capital, LLC",1756488,2024-02
Dundas Partners LLP,1742418,2024-02
"Dunhill Financial, LLC",1948904,2024-02
"Dupree Financial Group, LLC",1989251,2024-01
Duquesne Family Office LLC,1536411,2024-02
Durable Capital Partners LP,1798849,2024-02
Dynamic Advisor Solutions LLC,1599747,2024-01
Dynamic Technology Lab Private Ltd,1535387,2024-02
"Dynamic Wealth Strategies, LLC",1812853,2024-02
Dynamo Administracao de Recursos Ltda.,1707096,2024-02
"E Fund Management (Hong Kong) Co., Ltd.",1777469,2024-01
"E Fund Management Co., Ltd.",1842296,2024-02
"E&G Advisors, LP",1598550,2024-01
E-L Financial Corp Ltd,1697865,2024-02
E. Ohman J:or Asset Management AB,2009396,2024-02
EADS & HEALD WEALTH MANAGEMENT,1035912,2024-01
EAGLE ASSET MANAGEMENT INC,790502,2024-02
EAGLE CAPITAL MANAGEMENT LLC,945631,2024-02
EAGLE GLOBAL ADVISORS LLC,1130787,2024-02
"EAGLE ROCK INVESTMENT COMPANY, LLC",1911407,2024-01
EAGLE WEALTH STRATEGIES LLC,2009882,2024-02
EAM Global Investors LLC,1741619,2024-02
"EAM Investors, LLC",1510989,2024-02
EARNEST PARTNERS LLC,1102578,2024-02
EASTERLY INVESTMENT PARTNERS LLC,1766150,2024-02
EASTERN BANK,1126395,2024-01
ECLECTIC ASSOCIATES INC /ADV,743482,2024-01
"ECLIPSE VENTURES, LLC",1908066,2024-02
"ECP ControlCo, LLC",1707921,2024-02
EDBI Pte Ltd,1913506,2024-02
EDENTREE ASSET MANAGEMENT Ltd,1980273,2024-02
EDGAR LOMAX CO/VA,1013538,2024-02
EDGEWOOD MANAGEMENT LLC,860561,2024-02
EDMOND DE ROTHSCHILD HOLDING S.A.,1649647,2024-02
"EDMP, INC.",1016021,2024-01
EFG Asset Management (Americas) Corp.,1598340,2024-02
EFG Asset Management (North America) Corp.,1911412,2024-02
EHP Funds Inc.,1927881,2024-02
EHRLICH FINANCIAL GROUP,2010632,2024-02
EIGHT 31 FINANCIAL LLC,2011328,2024-02
EJF Capital LLC,1353254,2024-02
"ELCO Management Co., LLC",1690717,2024-02
ELEMENT CAPITAL MANAGEMENT LLC,1535630,2024-02
"ELEMENT POINTE ADVISORS, LLC",1764059,2024-02
"ELEVATE WEALTH ADVISORY, INC",2011651,2024-02
ELEVATUS WELATH MANAGEMENT,1982776,2024-02
ELKHORN PARTNERS LIMITED PARTNERSHIP,928400,2024-02
ELLERSON GROUP INC /ADV,935570,2024-02
EMC Capital Management,1847772,2024-01
"EMERALD ADVISERS, LLC",1015083,2024-02
EMERALD MUTUAL FUND ADVISERS TRUST,1352895,2024-02
"EMERGENCE GP PARTNERS, LLC",1589115,2024-02
"EMFO, LLC",1859434,2024-01
"EMG Holdings, L.P.",1478394,2024-02
"EMINENCE CAPITAL, LP",1107310,2024-02
EMORY UNIVERSITY,1377635,2024-02
"ENCOMPASS WEALTH ADVISORS, LLC",1849614,2024-02
ENDEAVOUR CAPITAL ADVISORS INC,1218749,2024-02
ENGINE NO. 1 LLC,1835549,2024-02
ENGLISH CAPITAL MANAGEMENT LLC,2010442,2024-02
ENTERPRISE FINANCIAL SERVICES CORP,1025835,2024-02
ENTRUST GLOBAL PARTNERS L L C,1080818,2024-02
ENVESTNET ASSET MANAGEMENT INC,1407543,2024-02
ENZI WEALTH,1887441,2024-02
"EP Wealth Advisors, LLC",1540569,2024-02
"EPACRIA CAPITAL PARTNERS, LLC",1927623,2024-02
EPG Wealth Management LLC,1803058,2024-02
"EPIQ Capital Group, LLC",1779453,2024-02
"EPIQ PARTNERS, LLC",1799435,2024-01
EQ LLC,1757605,2024-02
EQUITABLE TRUST CO,33250,2024-01
"EQUITEC PROPRIETARY MARKETS, LLC",1143261,2024-01
EQUITY INVESTMENT CORP,1685771,2024-02
"ERTS Wealth Advisors, LLC",1767602,2024-01
"ERn Financial, LLC",1768302,2024-01
ESG Planning,1931465,2024-01
"ESL Trust Services, LLC",1785545,2024-02
ESSEX INVESTMENT MANAGEMENT CO LLC,201772,2024-02
"ETF Portfolio Partners, Inc.",1635342,2024-01
"ETF Store, Inc.",1911470,2024-02
"ETFIDEA, LLC",1957148,2024-01
EUBEL BRADY & SUTTMAN ASSET MANAGEMENT INC,1080382,2024-02
EUDAIMONIA ADVISORS LLC,1905084,2024-02
EULAV Asset Management,1540826,2024-02
"EVENTIDE ASSET MANAGEMENT, LLC",1442891,2024-02
EVERENCE CAPITAL MANAGEMENT INC,1056825,2024-01
EVERETT HARRIS & CO /CA/,1009254,2024-01
EVERGREEN CAPITAL MANAGEMENT LLC,1260824,2024-02
EVERMAY WEALTH MANAGEMENT LLC,1066816,2024-02
EVERPAR ADVISORS LLC,2010410,2024-02
EVEXIA WEALTH LLC,1975710,2024-02
"EVOKE WEALTH, LLC",1793432,2024-02
EVR Research LP,1843019,2024-02
"EWA, LLC",1835252,2024-02
EWG Elevate Inc.,1765278,2024-01
EXCALIBUR MANAGEMENT CORP,1009003,2024-02
"EXCHANGE TRADED CONCEPTS, LLC",1457320,2024-01
EXECUTIVE WEALTH GROUP LLC,2014165,2024-03
"EXENCIAL WEALTH ADVISORS, LLC",1576151,2024-02
Eagle Bay Advisors LLC,1862864,2024-02
Eagle Bluffs Wealth Management LLC,1906547,2024-01
"Eagle Capital Management, LLC",1600746,2024-01
Eagle Health Investments LP,1842545,2024-02
Eagle Ridge Investment Management,1445891,2024-02
Eagle Strategies LLC,1907666,2024-01
"EagleClaw Capital Managment, LLC",1607636,2024-02
"East Coast Asset Management, LLC.",1579254,2024-02
Eastover Investment Advisors LLC,1472800,2024-01
"Eaton Financial Holdings Company, LLC",1972322,2024-02
Eaton-Cambridge Inc.,2011052,2024-02
Ebor Charitable Trust,1802837,2024-02
Echo Street Capital Management LLC,1352342,2024-02
"Echo Wealth Management, LLC",1846994,2024-01
Echo45 Advisors LLC,1908617,2024-01
"EcoR1 Capital, LLC",1587114,2024-02
Econ Financial Services Corp,1659718,2024-02
"Edenbrook Capital, LLC",1666682,2024-02
"Edge Capital Group, LLC",1767220,2024-02
Edge Wealth Management LLC,1567163,2024-01
EdgePoint Investment Group Inc.,1481669,2024-02
EdgeRock Capital LLC,1908378,2024-02
"Edgehill Endowment Partners, LLC",1676623,2024-02
"Edgemoor Investment Advisors, Inc.",1313792,2024-02
"Edgestream Partners, L.P.",1535061,2024-02
"Edmonds Duncan Registered Investment Advisors, LLC",1668155,2024-01
"Efficient Advisors, LLC",1542164,2024-02
Efficient Frontier Advisors LLC,2011188,2024-02
Egerton Capital (UK) LLP,1581811,2024-02
Eisler Capital (UK) Ltd.,1849486,2024-02
Eisler Capital (US) LLC,1928502,2024-02
"EisnerAmper Wealth Management Corporate Benefits, LLC",1624809,2024-01
"El Puerto de Liverpool, S.A.B. de C.V.",1946901,2024-02
"Eldred Rock Partners, LLC",1984180,2024-01
"Eldridge Investment Advisors, Inc.",1727993,2024-02
"Electron Capital Partners, LLC",1586986,2024-02
"Element Wealth, LLC",1802743,2024-02
"Elequin Capital, LP",1810873,2024-02
"Elevated Capital Advisors, LLC",1802387,2024-01
"Eley Financial Management, Inc",1965267,2024-02
Elgethun Capital Management,1638022,2024-02
"Eliot Finkel Investment Counsel, LLC",1641643,2024-01
Elite Life Management LLC,2010262,2024-02
"Elite Wealth Management, Inc.",1622757,2024-01
"Elizabeth Park Capital Advisors, Ltd.",1600583,2024-02
"Elk River Wealth Management, LLC",1844107,2024-01
Ellenbecker Investment Group,1731497,2024-02
"Ellevest, Inc.",1644128,2024-02
Elliott Investment Management L.P.,1791786,2024-02
"Ellis Investment Partners, LLC",1765590,2024-01
"Ellsworth Advisors, LLC",1843553,2024-01
Elm Partners Management LLC,1743941,2024-01
"Elm Ridge Management, LLC",1483276,2024-02
"Elmwood Wealth Management, Inc.",1731927,2024-01
Elo Mutual Pension Insurance Co,1739877,2024-02
"Elwood & Goetz Wealth Advisory Group, LLC",1752758,2024-01
"Emerald Advisors, LLC",1802611,2024-01
"Empire Financial Management Company, LLC",1971875,2024-02
Empire Life Investments Inc.,1640951,2024-02
"Empirical Asset Management, LLC",1926596,2024-01
"Empirical Capital Management, LLC",1642274,2024-02
"Empirical Finance, LLC",1572838,2024-02
"Empirical Financial Services, LLC d.b.a. Empirical Wealth Ma",1510434,2024-02
Employees Retirement System of Texas,1398739,2024-02
Employees' Retirement Fund of the City of Fort Worth,1986812,2024-02
"Empower Advisory Group, LLC",1978885,2024-02
"Empowered Funds, LLC",1592828,2024-02
"Empyrean Capital Partners, LP",1317195,2024-02
"EnCap Energy Capital Fund IX, L.P.",1565683,2024-02
"EnCap Energy Capital Fund VIII, L.P.",1504103,2024-02
"EnCap Energy Capital Fund X, L.P.",1636722,2024-02
"EnCap Energy Capital Fund XI, L.P.",1693946,2024-02
"EnCap Flatrock Midstream Fund III, L.P.",1605747,2024-02
"EnCap Flatrock Midstream Fund IV, L.P.",1723598,2024-02
EnRich Financial Partners LLC,1955091,2024-02
Encompass Capital Advisors LLC,1541901,2024-02
Encompass More Asset Management,2011218,2024-02
"Endowment Wealth Management, Inc.",1904477,2024-02
Endurance Services Ltd,2011025,2024-02
Endurant Capital Management LP,1633055,2024-02
"EnerVest, Ltd.",1375345,2024-02
"Energy Income Partners, LLC",1388814,2024-02
Engaged Capital LLC,1559771,2024-02
"Engine Capital Management, LP",1665590,2024-02
Engineers Gate Manager LP,1620220,2024-02
"Engle Capital Management, L.P.",1684868,2024-02
Engrave Wealth Partners LLC,1806222,2024-01
"Ensemble Capital Management, LLC",1387366,2024-02
"Ensign Peak Advisors, Inc",1454984,2024-02
Enstar Group LTD,1363829,2024-02
Enterprise Bank & Trust Co,1770710,2024-01
"Entropy Technologies, LP",1976151,2024-02
"EntryPoint Capital, LLC",1992519,2024-02
"Envestnet Portfolio Solutions, Inc.",1998033,2024-02
"Envision Financial Planning, LLC",1964460,2024-01
"Eos Focused Equity Management, L.P.",1580572,2024-02
"Eos Management, L.P.",1548882,2024-02
"Epic Trust Investment Advisors, LLC",1875953,2024-02
"Epoch Investment Partners, Inc.",1305841,2024-02
Equinox Partners Investment Management LLC,938552,2024-01
"Equita Financial Network, Inc.",1994461,2024-02
"Equitable Holdings, Inc.",1333986,2024-02
"Ergawealth Advisors, Inc.",1973209,2024-01
"Erickson Financial Group, LLC",1797734,2024-01
"Ervin Investment Management, LLC",1907802,2024-01
Eschler Asset Management LLP,1910874,2024-02
"Essential Planning, LLC.",1949824,2024-02
"Essex Financial Services, Inc.",1315785,2024-02
Essex LLC,1889147,2024-01
"Essex Private Wealth Management, LLC",1803087,2024-01
Essex Savings Bank,1752212,2024-01
"Essex Woodlands Management, Inc.",1542339,2024-02
Estabrook Capital Management,1344717,2024-02
"Estate Counselors, LLC",1559832,2024-01
Estuary Capital Management LP,1965005,2024-02
"Etesian Wealth Advisors, Inc.",1997586,2024-01
Ethic Inc.,1780570,2024-02
"Ethos Financial Group, LLC",1954242,2024-02
Euclidean Capital LLC,1825034,2024-02
"Eudaimonia Partners, LLC",1809043,2024-02
Eukles Asset Management,1632553,2024-01
"Euro Pacific Asset Management, LLC",1796651,2024-01
"Evanson Asset Management, LLC",1626379,2024-01
Evensky & Katz LLC,1357867,2024-02
"EverSource Wealth Advisors, LLC",1710537,2024-02
"Evercore Wealth Management, LLC",1482689,2024-02
"Evergreen Advisors, LLC",1762294,2024-02
Evergreen Private Wealth LLC,2010098,2024-02
Evergreen Venture Partners Ltd.,1910942,2024-02
"Evergreen Wealth Management, LLC",1965292,2024-02
"Evergreen Wealth Solutions, LLC",1904432,2024-02
"Everhart Financial Group, Inc.",1852858,2024-01
"Evernest Financial Advisors, LLC",2009530,2024-02
"Eversept Partners, LP",1697013,2024-02
"Evolution Advisers, Inc.",1906967,2024-02
"Evolution Wealth Advisors, LLC",1763121,2024-01
"Evolutionary Tree Capital Management, LLC",1844345,2024-02
Ewing Morris & Co. Investment Partners Ltd.,1846838,2024-02
Exane Asset Management,1666256,2024-01
Exchange Bank,2001155,2024-01
"Exchange Capital Management, Inc.",1317733,2024-02
"Executive Wealth Management, LLC",1542611,2024-01
"Exeter Financial, LLC",1752045,2024-01
"ExodusPoint Capital Management, LP",1736225,2024-02
Exome Asset Management LLC,2011932,2024-02
Exor N.V.,1589122,2024-02
Exos TFP Holdings LLC,1877521,2024-02
"F&V Capital Management, LLC",1569453,2024-01
F/M Investments LLC,1834499,2024-02
"FACT Capital, LP",1964400,2024-02
FACTORIAL MANAGEMENT Ltd,1697137,2024-01
FACTORY MUTUAL INSURANCE CO,887818,2024-01
"FAGAN ASSOCIATES, INC.",1607866,2024-02
FAIRFAX FINANCIAL HOLDINGS LTD/ CAN,915191,2024-02
"FAIRFIELD, BUSH & CO.",1116247,2024-02
FAIRHOLME CAPITAL MANAGEMENT LLC,1056831,2024-02
"FAIRVIEW CAPITAL INVESTMENT MANAGEMENT, LLC",1056549,2024-02
"FAMILY WEALTH PARTNERS, LLC",2016217,2024-03
FARALLON CAPITAL MANAGEMENT LLC,909661,2024-02
FARLEY CAPITAL L.P.,1479465,2024-02
FARMERS & MERCHANTS INVESTMENTS INC,1259969,2024-01
FARMERS TRUST CO,1318055,2024-01
"FAS Wealth Partners, Inc.",1596957,2024-01
FAYEZ SAROFIM & CO,937729,2024-02
FC Advisory LLC,1683754,2024-01
FCA CORP /TX,1166402,2024-02
FCF Advisors LLC,1604903,2024-01
FCG Investment Co,2011697,2024-02
FCPM III SERVICES B.V.,2013410,2024-03
"FDx Advisors, Inc.",1566601,2024-02
"FEDERATED HERMES, INC.",1056288,2024-01
FENIMORE ASSET MANAGEMENT INC,884566,2024-01
"FERGUSON WELLMAN CAPITAL MANAGEMENT, INC",869353,2024-01
FERNBRIDGE CAPITAL MANAGEMENT LP,1827734,2024-02
"FF Advisors,LLC",2011904,2024-02
FFG RETIREMENT ADVISORS LLC,1966438,2024-01
FFT WEALTH MANAGEMENT LLC,1653199,2024-02
"FIDELIS iM, LLC",1894206,2024-01
FIDELITY D & D BANCORP INC,1098151,2024-01
FIDUCIARY COUNSELLING INC,1270764,2024-02
FIDUCIARY MANAGEMENT INC /WI/,764532,2024-02
FIDUCIARY TRUST CO,35442,2024-02
FIDUCIENT ADVISORS LLC,1729866,2024-02
"FIFTH LANE CAPITAL, LP",1858558,2024-02
FIFTH THIRD BANCORP,35527,2024-01
"FIFTH THIRD SECURITIES, INC.",73956,2024-02
FIFTHDELTA Ltd,1872766,2024-02
FIL Ltd,318989,2024-02
"FINANCIAL ADVISORY PARTNERS, LLC",1994252,2024-01
"FINANCIAL CONSULATE, INC",1624510,2024-02
FINANCIAL COUNSELORS INC,949623,2024-01
FINANCIAL LIFE ADVISORS,1730813,2024-03
FINANCIAL MANAGEMENT NETWORK INC,1844831,2024-01
FINDELL CAPITAL MANAGEMENT LLC,1814465,2024-02
FIR TREE CAPITAL MANAGEMENT LP,1056491,2024-02
"FIRETHORN WEALTH PARTNERS, LLC",1845743,2024-01
FIRETRAIL INVESTMENTS PTY LTD,1943822,2024-02
"FIRST AMERICAN TRUST, FSB",36066,2024-01
"FIRST BUSINESS FINANCIAL SERVICES, INC.",1521951,2024-02
FIRST CITIZENS BANK & TRUST CO,1092203,2024-01
FIRST COMMONWEALTH FINANCIAL CORP /PA/,712537,2024-02
FIRST COMMUNITY TRUST NA,1130344,2024-01
FIRST FINANCIAL BANKSHARES INC,36029,2024-02
FIRST FINANCIAL CORP /IN/,714562,2024-01
FIRST FOUNDATION ADVISORS,1086763,2024-02
FIRST HAWAIIAN BANK,764106,2024-01
FIRST INTERSTATE BANK,1125727,2024-01
FIRST MANHATTAN CO. LLC.,728083,2024-02
FIRST MERCHANTS CORP,712534,2024-01
FIRST NATIONAL BANK & TRUST CO OF NEWTOWN,1339908,2024-01
FIRST NATIONAL BANK OF OMAHA,36644,2024-02
FIRST NATIONAL BANK SIOUX FALLS,1085041,2024-02
FIRST NATIONAL CORP /MA/ /ADV,816192,2024-01
FIRST NATIONAL TRUST CO,1277303,2024-02
FIRST SABREPOINT CAPITAL MANAGEMENT LP,1731530,2024-02
FIRST TRUST ADVISORS LP,1125816,2024-02
FIRST UNITED BANK & TRUST,1214183,2024-02
FIRST WILSHIRE SECURITIES MANAGEMENT INC,732847,2024-02
"FISCHER INVESTMENT STRATEGIES, LLC",1977444,2024-02
FISHMAN JAY A LTD/MI,1006407,2024-01
FJ Capital Management LLC,1599170,2024-02
"FJ Investments, LLC",1903573,2024-02
FJARDE AP-FONDEN /FOURTH SWEDISH NATIONAL PENSION FUND,1540880,2024-02
"FLAGSHIP HARBOR ADVISORS, LLC",1691766,2024-01
FLAGSTAR ADVISORS INC,1117233,2024-01
FLC Capital Advisors,1713697,2024-01
FLOSSBACH VON STORCH AG,1575677,2024-01
FLOW TRADERS U.S. LLC,1466697,2024-02
FLPUTNAM INVESTMENT MANAGEMENT CO,1140334,2024-01
"FLYNN ZITO CAPITAL MANAGEMENT, LLC",1857144,2024-01
"FMA Wealth Management, LLC",2011155,2024-02
FMR LLC,315066,2024-02
"FNY Investment Advisers, LLC",1742998,2024-01
FOCUS FINANCIAL NETWORK INC /ADV,925208,2024-02
"FOCUS Wealth Advisors, LLC",1845643,2024-01
"FOLGER NOLAN FLEMING DOUGLAS CAPITAL MANAGEMENT, INC",885415,2024-02
FOLKETRYGDFONDET,1269094,2024-02
"FORA Capital, LLC",1742435,2024-02
FORBES J M & CO LLP,1067532,2024-02
"FORESIGHT CAPITAL MANAGEMENT ADVISORS, INC.",1630936,2024-01
FORMULA GROWTH LTD,1093219,2024-02
FORSTA AP-FONDEN,1603328,2024-02
"FORT PITT CAPITAL GROUP, LLC",1663897,2024-02
FORT WASHINGTON INVESTMENT ADVISORS INC /OH/,1009016,2024-01
"FORT, L.P.",1633517,2024-02
FORTE ASSET MANAGEMENT LLC,1927129,2024-01
FORTE CAPITAL LLC /ADV,1022314,2024-02
"FORTEM FINANCIAL GROUP, LLC",1766509,2024-01
"FORVIS Wealth Advisors, LLC",1352864,2024-01
FOSTER & MOTLEY INC,1163902,2024-02
"FOSTER DYKEMA CABOT & PARTNERS, LLC",2011882,2024-02
FOUNDATION RESOURCE MANAGEMENT INC,1179232,2024-01
"FOUNDERS CAPITAL MANAGEMENT, LLC",1585828,2024-01
FOUNDERS FINANCIAL SECURITIES LLC,1342396,2024-02
FOURSIXTHREE CAPITAL LP,1897652,2024-02
"FOX RUN MANAGEMENT, L.L.C.",1533457,2024-02
FPR PARTNERS LLC,1546190,2024-02
FRANKLIN RESOURCES INC,38777,2024-02
FRANKLIN STREET ADVISORS INC /NC,1010873,2024-01
"FRED ALGER MANAGEMENT, LLC",3520,2024-02
FRG Family Wealth Advisors LLC,1893327,2024-01
FRONTIER CAPITAL MANAGEMENT CO LLC,351173,2024-02
"FS Capital Partners VI, LLC",1623580,2024-02
FSA Wealth Management LLC,1804256,2024-02
"FSB PREMIER WEALTH MANAGEMENT, INC.",887748,2024-02
"FSC Wealth Advisors, LLC",1925685,2024-01
FUKOKU MUTUAL LIFE INSURANCE Co,1033324,2024-02
"FULLER & THALER ASSET MANAGEMENT, INC.",1082327,2024-02
"FULTON BANK, N.A.",883782,2024-01
FULTON BREAKEFIELD BROENNIMAN LLC,1119254,2024-02
FUNDSMITH INVESTMENT SERVICES LTD.,1868537,2024-02
"FWL INVESTMENT MANAGEMENT, LLC",1829231,2024-02
"Facet Wealth, Inc.",1748271,2024-02
"Factorial Partners, LLC",1732687,2024-02
"Fairbanks Capital Management, Inc.",1681372,2024-02
Fairfield University,1717825,2024-02
"Fairhaven Wealth Management, LLC",1767056,2024-02
"Fairman Group, LLC",2016719,2024-03
Fairmount Funds Management LLC,1802528,2024-02
"Faithward Advisors, LLC",1695078,2024-02
Falcon Wealth Planning,1839850,2024-01
"Family Asset Management, LLC",1961278,2024-02
Family CFO Inc,1911695,2024-01
"Family Capital Management, Inc.",1964344,2024-01
Family Capital Trust Co,1123320,2024-01
"Family Firm, Inc.",1602603,2024-02
"Family Investment Center, Inc.",1897700,2024-01
"Family Legacy, Inc.",1706016,2024-01
Family Management Corp,1539947,2024-02
"Family Wealth Group, LLC",1944877,2024-02
Farmers & Merchants Trust Co of Chambersburg PA,1697375,2024-01
Farmers & Merchants Trust Co of Long Beach,1737090,2024-01
Farrow Financial Inc.,2010644,2024-02
"Farther Finance Advisors, LLC",1992825,2024-02
"Fee-Only Financial Planning, L.C.",1954044,2024-02
FengHe Fund Management Pte. Ltd.,1660531,2024-01
Ferguson Shapiro LLC,1767433,2024-01
"Fermata Advisors, LLC",1859259,2024-01
"Fernwood Investment Management, LLC",1570296,2024-02
"Fi3 FINANCIAL ADVISORS, LLC",1862427,2024-02
Fidato Wealth LLC,1711360,2024-01
"Fidelis Capital Partners, LLC",1962755,2024-01
"Fidelity National Financial, Inc.",1331875,2024-02
Fiduciary Alliance LLC,1954805,2024-01
Fiduciary Group LLC,1645890,2024-02
Fiduciary Planning LLC,1792851,2024-01
Field & Main Bank,1594492,2024-02
Fielder Capital Group LLC,2010765,2024-02
Fiera Capital Corp,1505817,2024-02
Fifth Third Wealth Advisors LLC,1899030,2024-01
"FinDec Wealth Services, Inc.",1916066,2024-02
"FinTrust Capital Advisors, LLC",1622001,2024-02
"Financial & Tax Architects, LLC",1758543,2024-01
"Financial Advisors Network, Inc.",1697856,2024-02
"Financial Advisors, LLC",1766909,2024-02
Financial Advisory Group,1539338,2024-02
Financial Advocates Investment Management,1730293,2024-02
"Financial Alternatives, Inc",1967227,2024-02
"Financial Architects, LLC",2008540,2024-01
"Financial Avengers, Inc.",1844393,2024-02
"Financial Connections Group, Inc.",1907157,2024-01
Financial Council Asset Management Inc,1883629,2024-01
Financial Designs Corp,1561383,2024-01
Financial Engines Advisors L.L.C.,1420473,2024-02
Financial Enhancement Group LLC,1641438,2024-01
"Financial Freedom, LLC",1965484,2024-01
Financial Futures Ltd Liability Co.,1911616,2024-01
"Financial Gravity Asset Management, Inc.",1741736,2024-02
"Financial Guidance Group, Inc.",1929349,2024-01
"Financial Insights, Inc.",1642058,2024-01
"Financial Management Professionals, Inc.",1568132,2024-01
Financial Network Wealth Advisors LLC,2012031,2024-02
Financial Network Wealth Management LLC,1840760,2024-01
"Financial Partners Group, Inc",1731169,2024-02
"Financial Partners Group, LLC",1965246,2024-02
"Financial Perspectives, Inc",2003287,2024-01
"Financial Planning & Information Services, Inc.",1841433,2024-02
"Financial Security Advisor, Inc.",1997602,2024-01
"Financial Sense Advisors, Inc.",1358828,2024-01
Financial Services Advisory Inc,1731221,2024-02
"Financial Strategies Group, Inc.",1774343,2024-01
Financial Symmetry Inc,2004843,2024-01
"Financiere des Professionnels - Fonds d,investissement inc.",1996846,2024-01
Findlay Park Partners LLP,1351950,2024-02
"Fine Capital Partners, L.P.",1339161,2024-02
FineMark National Bank & Trust,1537720,2024-02
Finepoint Capital LP,1608126,2024-02
"Finer Wealth Management, Inc.",1929071,2024-02
"Fingerlakes Wealth Management, Inc.",1910248,2024-01
Firestone Capital Management,1799964,2024-02
First Affirmative Financial Network,1656282,2024-01
First American Financial Corp,1472787,2024-02
"First Ascent Asset Management, LLC",1805758,2024-02
"First Bancorp, Inc /ME/",765207,2024-01
First Bank & Trust,1692632,2024-01
First Beijing Investment Ltd,1701717,2024-02
"First Citizens Asset Management, Inc.",1964116,2024-02
First Citizens Financial Corp,1800597,2024-01
"First City Capital Management, Inc.",1427350,2024-02
"First Command Advisory Services, Inc.",1727336,2024-02
First County Bank /CT/,1983616,2024-02
First Dallas Securities Inc.,1378559,2024-02
"First Eagle Investment Management, LLC",1325447,2024-02
"First Fiduciary Investment Counsel, Inc.",1072843,2024-02
First Financial Bank - Trust Division,1315339,2024-01
"First Heartland Consultants, Inc.",1428793,2024-02
"First Horizon Advisors, Inc.",1588539,2024-02
First International Bank & Trust,1910370,2024-01
"First Light Asset Management, LLC",1600004,2024-02
"First Long Island Investors, LLC",1490429,2024-02
"First National Advisers, LLC",1941030,2024-02
First National Bank of Hutchinson,1313871,2024-01
"First National Bank of Mount Dora, Trust Investment Services",1423045,2024-01
First PREMIER Bank,1653926,2024-01
"First Pacific Advisors, LP",1377581,2024-02
First Pacific Financial,1810089,2024-01
First Personal Financial Services,1633869,2024-01
First Reserve GP XIII Ltd,1706604,2024-02
"First Trust Bank, Ltd.",1406026,2024-02
First Trust Capital Management L.P.,1604488,2024-02
First Trust Direct Indexing L.P.,1845469,2024-02
First Trust Investment Solutions L.P.,1996718,2024-02
"First Turn Management, LLC",1993440,2024-02
First Washington CORP,1390043,2024-02
First Western Trust Bank,1513189,2024-02
"Firsthand Capital Management, Inc.",1476179,2024-02
"Fisher Asset Management, LLC",850529,2024-02
Five Oceans Advisors,1876326,2024-01
Flagship Pioneering Inc.,1400240,2024-02
"Flagship Private Wealth, LLC",1842560,2024-01
Flagstone Financial Management,1968890,2024-01
"Flaharty Asset Management, LLC",1697882,2024-02
Flat Footed LLC,1799456,2024-02
"Flight Deck Capital, LP",1861705,2024-02
Florin Court Capital LLP,1696263,2024-02
"Flow State Investments, L.P.",1850755,2024-02
Flower City Capital,1808394,2024-01
"Fluent Financial, LLC",1722283,2024-01
Focused Investors LLC,1426398,2024-01
"Focused Wealth Management, Inc",1586052,2024-01
"Fogel Capital Management, Inc.",2011427,2024-02
Fonville Wealth Management LLC,2008703,2024-01
"Forager Capital Management, LLC",1802986,2024-02
"Forbes Financial Planning, Inc.",1911316,2024-02
Force Hill Capital Management LP,1799793,2024-02
"Fore Capital, LLC",1714672,2024-02
"Forefront Analytics, LLC",1696802,2024-02
"Forerunner Ventures Management, LLC",1909850,2024-02
"Foresight Global Investors, Inc.",1973323,2024-02
Foresight Group Ltd Liability Partnership,1943441,2024-02
"Foresite Capital Management IV, LLC",1704132,2024-02
"Foresite Capital Management V, LLC",1792206,2024-02
Forest Avenue Capital Management LP,1944889,2024-02
"Forest Hill Capital, LLC",1316550,2024-02
Forge First Asset Management Inc.,1963062,2024-02
"Formation8 GP, LLC",1835718,2024-02
"Formidable Asset Management, LLC",1592613,2024-02
Forrestal Agricultural Corp,1909343,2024-02
Fort Baker Capital Management LP,1688382,2024-02
"Fort Henry Capital, LLC",1843536,2024-01
Fort Point Capital Partners LLC,1589282,2024-02
Fort Sheridan Advisors LLC,1606666,2024-02
"ForthRight Wealth Management, LLC",1841633,2024-01
Forthright Family Wealth Advisory LLC,2008648,2024-02
"Fortis Advisors, LLC",1697478,2024-02
"Fortis Capital Advisors, LLC",1959790,2024-02
Fortis Capital Management LLC,1802167,2024-02
"Fortis Group Advisors, LLC",1815183,2024-03
Fortitude Advisory Group L.L.C.,1928999,2024-02
"Fortitude Family Office, LLC",1950506,2024-01
Fortress Investment Group LLC,1380393,2024-02
"Fortress Wealth Group, LLC",1862067,2024-01
"Fortress Wealth Management, Inc.",1908099,2024-02
Fortune 45 LLC,1918707,2024-02
"Fortune Financial Advisors, LLC",1961828,2024-01
"Forum Financial Management, LP",1911832,2024-02
Forum Private Client Group LLC,1910636,2024-01
"Forza Wealth Management, LLC",1963030,2024-01
Fosse Capital Partners LLP,1789908,2024-02
"Foster Group, Inc.",1841544,2024-02
"Foster Victor Wealth Advisors, LLC",1769063,2024-01
Fosun International Ltd,1447884,2024-02
"Foundation Wealth Management, LLC",1966351,2024-01
"Foundations Investment Advisors, LLC",1743404,2024-02
Founders Capital Management,1704300,2024-01
Founders Circle Capital LLC,1887190,2024-02
"Founders Financial Alliance, LLC",1832190,2024-02
"Founders Fund Growth Management, LLC",1853431,2024-02
"Founders Fund II Management, LLC",1695329,2024-02
"Founders Fund III Management, LLC",1852758,2024-02
"Founders Fund IV Management, LLC",1616081,2024-02
"Founders Fund V Management, LLC",1697733,2024-02
"Founders Fund VI Management, LLC",1853382,2024-02
"Founders Fund VII Management, LLC",1846021,2024-02
"Foundry Financial Group, Inc.",2007960,2024-01
"Foundry Group Next, LLC",1965482,2024-02
"Foundry Partners, LLC",1573913,2024-02
FountainVest China Capital Partners GP3 Ltd.,1795487,2024-01
"Fountainhead AM, LLC",1843581,2024-02
"FourThought Financial Partners, LLC",1956790,2024-02
FourWorld Capital Management LLC,1770525,2024-02
Fourth Sail Capital LP,1803158,2024-02
Fourthstone LLC,1767803,2024-02
"Fox Financial, Inc",2004131,2024-01
"Foxhaven Asset Management, LP",1590531,2024-02
"Foyston, Gordon, & Payne Inc",1322853,2024-02
Fractal Investments LLC,1843590,2024-02
Fragasso Group Inc.,1613331,2024-01
Franchise Capital Ltd,1859388,2024-02
"Francis Financial, Inc.",1727514,2024-01
"Francisco Partners Management, LP",1197853,2024-02
"Frank, Rimerman Advisors LLC",1977560,2024-02
"Franklin, Parlapiano, Turner & Welch, LLC",1707856,2024-01
"Frazier Financial Advisors, LLC",2002745,2024-02
"Frazier Life Sciences Management, L.P.",1892134,2024-02
"Freedom Day Solutions, LLC",1467517,2024-01
"Freedom Investment Management, Inc.",1566653,2024-02
Freemont Capital Pte Ltd,1796107,2024-02
Freemont Management S.A.,1609120,2024-02
"Freestone Capital Holdings, LLC",1470876,2024-02
"Freshford Capital Management, LLC",1459270,2024-02
Friedenthal Financial,1598611,2024-01
"Frisch Financial Group, Inc.",1767730,2024-02
Front Row Advisors LLC,1729254,2024-02
"Front Street Capital Management, Inc.",1683182,2024-02
"Frontier Asset Management, LLC",1910146,2024-02
Fruth Investment Management,1416856,2024-01
Fulcrum Capital LLC,1724090,2024-01
Fulcrum Equity Management,1737888,2024-01
"Full Sail Capital, LLC",1757617,2024-02
Fullerton Fund Management Co Ltd.,1592746,2024-02
"Fund 1 Investments, LLC",1959730,2024-02
"Fund Evaluation Group, LLC",1356249,2024-02
Fund Management at Engine No. 1 LLC,1927961,2024-02
Fundsmith LLP,1569205,2024-02
"Fusion Capital, LLC",1802955,2024-01
Fusion Family Wealth LLC,1696209,2024-01
Future Financial Wealth Managment LLC,1801892,2024-01
Future Fund LLC,1911970,2024-02
G&S Capital LLC,1731448,2024-01
"G.F.W. Energy XI, L.P.",1691944,2024-02
"G.F.W. Energy XII, L.P.",1860989,2024-02
"G2 CAPITAL MANAGEMENT, LLC / OH",1910858,2024-01
G2 Investment Partners Management LLC,1593404,2024-02
"GABELLI & Co INVESTMENT ADVISERS, INC.",932724,2024-02
GABELLI FUNDS LLC,1081407,2024-02
GABLES CAPITAL MANAGEMENT INC.,1740839,2024-02
GAGNON SECURITIES LLC,1125725,2024-02
GAM Holding AG,1438848,2024-01
"GAMCO INVESTORS, INC. ET AL",807249,2024-02
GAMMA Investing LLC,2010235,2024-02
GARDNER LEWIS ASSET MANAGEMENT L P,941560,2024-02
GARDNER RUSSO & QUINN LLC,860643,2024-02
GARLAND CAPITAL MANAGEMENT INC,1181544,2024-01
"GARNET EQUITY CAPITAL HOLDINGS, INC.",1423876,2024-02
GARRISON BRADFORD & ASSOCIATES INC,1056488,2024-01
"GARRISON POINT ADVISORS, LLC",1767107,2024-02
"GATE CITY CAPITAL MANAGEMENT, LLC",1705447,2024-02
GATEWAY INVESTMENT ADVISERS LLC,1114618,2024-01
"GCM Grosvenor Holdings, LLC",1939480,2024-02
GDS Wealth Management,1940869,2024-02
GE INVESTMENT MANAGEMENT CORP.,1125824,2024-02
"GEM Asset Management, LLC",1963319,2024-02
GENDELL JEFFREY L,1056581,2024-02
GENERAL AMERICAN INVESTORS CO INC,40417,2024-02
"GENERAL ATLANTIC, L.P.",1017645,2024-02
GENERAL ELECTRIC CO,40545,2024-02
GENERATION INVESTMENT MANAGEMENT LLP,1375534,2024-02
GENEVA CAPITAL MANAGEMENT LLC,1009232,2024-02
GENRE PARTNERS L P,1056907,2024-02
GENWORTH FINANCIAL INC,1276520,2024-01
"GEODE CAPITAL MANAGEMENT, LLC",1214717,2024-02
GEORGE KAISER FAMILY FOUNDATION,1265376,2024-02
"GERBER, LLC",2014164,2024-03
"GERMAN AMERICAN BANCORP, INC.",714395,2024-02
"GFG Capital, LLC",1638520,2024-02
GFI Investment Counsel Ltd.,1688774,2024-02
"GFS Advisors, LLC",1427263,2024-01
GGV Capital LLC,1829132,2024-02
"GHE, LLC",1910179,2024-02
"GHP Investment Advisors, Inc.",1401561,2024-01
GILDER GAGNON HOWE & CO LLC,902464,2024-02
"GILL CAPITAL PARTNERS, LLC",729563,2024-01
GIRARD PARTNERS LTD.,1000490,2024-02
GLADE BROOK CAPITAL PARTNERS LLC,1529872,2024-02
"GLAZER CAPITAL, LLC",1076809,2024-02
GLENMEDE TRUST CO NA,314949,2024-02
"GLENVIEW CAPITAL MANAGEMENT, LLC",1138995,2024-02
GLOBALT Investments LLC / GA,2011891,2024-02
GLOBE LIFE INC.,320335,2024-02
GLOBEFLEX CAPITAL L P,921531,2024-02
GLYNN CAPITAL MANAGEMENT LLC,911270,2024-02
"GM Advisory Group, LLC",1598304,2024-02
GMT CAPITAL CORP,1106191,2024-02
GOBI CAPITAL LLC,1698060,2024-02
"GODSEY & GIBB, INC",887402,2024-01
"GOLDEN GATE PRIVATE EQUITY, INC.",1548997,2024-02
GOLDEN ROAD ADVISORS LLC,2014454,2024-03
GOLDENTREE ASSET MANAGEMENT LP,1278951,2024-02
GOLDMAN SACHS GROUP INC,886982,2024-02
"GOODNOW INVESTMENT GROUP, LLC",1362255,2024-02
GOULD ASSET MANAGEMENT LLC /CA/,1091961,2024-02
GP Brinson Investments LLC,1860928,2024-01
"GPI CAPITAL, L.P.",1836021,2024-02
"GPM Growth Investors, Inc.",1799367,2024-02
"GPS Wealth Strategies Group, LLC",1731837,2024-01
GPWM LLC,1905162,2024-02
GQG Partners LLC,1697233,2024-02
"GR FINANCIAL GROUP, LLC",2011751,2024-02
GRACE & WHITE INC /NY,903064,2024-02
"GRAHAM CAPITAL WEALTH MANAGEMENT, LLC",1907528,2024-01
GRAND JEAN CAPITAL MANAGEMENT INC,1277158,2024-02
"GRAND WEALTH MANAGEMENT, LLC",1939443,2024-01
"GRANDFIELD & DODD, LLC",1308016,2024-01
"GRATIA CAPITAL, LLC",1599793,2024-02
"GRAYBILL WEALTH MANAGEMENT, LTD.",1252007,2024-02
GRAYHAWK INVESTMENT STRATEGIES INC.,1684956,2024-02
"GREAT HILL PARTNERS, L.P.",1231756,2024-02
"GREAT LAKES ADVISORS, LLC",1078013,2024-02
"GREAT OAK CAPITAL PARTNERS, LLC",2012868,2024-02
GREAT POINT PARTNERS LLC,1281446,2024-02
"GREAT VALLEY ADVISOR GROUP, INC.",1769897,2024-02
GREAT WEST LIFE ASSURANCE CO /CAN/,1046192,2024-02
"GREATMARK INVESTMENT PARTNERS, INC.",1540944,2024-02
GREENHAVEN ASSOCIATES INC,846222,2024-01
"GREENLEA LANE CAPITAL MANAGEMENT, LLC",1766504,2024-02
GREENLEAF TRUST,1162170,2024-01
GREENLIGHT CAPITAL INC,1079114,2024-02
GREENOAKS CAPITAL PARTNERS LLC,1840735,2024-02
GREENUP STREET WEALTH MANAGEMENT LLC,1909904,2024-02
GREENWOOD CAPITAL ASSOCIATES LLC,1161822,2024-03
GREENWOOD GEARHART INC,1084683,2024-02
GRIES FINANCIAL LLC,1049662,2024-02
"GRIFFIN ASSET MANAGEMENT, INC.",883803,2024-01
"GRIMES & COMPANY, INC.",1321993,2024-01
"GRIZZLYROCK CAPITAL, LLC",2011732,2024-02
GROESBECK INVESTMENT MANAGEMENT CORP /NJ/,923116,2024-01
"GROUP ONE TRADING, L.P.",932540,2024-02
GROUPAMA ASSET MANAGMENT,1055969,2024-02
"GRS Advisors, LLC",1544554,2024-02
GSA CAPITAL PARTNERS LLP,1362033,2024-02
"GSB Wealth Management, LLC",1660694,2024-02
GSG Advisors LLC,1995773,2024-01
GSI Capital Advisors LLC,1391974,2024-02
GTCR LLC,1576350,2024-02
GTS SECURITIES LLC,1452765,2024-02
GUARDCAP ASSET MANAGEMENT Ltd,1732008,2024-02
GUARDIAN CAPITAL ADVISORS LP,1512652,2024-02
GUARDIAN CAPITAL LP,1224324,2024-02
GUARDIAN INVESTMENT MANAGEMENT,1365474,2024-01
"GUARDIAN POINT CAPITAL, LP",1595932,2024-02
"GUARDIAN WEALTH ADVISORS, LLC / NC",1901403,2024-02
"GUERRA PAN ADVISORS, LLC",1910386,2024-01
GUGGENHEIM CAPITAL LLC,1283072,2024-02
"GUIDANCE CAPITAL, INC",1958743,2024-01
"GUNN & Co INVESTMENT MANAGEMENT, INC.",2000490,2024-02
GUYASUTA INVESTMENT ADVISORS INC,928568,2024-02
GW HENSSLER & ASSOCIATES LTD,1080369,2024-01
"GW&K Investment Management, LLC",1082917,2024-02
GWM Asset Management Ltd,1821462,2024-02
"GYL FINANCIAL SYNERGIES, LLC",1767715,2024-02
"Gagnon Advisors, LLC",1599466,2024-02
Gainplan LLC,1697857,2024-02
Galibier Capital Management Ltd.,1765768,2024-01
Galileo (PTC) Ltd,1740858,2024-02
Gallacher Capital Management LLC,1960749,2024-02
"Gallagher Fiduciary Advisors, LLC",1527781,2024-02
"Galvin, Gaustad & Stein, LLC",1840945,2024-01
"Game Creek Capital, LP",1731132,2024-02
Garda Capital Partners LP,1666905,2024-02
"Garde Capital, Inc.",1616328,2024-02
Garden State Investment Advisory Services LLC,1965351,2024-02
Garner Asset Management Corp,1714093,2024-02
"Garrett Wealth Advisory Group, LLC",1729443,2024-02
"Garrison Asset Management, LLC",1519319,2024-02
"Gates Capital Management, Inc.",1312908,2024-02
"Gateway Advisory, LLC",1512404,2024-02
"Gateway Wealth Partners, LLC",1966037,2024-02
"Gator Capital Management, LLC",1570284,2024-02
Gavilan Investment Partners LLC,1963404,2024-02
Geisinger Health,1946205,2024-02
Geller Advisors LLC,1354739,2024-02
Gemini Israel Funds IV Ltd.,1824794,2024-02
Gemmer Asset Management LLC,1607825,2024-01
Gemsstock Ltd.,1724140,2024-02
"GenTrust, LLC",1697110,2024-01
"GenWealth Group, Inc.",1713678,2024-01
Geneos Wealth Management Inc.,1764754,2024-01
"General Catalyst Group Management, LLC",1637946,2024-02
General Equity Holdings LP,1700362,2024-02
General Industrial Partners LLP,1719883,2024-02
General Motors Holdings LLC,1497345,2024-02
"General Partner, Inc.",1800508,2024-01
"Genesee Capital Advisors, LLC",1652348,2024-01
Genesis Fortune Ltd,1924185,2024-01
"Genesis Investment Management, LLP",1300979,2024-01
"Geneva Partners, LLC",1712671,2024-01
Genus Capital Management Inc.,1532385,2024-02
Geo Capital Gestora de Recursos Ltd,1766561,2024-02
"GeoSphere Capital Management, LLC",1426876,2024-02
"GeoWealth Management, LLC",1593387,2024-02
Geometric Wealth Advisors,1900576,2024-01
Georgetown University,1730469,2024-02
Gerber Kawasaki Wealth & Investment Management,1666736,2024-02
Ghisallo Capital Management LLC,1825214,2024-02
"Ghost Tree Capital, LLC",1595851,2024-02
"Gibraltar Capital Management, Inc.",1625986,2024-02
"Gibson Capital, LLC",1427372,2024-02
Gifford Fong Associates,1740316,2024-02
"Gilbert & Cook, Inc.",1675762,2024-02
Gilfoyle & Co LLC,2002843,2024-01
Gilliland Jeter Wealth Management LLC,2009886,2024-02
Gillson Capital LP,1698055,2024-02
"Gilman Hill Asset Management, LLC",1551969,2024-01
Gimbal Financial,1835206,2024-02
Gimbel Daniel Scott,1867040,2024-02
"Gitterman Wealth Management, LLC",1861558,2024-02
Giverny Capital Inc.,1641864,2024-02
Gladius Capital Management LP,1540656,2024-02
Gladstone Capital Management LLP,1353394,2024-02
Gladstone Institutional Advisory LLC,1766530,2024-02
Glass Jacobson Investment Advisors llc,1964394,2024-01
Glassman Wealth Services,1642160,2024-02
"Glassy Mountain Advisors, Inc.",1914617,2024-01
"Glaxis Capital Management, LLC",1542161,2024-02
"Gleason Group, Inc.",1822632,2024-01
Glendon Capital Management LP,1604350,2024-02
Glenorchy Capital Ltd,2008506,2024-02
Glenview Trust Co,1691827,2024-02
Global Alpha Capital Management Ltd.,1584691,2024-02
"Global Assets Advisory, LLC",1942932,2024-01
"Global Endowment Management, LP",1512237,2024-02
Global Frontier Investments LLC,1821219,2024-03
Global Media & Entertainment Investments Ltd,1843670,2024-02
"Global Retirement Partners, LLC",1749744,2024-01
"Global Strategic Investment Solutions, LLC",1760076,2024-01
"Global Trust Asset Management, LLC",1729672,2024-01
"Global Wealth Management Investment Advisory, Inc.",1767855,2024-02
Global Wealth Strategies & Associates,1912297,2024-01
Glovista Investments LLC,1546283,2024-02
"GoalFusion Wealth Management, LLC",1895678,2024-01
GoalVest Advisory LLC,1839307,2024-01
"Godshalk Welsh Capital Management, Inc.",1631775,2024-02
"Goehring & Rozencwajg Associates, LLC",1863154,2024-02
"Goelzer Investment Management, Inc.",1550057,2024-02
Goepper Burkhardt LLC,1844142,2024-02
Gold Investment Management Ltd.,2006008,2024-02
Golden State Equity Partners,1845003,2024-02
"Goldstein Advisors, LLC",1963807,2024-02
Goldstream Capital Management Ltd,1872787,2024-02
"Good Life Advisors, LLC",1696260,2024-01
"GoodHaven Capital Management, LLC",1542300,2024-02
"Goodman Advisory Group, LLC",1864123,2024-01
Goodman Financial Corp,1382303,2024-02
Goodwin Investment Advisory,1803294,2024-01
Gordian Advisors LLC,2011856,2024-02
Gordian Capital Singapore Pte Ltd,1869164,2024-02
"Gotham Asset Management, LLC",1510387,2024-02
"Gould Capital, LLC",1908965,2024-02
Gouws Capital LLC,1908828,2024-01
Governors Lane LP,1644187,2024-02
"Grace & Mercy Foundation, Inc.",1715783,2024-02
"Gradient Capital Advisors, LLC",1727917,2024-02
Gradient Investments LLC,1542265,2024-01
"Grafton Street Partners Fund, LP",1921789,2024-02
"Graham Capital Management, L.P.",1315421,2024-02
Graham Holdings Co,104889,2024-02
Graham Holdings Co Master Retirement Trust,1912699,2024-02
Gramercy Funds Management LLC,1548836,2024-02
"Granahan Investment Management, LLC",1026710,2024-02
"Granby Capital Management, LLC",1857581,2024-02
Grand Alliance Asset Management Ltd,1986124,2024-02
"Grandeur Peak Global Advisors, LLC",1569137,2024-02
Grandview Asset Management LLC,1766791,2024-01
Granger Management LLC,1842881,2024-02
"Granite Bay Wealth Management, LLC",1911472,2024-01
"Granite Harbor Advisors, Inc.",1967456,2024-01
"Granite Investment Partners, LLC",1542266,2024-02
GraniteShares Advisors LLC,1839545,2024-01
"Grant Street Asset Management, Inc.",1740642,2024-01
"Grant/GrossMendelsohn, LLC",1810677,2024-01
"Grantham, Mayo, Van Otterloo & Co. LLC",1352662,2024-02
Graphene Investments SAS,1965776,2024-01
Grassi Investment Management,1608531,2024-01
Graticule Asia Macro Advisors LLC,1619390,2024-02
Gratus Capital LLC,1652103,2024-02
"Graves Light Lenhart Wealth, Inc.",1759803,2024-02
Gray Foundation,2011602,2024-02
Gray Wealth Management Inc.,1958397,2024-01
Graypoint LLC,1794198,2024-01
"Great Diamond Partners, LLC",1801112,2024-02
"Great Lakes Retirement, Inc.",1801667,2024-01
Great Mountain Partners LLC,1815467,2024-02
"Great Point Wealth Advisors, LLC",1760304,2024-01
Great Waters Wealth Management,1964535,2024-01
"Green Alpha Advisors, LLC",1439207,2024-01
Green Court Capital Management Ltd,1710785,2024-02
"Greenbrier Partners Capital Management, LLC",1532262,2024-02
Greencape Capital Pty Ltd,1731029,2024-01
"Greenfield FTC, Inc.",1842727,2024-02
Greenfield Savings Bank,1940406,2024-01
"Greenhaven Road Investment Management, L.P.",1741129,2024-02
Greenhouse Funds LLLP,1626220,2024-02
"Greenhouse Wealth Management, LLC",1843566,2024-01
Greenland Capital Management LP,1896430,2024-02
"Greenline Partners, LLC",1697323,2024-02
"Greenspring Advisors, LLC",1922200,2024-01
"Greenstone Partners & Co., LLC",1845565,2024-02
Greenvale Capital LLP,1768041,2024-02
"Greenwich Investment Management, Inc.",1456511,2024-02
Greenwich Wealth Management LLC,1439805,2024-02
Greenwoods Asset Management Hong Kong Ltd.,1848138,2024-02
"Grey Fox Wealth Advisors, LLC",1965362,2024-01
"Grey Street Capital, LLC",1967335,2024-01
Greycroft LP,1910274,2024-02
"Greylin Investment Management, Inc",1158583,2024-01
Greylock 15 GP LLC,1877892,2024-02
"Greystone Financial Group, LLC",1845302,2024-02
Greytown Advisors Inc.,1672829,2024-02
"Gridiron Partners, LLC",1910867,2024-02
"Ground Swell Capital, LLC",1534450,2024-02
Groupe Bruxelles Lambert,1179313,2024-02
Grove Bank & Trust,1662212,2024-01
Growth Interface Management LLC,1728718,2024-02
"Grunden Financial Advisory, Inc.",2010014,2024-01
"Gruss & Co., LLC",1103738,2024-01
Gryphon Financial Partners LLC,1729094,2024-02
"Gs Investments, Inc.",1714590,2024-02
"Guardian Financial Partners, LLC",1723514,2024-01
"Guardian Wealth Advisors, LLC",1858828,2024-02
"Guardian Wealth Management, Inc.",1910205,2024-02
"Guidance Point Advisors, LLC",1767710,2024-01
"GuideStone Capital Management, LLC",1308668,2024-02
"Guild Investment Management, Inc.",1317802,2024-01
Guinness Asset Management LTD,1409661,2024-02
Guinness Atkinson Asset Management Inc,1409765,2024-02
Gulf International Bank (UK) Ltd,1598697,2024-01
Gunderson Capital Management Inc.,1792397,2024-01
"Gunma Bank,Ltd.",1549449,2024-01
GuoLine Advisory Pte Ltd,1966595,2024-01
"Gyon Technologies Capital Management, LP",1790782,2024-02
"H PARTNERS MANAGEMENT, LLC",1364412,2024-02
"H&F Corporate Investors IX, Ltd.",1767564,2024-02
"H&F Corporate Investors VIII, Ltd.",1767563,2024-02
"H&F Corporate Investors X, Ltd.",1901930,2024-02
"H&H International Investment, LLC",1759760,2024-02
H&H Retirement Design & Management INC,1802635,2024-02
H/2 CREDIT MANAGER LP,1813784,2024-02
HAHN CAPITAL MANAGEMENT LLC,1171592,2024-01
"HALBERT HARGROVE GLOBAL ADVISORS, LLC",1484205,2024-01
HALL CAPITAL MANAGEMENT CO INC,1122490,2024-02
HALL LAURIE J TRUSTEE,1388382,2024-01
"HAMEL ASSOCIATES, INC.",1599760,2024-02
HAMILTON LANE ADVISORS LLC,1573767,2024-02
HANCOCK WHITNEY CORP,750577,2024-02
HANSEATIC MANAGEMENT SERVICES INC,1128074,2024-02
"HANTZ FINANCIAL SERVICES, INC.",1071061,2024-02
"HAP Trading, LLC",1484972,2024-02
HARBER ASSET MANAGEMENT LLC,1387921,2024-02
"HARBERT FUND ADVISORS, INC.",1616659,2024-02
HARBOR ADVISORY CORP /MA/,1100710,2024-02
"HARBOR CAPITAL ADVISORS, INC.",1039128,2024-01
"HARBOR INVESTMENT ADVISORY, LLC",1468792,2024-01
HARBOUR INVESTMENT MANAGEMENT LLC,1275880,2024-02
"HARBOUR INVESTMENTS, INC.",810121,2024-02
HARBOURVEST PARTNERS LLC,1201001,2024-02
HARDING LOEVNER LP,928196,2024-02
HARMONY ASSET MANAGEMENT LLC,2002815,2024-02
"HARRELL INVESTMENT PARTNERS, LLC",1802882,2024-01
HARRIS ASSOCIATES L P,813917,2024-02
HART & PATTERSON FINANCIAL GROUP LLC,2015835,2024-03
HARTFORD INVESTMENT MANAGEMENT CO,922439,2024-01
HARTLINE INVESTMENT CORP/,945625,2024-02
HARVARD MANAGEMENT CO INC,1082621,2024-02
HARVEST MANAGEMENT LLC,1140315,2024-02
HARVEST VOLATILITY MANAGEMENT LLC,1455530,2024-02
HARVEY CAPITAL MANAGEMENT INC,1119032,2024-01
HARVEY INVESTMENT CO LLC,1162781,2024-01
HAWK RIDGE CAPITAL MANAGEMENT LP,1609074,2024-02
"HAZLETT, BURT & WATSON, INC.",46392,2024-01
"HB Wealth Management, LLC",1911253,2024-01
"HBC Financial Services, PLLC",1802872,2024-01
HBK INVESTMENTS L P,1011443,2024-02
HBK Sorce Advisory LLC,1379995,2024-01
HBW ADVISORY SERVICES LLC,1790525,2024-01
"HC Advisors, LLC",1803295,2024-01
HCEP Management Ltd,1822015,2024-02
HCR Wealth Advisors,1697715,2024-02
"HEADINVEST, LLC",1372130,2024-02
HEALTHCARE OF ONTARIO PENSION PLAN TRUST FUND,1535845,2024-02
HEARTLAND ADVISORS INC,937394,2024-02
HEITMAN REAL ESTATE SECURITIES LLC,1080117,2024-02
HELIOS CAPITAL MANAGEMENT PTE. LTD,1727612,2024-01
HENDLEY & CO INC,1084207,2024-01
HENGEHOLD CAPITAL MANAGEMENT LLC,1536430,2024-01
HENNESSY ADVISORS INC,1145255,2024-01
"HERBST GROUP, LLC",1909319,2024-01
HERITAGE INVESTORS MANAGEMENT CORP,937589,2024-02
"HERITAGE WEALTH MANAGEMENT, LLC",1834505,2024-02
HERSHEY TRUST CO,908551,2024-02
"HF Advisory Group, LLC",1963169,2024-01
"HFG Advisors, Inc.",1911087,2024-01
"HFR Wealth Management, LLC",1877822,2024-02
"HG Vora Capital Management, LLC",1525362,2024-02
HGC Investment Management Inc.,1711200,2024-02
"HGI Capital Management, LLC",1595907,2024-02
"HHLR ADVISORS, LTD.",1762304,2024-02
"HHM Wealth Advisors, LLC",1750086,2024-02
HIGHBRIDGE CAPITAL MANAGEMENT LLC,919185,2024-02
"HIGHLAND CAPITAL MANAGEMENT, LLC",860486,2024-01
"HIGHLAND PEAK CAPITAL, LLC",1961320,2024-02
HILL ISLAND FINANCIAL LLC,1909798,2024-01
HILLMAN CO,1036288,2024-01
"HILLTOP WEALTH ADVISORS, LLC",1786241,2024-01
HIMENSION CAPITAL (SINGAPORE) PTE. LTD.,1817652,2024-02
HITE Hedge Asset Management LLC,1568939,2024-02
HM PAYSON & CO,928052,2024-02
"HMI Capital Management, L.P.",1469026,2024-02
"HMS Capital Management, LLC",1689470,2024-01
HOERTKORN RICHARD CHARLES,1598177,2024-02
"HOEY INVESTMENTS, INC",1799544,2024-02
"HOGE FINANCIAL SERVICES, LLC",1989834,2024-02
"HOHIMER WEALTH MANAGEMENT, LLC",1802533,2024-02
HOLDERNESS INVESTMENTS CO,1184820,2024-02
HOLLENCREST CAPITAL MANAGEMENT,1161722,2024-02
HOME FEDERAL BANK OF TENNESSEE,1665446,2024-01
HOMESTEAD ADVISERS CORP,944804,2024-02
HORIZON BANCORP INC /IN/,706129,2024-01
"HORIZON FINANCIAL SERVICES, LLC",1674020,2024-02
HORIZON KINETICS ASSET MANAGEMENT LLC,1056823,2024-02
HOTCHKIS & WILEY CAPITAL MANAGEMENT LLC,1164833,2024-02
"HOURGLASS CAPITAL, LLC",1442573,2024-02
"HOWARD FINANCIAL SERVICES, LTD.",1768130,2024-01
HOWARD HUGHES MEDICAL INSTITUTE,810386,2024-02
"HOWARD WEALTH MANAGEMENT, LLC",1766286,2024-02
HOWE & RUSLING INC,769963,2024-02
HOWLAND CAPITAL MANAGEMENT LLC,1079112,2024-01
"HP Holding LLC f/k/a ISTM Associates, LLC",1616282,2024-02
HPC Germany GmbH & Co. KG,1731296,2024-02
"HPS Investment Partners, LLC",1670185,2024-02
"HRC WEALTH MANAGEMENT, LLC",2009521,2024-02
HRT FINANCIAL LP,1475597,2024-02
"HS Management Partners, LLC",1455253,2024-01
HSBC HOLDINGS PLC,873630,2024-02
HSG Holding Ltd,1470766,2024-02
"HST Ventures, LLC",1885404,2024-02
HT Partners LLC,1552999,2024-01
"HTG Investment Advisors, Inc.",1963875,2024-01
HTLF Bank,2003343,2024-01
HUDSON EDGE INVESTMENT PARTNERS INC.,740272,2024-02
HUDSON VALLEY INVESTMENT ADVISORS INC /ADV,943442,2024-01
HUNTER ASSOCIATES INVESTMENT MANAGEMENT LLC,1380137,2024-01
HUNTINGTON NATIONAL BANK,49205,2024-02
"HUSSMAN STRATEGIC ADVISORS, INC.",1179475,2024-02
HUTCHINSON CAPITAL MANAGEMENT/CA,1078246,2024-02
HUTNER CAPITAL MANAGEMENT INC,944733,2024-02
HWG Holdings LP,1599390,2024-01
HYMAN CHARLES D,1135077,2024-02
"Hackensack Meridian Health, Inc.",1851813,2024-02
Half Sky Capital (UK) Ltd,1761380,2024-02
Hall Kathryn A.,1512944,2024-02
"Halpern Financial, Inc.",1994335,2024-01
Halter Ferguson Financial Inc.,1842665,2024-02
"Hamilton Capital, LLC",1646639,2024-02
"Hamilton Point Investment Advisors, LLC",1599746,2024-01
"Hamilton Wealth, LLC",1760263,2024-02
"Hamlin Capital Management, LLC",1277403,2024-01
Handelsbanken Fonder AB,1398318,2024-02
Handelsinvest Investeringsforvaltning,1659997,2024-01
"Hanlon Investment Management, Inc.",1511739,2024-02
"Hansen & Associates Financial Group, Inc.",1873973,2024-02
Hanson & Doremus Investment Management,1393944,2024-01
"Hanwha Asset Management Co., Ltd.",1965871,2024-02
Hao Advisors Management Ltd,1657676,2024-01
"Hapanowicz & Associates Financial Services, Inc",1695959,2024-01
Hara Capital LLC,2010015,2024-02
Harbor Advisors LLC,1687156,2024-02
"Harbor Group, Inc.",1840486,2024-01
Harbor Island Capital LLC,1730580,2024-01
"Harbor Spring Capital, LLC",1635409,2024-02
"Harbour Capital Advisors, LLC",1682501,2024-01
Harbour Trust & Investment Management Co,2003557,2024-01
Hardman Johnston Global Advisors LLC,1006364,2024-01
Hardy Reed LLC,1761871,2024-01
Harel Insurance Investments & Financial Services Ltd.,1429390,2024-01
"Harfst & Associates, Inc.",1649147,2024-02
"Harrington Investments, INC",1386364,2024-01
"Harspring Capital Management, LLC",1652327,2024-02
Hartford Financial Management Inc.,1352526,2024-01
Hartford Funds Management Co LLC,1546587,2024-02
"Hartree Partners, LP",1597857,2024-02
"Hartz Capital, Inc.",1399518,2024-01
"Harvest Fund Management Co., Ltd",1694126,2024-02
"Harvest Investment Advisors, LLC",1967261,2024-02
"Harvest Investment Services, LLC",1591097,2024-02
Harvest Portfolios Group Inc.,1923739,2024-02
"Harvey Partners, LLC",1406484,2024-02
"Hassell Wealth Management, LLC",1965270,2024-02
"Hatteras Investment Partners, LP",1600745,2024-02
Hauser Brothers GmbH,1508236,2024-02
"Haverford Financial Services, Inc.",1347683,2024-02
Haverford Trust Co,842941,2024-02
Hayek Kallen Investment Management,1430681,2024-02
Hazelview Securities Inc.,1705265,2024-02
Headlands Technologies LLC,1570271,2024-02
HealthInvest Partners AB,1381843,2024-01
Heard Capital LLC,1796409,2024-02
Heartland Bank & Trust Co,1866040,2024-01
Heartwood Wealth Advisors LLC,1794935,2024-01
Heathbridge Capital Management Ltd.,1503269,2024-02
"Hedeker Wealth, LLC",1633910,2024-01
Hedges Asset Management LLC,1906202,2024-01
Hein Park Capital Management LP,1826937,2024-02
Heirloom Wealth Management,1882903,2024-01
Hel Ved Capital Management Ltd,1840129,2024-02
"Helen Stephens Group, LLC",1895252,2024-01
Helikon Investments Ltd,1839497,2024-02
Hemenway Trust Co LLC,1494234,2024-02
Hemington Wealth Management,1838234,2024-01
Hendershot Investments Inc.,1541496,2024-01
Hengistbury Investment Partners LLP,1574717,2024-02
"Hennion & Walsh Asset Management, Inc.",1861642,2024-01
"Henrickson Nauta Wealth Advisors, Inc.",1903859,2024-01
Henry James International Management Inc.,1750423,2024-02
Herald Investment Management Ltd,1512022,2024-02
"Heritage Financial Services, LLC",1752035,2024-02
"Heritage Investment Group, Inc.",1876811,2024-02
Heritage Trust Co,1706028,2024-02
Heritage Wealth Advisors,1591122,2024-02
"Heritage Wealth Management, Inc. /CA/",2012170,2024-02
"Heritage Wealth Management, Inc./Texas",1966400,2024-01
"Heritage Wealth Partners, LLC",1963794,2024-01
Hernani LP,1914186,2024-02
"Herold Advisors, Inc.",1891713,2024-02
Heron Bay Capital Management,1842149,2024-01
"Heronetta Management, L.P.",1588225,2024-01
Herr Investment Group LLC,1922235,2024-02
Hexagon Capital Partners LLC,1831542,2024-02
"Hi-Line Capital Management, LLC",1776074,2024-02
"Hibernia Wealth Partners, LLC",1950637,2024-01
Hidden Lake Asset Management LP,1750312,2024-02
Hiddenite Capital Partners LP,1823823,2024-02
"High Falls Advisors, Inc",1569139,2024-02
High Ground Investment Management LLP,1828180,2024-02
High Net Worth Advisory Group LLC,1919142,2024-01
"High Note Wealth, LLC",1807283,2024-01
"High Pines Wealth Management, LLC",1855571,2024-01
HighMark Wealth Management LLC,1802451,2024-01
HighPoint Advisor Group LLC,1616034,2024-03
"HighTower Advisors, LLC",1462245,2024-02
HighVista Strategies LLC,1335325,2024-02
"Highland Financial Advisors, LLC",1939237,2024-01
"Highlander Capital Management, LLC",1519113,2024-01
"Highlander Partners, L.P.",1903866,2024-02
Highview Capital Management LLC/DE/,1903786,2024-01
Hikari Power Ltd,1606152,2024-01
"Hikari Tsushin, Inc.",1423673,2024-02
"Hill City Capital, LP",1837343,2024-02
"Hill Investment Group Partners, LLC",1979028,2024-01
Hill Path Capital LP,1676292,2024-02
"Hillcrest Wealth Advisors - NY, LLC",1767121,2024-01
"Hillman Capital Management, Inc.",1314620,2024-02
Hills Bank & Trust Co,1309148,2024-02
Hillsdale Investment Management Inc.,1368465,2024-02
Hilltop Holdings Inc.,1265131,2024-02
Hilltop Partners LLC,1957867,2024-02
"Hilton Capital Management, LLC",1541211,2024-02
Himalaya Capital Management LLC,1709323,2024-02
Hirtle Callaghan & Co LLC,1360710,2024-02
"Hixon Zuercher, LLC",1806752,2024-01
"Hobart Private Capital, LLC",1767062,2024-01
"Hobbs Group Advisors, LLC",2012280,2024-02
Hodges Capital Management Inc.,1337263,2024-02
Hoese & Co LLP,1840268,2024-01
Hofer & Associates. Inc,1958491,2024-01
"Hoffman, Alan N Investment Management",1848530,2024-01
"HoldCo Asset Management, LP",1724246,2024-02
Holistic Financial Partners,1729304,2024-02
"Holistic Planning, LLC",2005353,2024-02
"Holland Advisory Services, Inc.",1890183,2024-01
Hollow Brook Wealth Management LLC,1455251,2024-02
"Holocene Advisors, LP",1700574,2024-02
Holowesko Partners Ltd.,1428569,2024-02
"Holt Capital Advisors, L.L.C. dba Holt Capital Partners, L.P",1599852,2024-02
Honeycomb Asset Management LP,1675688,2024-02
Hood River Capital Management LLC,1578177,2024-02
"Hook Mill Capital Partners, LP",1943395,2024-02
"Horan Capital Advisors, LLC.",1584086,2024-02
"Horan Securities, Inc.",1671623,2024-02
Horiko Capital Management LLC,1762718,2024-02
"Horizon Family Wealth, Inc.",1910660,2024-02
"Horizon Investment Services, LLC",1426940,2024-02
"Horizon Investments, LLC",1560717,2024-02
"Horizon Wealth Management, LLC",1815123,2024-01
Horizons Wealth Management,1943228,2024-01
"Horrell Capital Management, Inc.",1385925,2024-01
Horst & Graben Wealth Management LLC,1818207,2024-01
Hosking Partners LLP,1650135,2024-02
"Houlihan Financial Resource Group, Ltd.",1802879,2024-02
"Hound Partners, LLC",1353316,2024-02
"Householder Group Estate & Retirement Specialist, LLC",1881590,2024-01
"Howard Capital Management Group, LLC",1860501,2024-01
Howard Capital Management Inc.,1733173,2024-01
"Hoxton Planning & Management, LLC",1954782,2024-01
"Hoya Capital Real Estate, LLC",1756985,2024-02
"HoyleCohen, LLC",1559077,2024-02
"Hubbell Strickland Wealth Management, LLC",1791555,2024-01
Huber Capital Management LLC,1511697,2024-02
"Hudock, Inc.",1543536,2024-01
Hudson Bay Capital Management LP,1393825,2024-02
Hudson Canyon Capital Management,1978883,2024-01
Hudson Capital Management LLC,1727342,2024-01
Hudson Executive Capital LP,1652522,2024-02
Hudson Portfolio Management LLC,1847700,2024-02
"Hudson Value Partners, LLC",1840501,2024-02
Hudson Way Capital Management LLC,1697597,2024-02
Human Investing LLC,1767513,2024-02
Humankind Investments LLC,1845373,2024-02
Hummer Financial Advisory Services Inc,1802279,2024-01
"Hunter Perkins Capital Management, LLC",1808919,2024-01
"Hunting Hill Global Capital, LLC",1697398,2024-02
"Hurlow Wealth Management Group, Inc.",1747749,2024-01
"Hutchens & Kramer Investment Management Group, LLC",1920117,2024-01
Hyperion Asset Management Ltd,1619844,2024-02
Hyperion Capital Advisors LP,1794499,2024-02
"Hyperion Partners, LLC",1971715,2024-01
"Hyundai Investments Co., Ltd.",1892772,2024-02
I.G.Y. Ltd,1811472,2024-02
"IA Venture Strategies Fund II, LP",1530237,2024-02
"IAG Wealth Partners, LLC",1827261,2024-02
"IAM Advisory, LLC",1825292,2024-01
"IAMS WEALTH MANAGEMENT, LLC",1998182,2024-02
IAT REINSURANCE CO LTD.,1633625,2024-02
IBEX WEALTH ADVISORS,1686242,2024-01
"ICA Group Wealth Management, LLC",1944579,2024-03
ICAHN CARL C,921669,2024-02
ICICI Prudential Asset Management Co Ltd,1697850,2024-01
ICON ADVISERS INC/CO,1058470,2024-02
"ICONIQ Capital, LLC",1569709,2024-02
ICW Investment Advisors LLC,1794820,2024-02
IDG China Venture Capital Fund IV Associates L.P.,1609021,2024-01
IDG China Venture Capital Fund V Associates L.P.,1709671,2024-01
"IDG Technology Venture Investment IV, LLC",1879976,2024-01
"IEQ CAPITAL, LLC",1779789,2024-02
"IFG Advisors, LLC",1783412,2024-01
"IFG Advisory, LLC",1728319,2024-01
IFM Investors Pty Ltd,1698246,2024-01
"IFP Advisors, Inc",1641866,2024-01
"IFS Advisors, LLC",1765617,2024-01
"IGP Investments (G.P.L.P), LP",2002785,2024-02
"IHT Wealth Management, LLC",1697490,2024-02
III Capital Management,1783139,2024-02
"IMA Wealth, Inc.",1455495,2024-02
"IMC-Chicago, LLC",1452861,2024-02
"IMPACTfolio, LLC",1896447,2024-01
INCA Investments LLC,1513137,2024-02
INCEPTIONR LLC,1821561,2024-02
"INCLUSIVE CAPITAL PARTNERS, L.P.",1817187,2024-02
INCOME RESEARCH & MANAGEMENT,1165830,2024-01
INDEPENDENT INVESTORS INC,1121908,2024-01
"INDUS CAPITAL PARTNERS, LLC",1350879,2024-02
"INDUSTRY VENTURES, L.L.C.",1811532,2024-02
"INFRASTRUCTURE CAPITAL ADVISORS, LLC",1621802,2024-02
ING GROEP NV,1039765,2024-02
INGALLS & SNYDER LLC,1041885,2024-01
"INHERENT GROUP, LP",1749824,2024-02
"INNEALTA CAPITAL, LLC",1752579,2024-02
"INSIGHT 2811, INC.",1334952,2024-02
"INSIGNEO ADVISORY SERVICES, LLC",1964958,2024-02
"INSPIRE TRUST CO, N.A.",1993352,2024-02
"INSPIRION WEALTH ADVISORS, LLC",1633448,2024-01
"INSTITUTIONAL & FAMILY ASSET MANAGEMENT, LLC",1673815,2024-02
"INSTRUMENTAL WEALTH, LLC",1976010,2024-01
INTACT INVESTMENT MANAGEMENT INC.,1443077,2024-02
INTECH INVESTMENT MANAGEMENT LLC,1086318,2024-02
"INTEGRAL INVESTMENT ADVISORS, INC.",1902826,2024-01
"INTEGRATED CAPITAL MANAGEMENT, INC.",1608826,2024-01
INTEL CORP,50863,2024-02
"INTERACTIVE FINANCIAL ADVISORS, INC.",1419099,2024-02
"INTERNATIONAL ASSETS INVESTMENT MANAGEMENT, LLC",1818604,2024-01
INTREPID CAPITAL MANAGEMENT INC,1092838,2024-02
INTRUST BANK NA,1034771,2024-02
INVENIO WEALTH PARTNERS LLC,1989341,2024-02
INVESCO SENIOR SECURED MANAGEMENT INC /ADV,870481,2024-02
"INVESCO, LLC",1990080,2024-01
INVESTMENT ADVISORY SERVICES INC /TX /ADV,925953,2024-01
INVESTMENT HOUSE LLC,1566030,2024-02
INVESTMENT MANAGEMENT ASSOCIATES INC /ADV,52024,2024-02
"INVESTMENT PARTNERS, LTD.",1050068,2024-02
INVESTMENTAKTIENGESELLSCHAFT FUER LANGFRISTIGE INVESTOREN TG,1569606,2024-02
INVESTOR AB,889232,2024-02
INVESTORS ASSET MANAGEMENT OF GEORGIA INC /GA/ /ADV,867926,2024-01
"INVICTUS PRIVATE WEALTH, LLC",1939208,2024-02
IPG Investment Advisors LLC,1602237,2024-02
IQ EQ FUND MANAGEMENT (IRELAND) Ltd,1620943,2024-02
IRIDIAN ASSET MANAGEMENT LLC/CT,1033427,2024-01
IRON Financial LLC,1595509,2024-01
IRONWOOD INVESTMENT MANAGEMENT LLC,1127761,2024-02
"IRONWOOD WEALTH MANAGEMENT, INC.",1844821,2024-01
"ISLAY CAPITAL MANAGEMENT, LLC",1738560,2024-02
"ISTHMUS PARTNERS, LLC",1639666,2024-02
ISZO CAPITAL MANAGEMENT LP,1607925,2024-02
ITHAKA GROUP LLC,1484043,2024-02
IVC Wealth Advisors LLC,1842811,2024-01
"IVY LANE CAPITAL MANAGEMENT, LLC",1839851,2024-02
Ibex Investors LLC,1531964,2024-02
"Icon Wealth Advisors, LLC",1963212,2024-02
Idaho Trust Bank,1568069,2024-02
"Ifrah Financial Services, Inc.",1382646,2024-02
"Ignite Planners, LLC",1849348,2024-01
"Ikarian Capital, LLC",1778253,2024-02
Ilex Capital Partners (UK) LLP,1985486,2024-02
Illinois Municipal Retirement Fund,1541910,2024-02
Ilmarinen Mutual Pension Insurance Co,1661580,2024-02
Immersion Capital LLP,1636441,2024-02
"Impact Partnership Wealth, LLC",1984555,2024-02
Impactive Capital LP,1786767,2024-02
Impala Asset Management LLC,1317679,2024-02
Impax Asset Management Group plc,1749768,2024-01
Imprint Wealth LLC,1972653,2024-01
"In-Depth Partners, LLC",1908316,2024-02
InTrack Investment Management Inc,1847343,2024-01
Incentive AS,1665221,2024-01
Incline Global Management LLC,1567195,2024-02
"Indaba Capital Management, L.P.",1524362,2024-02
"Independence Asset Advisors, LLC",2010929,2024-02
Independence Bank of Kentucky,1730479,2024-01
Independent Advisor Alliance,1696899,2024-02
"Independent Family Office, LLC",1756485,2024-01
Independent Franchise Partners LLP,1483866,2024-02
Independent Order of Foresters,1538037,2024-02
Independent Wealth Network Inc.,1891240,2024-01
"Index Fund Advisors, Inc.",1665097,2024-02
Index Venture Associates VI Ltd,1755035,2024-02
Index Venture Growth Associates I Ltd,1447961,2024-02
Index Venture Growth Associates III Ltd,1785453,2024-02
Indiana Trust & Investment Management CO,1356407,2024-01
"Indie Asset Partners, LLC",1802244,2024-01
Indigo Partners LLC,1846122,2024-02
Industrial Alliance Investment Management Inc.,1630798,2024-02
Inflection Point Investments LLP,2009012,2024-02
Infusive Asset Management Inc.,1749333,2024-02
"Inland Investment Advisors, LLC",1428796,2024-02
"Inlet Private Wealth, LLC",1759751,2024-01
Innova Wealth Partners,1888831,2024-02
"Innovius Capital Management, LLC",1913494,2024-01
"Inscription Capital, LLC",1767868,2024-01
"Insight Advisors, LLC/ PA",1844880,2024-01
Insight Folios Inc,1792942,2024-01
"Insight Holdings Group, LLC",1305473,2024-02
Insight Inv LLC,1909322,2024-01
"Insight Wealth Partners, LLC",1627003,2024-02
"Insight Wealth Strategies, LLC",1749914,2024-01
"Inspire Advisors, LLC",1810558,2024-02
"Inspire Investing, LLC",1670139,2024-02
"Institute for Wealth Management, LLC.",1533954,2024-01
"Institutional Venture Management XV, LLC",1640275,2024-02
"Institutional Venture Management XVI, LLC",1716997,2024-02
"Integral Health Asset Management, LLC",1773206,2024-02
Integrated Advisors Network LLC,1660177,2024-02
"Integrated Investment Consultants, LLC",1665337,2024-01
Integrated Wealth Concepts LLC,1737109,2024-02
"Integris Wealth Management, LLC",1750852,2024-02
Integrity Financial Corp /WA,1917704,2024-02
Integrity Wealth Solutions LLC,2006918,2024-02
"Intellectus Partners, LLC",1677253,2024-02
"Intelligence Driven Advisers, LLC",1819955,2024-02
Intelligent Financial Strategies,1911000,2024-02
"InterOcean Capital Group, LLC",1841616,2024-02
"Interchange Capital Partners, LLC",1845998,2024-01
"Intergy Private Wealth, LLC",1911342,2024-01
Intermede Investment Partners Ltd,1664713,2024-02
International City Management Association Retirement Corp,1691813,2024-02
"Interval Partners, LP",1590228,2024-02
Intrepid Financial Planning Group LLC,1641296,2024-02
Intrinsic Edge Capital Management LLC,1671754,2024-02
"Intrinsic Value Partners, LLC",1910364,2024-02
Invenomic Capital Management LP,1769456,2024-02
"Invera Wealth Advisors, LLC",1976780,2024-01
Invesco Ltd.,914208,2024-02
Investidor Profissional Gestao de Recursos Ltda.,1953154,2024-02
Investmark Advisory Group LLC,1926349,2024-02
"Investment Advisory Group, LLC",1910273,2024-01
Investment Management Corp of Ontario,1811568,2024-02
"Investment Partners Asset Management, Inc.",1384416,2024-01
"Investment Research & Advisory Group, Inc.",1802136,2024-01
"Investments & Financial Planning, LLC",1909307,2024-01
Investors Research Corp,1730630,2024-01
"Investure, LLC",1476993,2024-02
"Invst, LLC",1867587,2024-02
"Invus Financial Advisors, LLC",1802978,2024-02
Ion Asset Management Ltd.,1603837,2024-02
Ionic Capital Management LLC,1386462,2024-02
Iowa State Bank,1546967,2024-01
"Ipswich Investment Management Co., Inc.",1463753,2024-01
Irenic Capital Management LP,1929389,2024-02
"Iron Horse Wealth Management, LLC",1836270,2024-01
Iron Triangle Partners LP,1779763,2024-02
"IronBridge Private Wealth, LLC",1850996,2024-02
Ironclad Investments LLC,1824600,2024-02
"Ironsides Asset Advisors, LLC",1615135,2024-02
"Ironvine Capital Partners, LLC",1730478,2024-02
"Ironwood Financial, llc",1630360,2024-01
"Ironwood Investment Counsel, LLC",1330463,2024-02
"Ironwood Wealth Management, LLC.",1692820,2024-01
Isomer Partners LP,1764008,2024-02
Israel Discount Bank of New York,1706511,2024-02
Itau Unibanco Holding S.A.,1132597,2024-02
IvyRock Asset Management (HK) Ltd,1809525,2024-02
"Iyo Bank, Ltd.",1890435,2024-02
J Arnold Wealth Management Co,1875202,2024-01
J. Goldman & Co LP,1412741,2024-02
"J. L. Bainbridge & Co., Inc.",1742315,2024-02
J. Stern & Co. LLP,2011335,2024-02
"J. W. Coons Advisors, LLC",1536139,2024-02
"J.H. Whitney Equity Partners VII, LLC",1567459,2024-02
"J.P. Marvel Investment Advisors, LLC",1426755,2024-02
J.Safra Asset Management Corp,1535293,2024-02
"J.W. COLE ADVISORS, INC.",1404763,2024-01
JABODON PT CO,1594167,2024-01
"JACKSON HILL ADVISORS, LLC",1911159,2024-02
"JACKSON SQUARE CAPITAL, LLC",1812178,2024-01
"JACKSON THORNTON ASSET MANAGEMENT, LLC",1903880,2024-02
JACOBS & CO/CA,1055544,2024-01
"JACOBS ASSET MANAGEMENT, LLC",1351063,2024-02
"JACOBS LEVY EQUITY MANAGEMENT, INC",884414,2024-02
"JACOBSON & SCHMITT ADVISORS, LLC",1632096,2024-02
"JAG CAPITAL MANAGEMENT, LLC",1080374,2024-02
JAMES INVESTMENT RESEARCH INC,810384,2024-02
"JAMISON PRIVATE WEALTH MANAGEMENT, INC.",2006637,2024-01
"JANA Partners Management, LP",1998597,2024-02
"JANE STREET GROUP, LLC",1595888,2024-02
"JANICZEK WEALTH MANAGEMENT, LLC",1598561,2024-01
JANUS HENDERSON GROUP PLC,1274173,2024-02
"JARISLOWSKY, FRASER Ltd",1123778,2024-02
JAT Capital Mgmt LP,1834438,2024-02
JB CAPITAL PARTNERS LP,1138532,2024-02
JB Capital LLC,1879371,2024-01
"JB Investments Management, LLC",1523988,2024-02
"JBF Capital, Inc.",1483864,2024-02
JCIC Asset Management Inc.,1492040,2024-01
"JCP Investment Management, LLC",1461945,2024-02
"JCSD Capital, LLC",1444055,2024-01
JDM Financial Group LLC,1960212,2024-02
JENNISON ASSOCIATES LLC,53417,2024-02
JENSEN INVESTMENT MANAGEMENT INC,1106129,2024-02
"JEPPSON WEALTH MANAGEMENT, LLC",1831263,2024-01
JET CAPITAL INVESTORS L P,1278235,2024-02
"JFG Wealth Management, LLC",1766972,2024-02
"JFS WEALTH ADVISORS, LLC",1568068,2024-02
JGP Global Gestao de Recursos Ltda.,1536562,2024-01
"JGP Wealth Management, LLC",1748278,2024-01
JLB & ASSOCIATES INC,1085227,2024-01
"JLP Asset Management, LLC",1767141,2024-01
JMAC ENTERPRISES LLC,1907294,2024-01
"JMG Financial Group, Ltd.",1314404,2024-02
JNBA Financial Advisors,1569118,2024-02
JNE Partners LLP,1770120,2024-02
JOHN G ULLMAN & ASSOCIATES INC,919530,2024-01
JOHNSON & JOHNSON,200406,2024-02
JOHNSON INVESTMENT COUNSEL INC,821197,2024-02
JOHO CAPITAL LLC,1106500,2024-02
JONES FINANCIAL COMPANIES LLLP,815917,2024-02
"JONES ROAD CAPITAL MANAGEMENT, L.P.",1842361,2024-02
"JOSH ARNOLD INVESTMENT CONSULTANT, LLC",1911348,2024-02
JOURNEY STRATEGIC WEALTH LLC,1909316,2024-02
JPB Foundation,2002798,2024-02
"JPL Wealth Management, LLC",2010710,2024-02
JPMORGAN CHASE & CO,19617,2024-02
"JRM Investment Counsel, LLC",1631084,2024-02
JS Capital Management LLC,1562668,2024-02
"JSF Financial, LLC",1802224,2024-02
JT Stratford LLC,1689013,2024-02
JTC Employer Solutions Trustee Ltd,1875645,2024-01
"JUNCTURE WEALTH STRATEGIES, LLC",1632866,2024-01
JUPITER ASSET MANAGEMENT LTD,1215838,2024-02
"JW Asset Management, LLC",1549738,2024-02
Jackson Creek Investment Advisors LLC,1831003,2024-02
"Jackson Hole Capital Partners, LLC",1767049,2024-02
"Jackson Square Partners, LLC",1605911,2024-02
"Jackson Wealth Management, LLC",1536799,2024-02
"Jackson, Grant Investment Advisers, Inc.",1650300,2024-02
Jacobi Capital Management LLC,1689646,2024-02
Jacobsen Capital Management,1782491,2024-01
"Jade Capital Advisors, LLC",1761663,2024-02
"Jaffetilchin Investment Partners, LLC",1404652,2024-02
James Hambro & Partners,1731152,2024-01
"James J. Burns & Company, LLC",1949059,2024-02
Janney Capital Management LLC,1569855,2024-02
Janney Montgomery Scott LLC,1329948,2024-02
"Japan Post Holdings Co., Ltd.",1783464,2024-01
Japan Science & Technology Agency,1948391,2024-02
"Jasper Ridge Partners, L.P.",1453381,2024-02
Jefferies Financial Group Inc.,96223,2024-02
Jentner Corp,1695908,2024-02
Jericho Capital Asset Management L.P.,1525234,2024-02
"Jessup Wealth Management, Inc",1963536,2024-01
Jetstream Capital LLC,1350605,2024-02
"Joel Isaacson & Co., LLC",1599330,2024-01
John & Kathleen Schreiber Foundation,1910790,2024-02
"John W. Brooker & Co., CPAs",1798926,2024-01
Johns Hopkins University,1764756,2024-02
"Johnson & White Wealth Management, LLC",1954136,2024-01
"Johnson Bixby & Associates, LLC",1844238,2024-01
"Johnson Financial Group, Inc.",1477024,2024-02
"Johnson Financial Group, LLC",1706327,2024-02
Jordan Park Group LLC,1707975,2024-02
Joseph Group Capital Management,1910383,2024-02
"Joseph P. Lucia & Associates, LLC",1775391,2024-01
"Joule Financial, LLC",1929070,2024-01
"Journey Advisory Group, LLC",1840085,2024-02
"Jump Financial, LLC",1831577,2024-02
"Juniper Capital Advisors, L.P.",2011609,2024-02
Juniper Hill Capital Management LP,1803460,2024-02
"Juniper Investment Company, LLC",1794034,2024-02
Junto Capital Management LP,1595880,2024-02
Jupiter Wealth Management LLC,1774207,2024-02
K.J. Harrison & Partners Inc,1418359,2024-02
"K2 PRINCIPAL FUND, L.P.",1461790,2024-02
"KABOUTER MANAGEMENT, LLC",1605429,2024-02
KADENSA CAPITAL Ltd,1720980,2024-02
KAHN BROTHERS GROUP INC,1039565,2024-02
KANAWHA CAPITAL MANAGEMENT LLC,1164478,2024-01
"KARPAS STRATEGIES, LLC",1127544,2024-02
"KAVAR CAPITAL PARTNERS GROUP, LLC",1841766,2024-02
KAYNE ANDERSON CAPITAL ADVISORS LP,949615,2024-02
KAYNE ANDERSON RUDNICK INVESTMENT MANAGEMENT LLC,1021223,2024-02
KBC Group NV,1411133,2024-02
"KCL Capital, L.P.",1722967,2024-01
KCM INVESTMENT ADVISORS LLC,1109228,2024-02
KEATING INVESTMENT COUNSELORS INC,1020580,2024-02
KEATING WEALTH MANAGEMENT LLC,1922796,2024-01
"KEB ASSET MANAGEMENT, LLC",1903035,2024-02
KELLEHER FINANCIAL ADVISORS,1507971,2024-02
KELLOGG W K FOUNDATION TRUST,1197921,2024-02
KELLY LAWRENCE W & ASSOCIATES INC/CA,920441,2024-02
KEMPER Corp,860748,2024-02
KEMPNER CAPITAL MANAGEMENT INC.,898399,2024-01
KENNEDY CAPITAL MANAGEMENT LLC,884589,2024-02
KENNEDY INVESTMENT GROUP,1978005,2024-01
KENNEDY LEWIS MANAGEMENT LP,1797633,2024-02
KENNICOTT CAPITAL MANAGEMENT LLC,1863265,2024-02
KENSICO CAPITAL MANAGEMENT CORP,1113000,2024-02
"KESTRA PRIVATE WEALTH SERVICES, LLC",1649451,2024-02
KESTREL INVESTMENT MANAGEMENT CORP,917579,2024-01
"KETTLE HILL CAPITAL MANAGEMENT, LLC",1387369,2024-02
KEYBANK NATIONAL ASSOCIATION/OH,1089877,2024-02
"KEYSTONE GROUP, L.P.",806250,2024-02
KEYSTONE INVESTORS PTE LTD,1926253,2024-02
KEYWISE CAPITAL MANAGEMENT (HK) Ltd,1474069,2024-02
"KFA Private Wealth Group, LLC",1800556,2024-02
"KFG WEALTH MANAGEMENT, LLC",1919344,2024-01
"KG&L Capital Management,LLC",1771687,2024-01
KGH Ltd,1549641,2024-02
"KICKSTAND VENTURES, LLC.",2000355,2024-02
"KILEY JUERGENS WEALTH MANAGEMENT, LLC",1723223,2024-01
"KIM, LLC",1888968,2024-02
KING LUTHER CAPITAL MANAGEMENT CORP,310051,2024-02
"KING STREET CAPITAL MANAGEMENT, L.P.",1218199,2024-02
"KINGDON CAPITAL MANAGEMENT, L.L.C.",1000097,2024-02
"KINGSWOOD WEALTH ADVISORS, LLC",1987855,2024-01
"KINNEY ASSET MANAGEMENT, LLC",1803121,2024-02
KIRR MARBACH & CO LLC /IN/,764112,2024-01
"KITCHING PARTNERS, LLC",2010145,2024-02
KIZE CAPITAL LP,1798860,2024-02
KKM Financial LLC,2001943,2024-02
"KLCM Advisors, Inc.",1166620,2024-01
"KLEIN PAVLIS & PEASLEY FINANCIAL, INC.",1907480,2024-01
KLINGENSTEIN FIELDS & CO LP,859872,2024-02
"KLR INVESTMENT ADVISORS, LLC",1973130,2024-02
KM Capital Management Ltd.,1963514,2024-01
"KMG FIDUCIARY PARTNERS, LLC",1773205,2024-01
"KNIGHTSBRIDGE ASSET MANAGEMENT, LLC",1332811,2024-02
KOCH INDUSTRIES INC,923338,2024-02
KOONCE CALVIN SCOTT,1026013,2024-01
KORNITZER CAPITAL MANAGEMENT INC /KS,898358,2024-01
"KPCB DGF II Associates, LLC",1611737,2024-02
KPP Advisory Services LLC,1989349,2024-02
KPS Global Asset Management UK Ltd,1799162,2024-02
"KRAEMATON INVESTMENT ADVISORS, INC",1910852,2024-01
"KRAFT ASSET MANAGEMENT, LLC",1908611,2024-02
"KRS Capital Management, LLC",1910876,2024-01
KRYGER CAPITAL Ltd,1911807,2024-02
KWB Wealth,1822236,2024-01
"KWMG, LLC",1633024,2024-01
Kades & Cheifetz LLC,1957259,2024-01
Kailix Advisors LLC,1970731,2024-02
Kaizen Capital Partners Ltd,1903898,2024-02
Kaizen Financial Strategies,1842013,2024-01
Kampmann Melissa S.,1999898,2024-02
"Kamunting Street Capital Management, L.P.",1317267,2024-02
Kapitalo Investimentos Ltda,1798686,2024-03
Kapstone Financial Advisors LLC,1966087,2024-02
"Karpus Management, Inc.",1048703,2024-02
Kathleen S. Wright Associates Inc.,1908433,2024-02
"Kaydan Wealth Management, Inc.",1964532,2024-01
Kaye Capital Management,1111797,2024-01
Kearns & Associates LLC,1908695,2024-01
"Keebeck Wealth Management, LLC",1803675,2024-02
"Keel Point, LLC",1386935,2024-01
Keeler Thomas Management LLC,1730660,2024-02
"Keeley-Teton Advisors, LLC",1700530,2024-02
"Keenan Capital, LLC",1647363,2024-02
"Keene & Associates, Inc.",1907874,2024-01
Keener Financial Planning LLC,2004495,2024-01
"Kellett Wealth Advisors, LLC",1910381,2024-01
"Kellner Capital, LLC",1550188,2024-02
"Kelman-Lazarov, Inc.",1672067,2024-02
Kemnay Advisory Services Inc.,1555283,2024-02
Kendall Capital Management,1731372,2024-01
"Kennon-Green & Company, LLC",1963352,2024-02
"Kensington Asset Management, LLC",1979884,2024-01
"Kensington Investment Counsel, LLC",1845536,2024-02
Kent Lake Capital LLC,1777141,2024-02
Kentucky Retirement Systems,1537783,2024-02
Kentucky Retirement Systems Insurance Trust Fund,1584686,2024-02
Kepos Capital LP,1512020,2024-02
"Kercheville Advisors, LLC",1890748,2024-01
Kerntke Otto McGlone Wealth Management Group,1804116,2024-02
"Kerrisdale Advisers, LLC",1569688,2024-02
"Kesler, Norman & Wride, LLC",1840455,2024-01
"Kessler Investment Group, LLC",1525947,2024-02
"Kestra Advisory Services, LLC",1830819,2024-02
Keudell/Morrison Wealth Management,1785498,2024-02
"Key Client Fiduciary Advisors, LLC",1912612,2024-01
"Key Colony Management, LLC",1336885,2024-01
Key FInancial Inc,1801720,2024-01
Key Square Capital Management LLC,1662970,2024-02
"Keyes, Stange & Wooten Wealth Management, LLC",2011352,2024-02
"Keyframe Capital Partners, L.P.",1830175,2024-02
Keystone Financial Group,1729299,2024-02
"Keystone Financial Planning, Inc.",1596906,2024-01
Keystone Financial Services,1865158,2024-01
"Keystone Wealth Services, LLC",1866189,2024-01
Khrom Capital Management LLC,1877963,2024-02
Kidder Stephen W,1314377,2024-02
"Kiely Wealth Advisory Group, Inc.",2005660,2024-02
Kiltearn Partners LLP,1582633,2024-02
KilterHowling LLC,1759354,2024-02
"Kimmeridge Energy Management Company, LLC",1706220,2024-01
"Kinetic Partners Management, LP",1911448,2024-02
King Wealth Management Group,1568235,2024-02
Kingdom Financial Group LLC.,1962236,2024-01
Kingfisher Capital LLC,1483170,2024-02
"Kingsview Wealth Management, LLC",1791965,2024-02
"Kinloch Capital, LLC",1818557,2024-02
"Kinneret Advisory, LLC",1569518,2024-02
Kinnevik AB (publ),1766574,2024-02
"Kinsale Capital Group, Inc.",1669162,2024-02
Kirkoswald Asset Management LLC,1795594,2024-02
Kite Lake Capital Management (UK) LLP,1687444,2024-02
Kiwi Wealth Investments Limited Partnership,1555829,2024-02
"Klaas Financial Asset Advisors, LLC",1819279,2024-02
"Klingman & Associates, LLC",1662449,2024-01
"Knighthead Capital Management, LLC",1512397,2024-02
Knights of Columbus Asset Advisors LLC,1688666,2024-01
"Knoll Capital Management, LLC",1325083,2024-02
"Knollwood Investment Advisory, LLC",1999346,2024-02
Knott David M Jr,1892770,2024-02
"Knowledge Leaders Capital, LLC",1563223,2024-02
Knuff & Co LLC,1768089,2024-02
Kodai Capital Management LP,1999612,2024-02
"Koesten, Hirschmann & Crabtree, INC.",1963421,2024-02
Kohlberg Kravis Roberts & Co. L.P.,1399770,2024-02
"Kohmann Bosshard Financial Services, LLC",1696615,2024-01
"Kolinsky Wealth Management, LLC",1904326,2024-02
Kontiki Capital Management (HK) Ltd.,1713390,2024-02
Kontiki Services (Schweiz) AG,1965325,2024-02
Kooman & Associates,1961850,2024-01
"Kopernik Global Investors, LLC",1599814,2024-02
"Kopion Asset Management, LLC",1728689,2024-01
"Kopp Family Office, LLC",1683689,2024-02
Kora Management LP,1659815,2024-02
Kore Advisors LP,1971339,2024-02
Korea Investment CORP,1441689,2024-02
"Koshinski Asset Management, Inc.",1633389,2024-01
"Koss-Olinger Consulting, LLC",1861163,2024-02
"Kovack Advisors, Inc.",1728321,2024-02
"Kovitz Investment Group Partners, LLC",1665198,2024-02
"Kowal Investment Group, LLC",1846786,2024-01
"Kozak & Associates, Inc.",1764970,2024-01
"Kraft, Davis & Associates, LLC",1919438,2024-01
Krane Funds Advisors LLC,1536592,2024-02
Kranot Hishtalmut Le Morim Tichoniim Havera Menahelet LTD,1639754,2024-01
Kranot Hishtalmut Le Morim Ve Gananot Havera Menahelet LTD,1639753,2024-01
"Krensavage Asset Management, LLC",1609251,2024-02
Krilogy Financial LLC,1659047,2024-01
Kuhn & Co Investment Counsel,2011958,2024-02
"Kure Advisory, LLC",1986795,2024-01
Kuvari Partners LLP,1813203,2024-02
"Kynam Capital Management, LP",1907884,2024-02
L & S Advisors Inc,1392364,2024-02
"L. Roy Papp & Associates, LLP",809339,2024-01
L.M. KOHN & COMPANY,870260,2024-02
L1 Capital International Pty Ltd,2009023,2024-02
L1 Capital Pty Ltd,1817646,2024-02
"L2 Asset Management, LLC",1686988,2024-02
LA FINANCIERE DE L'ECHIQUIER,1673995,2024-01
"LAKE STREET ADVISORS GROUP, LLC",1724269,2024-02
LAKE STREET FINANCIAL LLC,1772031,2024-01
"LAKEWOOD CAPITAL MANAGEMENT, LP",1424381,2024-02
"LAM GROUP, INC.",1961944,2024-01
LANDAAS & CO /WI /ADV,913990,2024-02
"LANDMARK WEALTH MANAGEMENT, INC.",1985016,2024-02
"LANDSCAPE CAPITAL MANAGEMENT, L.L.C.",1536186,2024-02
LANNEBO FONDER AB,1748965,2024-01
LANSDOWNE PARTNERS (UK) LLP,1608485,2024-02
LASALLE INVESTMENT MANAGEMENT SECURITIES LLC,1085601,2024-02
LASRY MARC,1259927,2024-02
LATHROP INVESTMENT MANAGEMENT CORP,1124841,2024-02
LAWSON KROEKER INVESTMENT MANAGEMENT INC/NE,1013701,2024-01
LAZARD ASSET MANAGEMENT LLC,1207017,2024-02
"LAZARI CAPITAL MANAGEMENT, INC.",1986389,2024-02
LB Partners LLC,2007877,2024-01
"LBJ Family Wealth Advisors, Ltd.",1601622,2024-01
"LBMC INVESTMENT ADVISORS, LLC",1536924,2024-01
LBP AM SA,1970075,2024-02
LCM Capital Management Inc,1861752,2024-02
LCNB CORP,1074902,2024-02
LDR Capital Management LLC,1566089,2024-01
"LEAVELL INVESTMENT MANAGEMENT, INC.",924181,2024-01
LECAP ASSET MANAGEMENT LTD,1990849,2024-01
LEDERER & ASSOCIATES INVESTMENT COUNSEL/CA,1089707,2024-01
LEE DANNER & BASS INC,939219,2024-02
"LEE JOHNSON CAPITAL MANAGEMENT, LLC",1674836,2024-01
"LEGACY FINANCIAL GROUP, INC.",1965579,2024-02
"LETKO, BROSSEAU & ASSOCIATES INC",1297496,2024-02
"LEUTHOLD GROUP, LLC",1170152,2024-02
"LEVEL FOUR ADVISORY SERVICES, LLC",1696715,2024-02
"LEVIN CAPITAL STRATEGIES, L.P.",1354821,2024-02
LFA - Lugano Financial Advisors SA,1737871,2024-01
"LFL Advisers, LLC",1694127,2024-02
"LGL PARTNERS, LLC",1653202,2024-02
LGT CAPITAL PARTNERS LTD.,1641992,2024-01
LGT Financial Advisors LLC,1965191,2024-02
LGT Fund Management Co Ltd.,1911284,2024-02
LGT Group Foundation,1911278,2024-02
"LHM, INC.",2009224,2024-02
"LIBERTY ONE INVESTMENT MANAGEMENT, LLC",1807328,2024-01
LIBERTY WEALTH MANAGEMENT LLC,1769302,2024-02
LIBRA WEALTH LLC,1925385,2024-01
"LIGHT STREET CAPITAL MANAGEMENT, LLC",1569049,2024-02
LILLY ENDOWMENT INC,316011,2024-01
LINCLUDEN MANAGEMENT LTD,1058231,2024-02
LINCOLN CAPITAL CORP,872359,2024-01
LINCOLN NATIONAL CORP,59558,2024-02
LINDEN ADVISORS LP,1279396,2024-02
LITTLE HOUSE CAPITAL LLC,1748814,2024-02
LITTLEJOHN & CO LLC,1042537,2024-02
"LJI Wealth Management, LLC",1988563,2024-01
"LL Funds, LLC",1911184,2024-01
LM Advisors LLC,2011314,2024-02
"LMCG INVESTMENTS, LLC",1470944,2024-02
"LMDAGG, L.L.C.",1942401,2024-02
"LMG Wealth Partners, LLC",1965772,2024-01
LMR Partners LLP,1578621,2024-02
"LOCKERMAN FINANCIAL GROUP, INC.",1906539,2024-01
LOCKHEED MARTIN INVESTMENT MANAGEMENT CO,897599,2024-02
"LOCUST WOOD CAPITAL ADVISERS, LLC",1349434,2024-02
LODESTAR PRIVATE ASSET MANAGEMENT LLC,1963040,2024-01
LOEWS CORP,60086,2024-02
LOGAN CAPITAL MANAGEMENT INC,1121330,2024-02
LONDON CO OF VIRGINIA,1259887,2024-02
LONE PINE CAPITAL LLC,1061165,2024-02
LONESTAR CAPITAL MANAGEMENT LLC,1317410,2024-02
LONG WALK MANAGEMENT LP,1869470,2024-01
LONGFELLOW INVESTMENT MANAGEMENT CO LLC,1167487,2024-02
"LONGVIEW ASSET MANAGEMENT, LLC",1086477,2024-02
LOOMIS SAYLES & CO L P,312348,2024-02
"LORD, ABBETT & CO. LLC",728100,2024-02
LORING WOLCOTT & COOLIDGE FIDUCIARY ADVISORS LLP/MA,932974,2024-02
LOS ANGELES CAPITAL MANAGEMENT LLC,1177206,2024-02
"LOUNTZIS ASSET MANAGEMENT, LLC",1821168,2024-01
LOWE BROCKENBROUGH & CO INC,22657,2024-02
"LOWERY THOMAS, LLC",1919701,2024-02
LPL Financial LLC,1403438,2024-02
LPWM LLC,1801101,2024-01
"LRT Capital Management, LLC",1798923,2024-02
"LS Investment Advisors, LLC",1455845,2024-01
"LSP Investment Advisors, LLC",1728850,2024-02
LSV ASSET MANAGEMENT,1050470,2024-02
LTG Capital LLC,1936987,2024-02
LTS One Management LP,1894188,2024-02
"LUBERT-ADLER MANAGEMENT COMPANY, LP",1655557,2024-02
LUMINUS MANAGEMENT LLC,1279151,2024-02
"LUTS & GREENLEIGH GROUP, INC",1967844,2024-01
LVM CAPITAL MANAGEMENT LTD/MI,1053054,2024-01
"LVW Advisors, LLC",1576053,2024-01
"LVZ, Inc.",1574408,2024-01
"LWM Advisory Services, LLC",1697716,2024-02
"LWMG, LLC",1964955,2024-02
"LWS Wealth Advisors, Inc.",1801634,2024-02
"LYELL WEALTH MANAGEMENT, LP",1686444,2024-02
LYNCH & ASSOCIATES/IN,1108965,2024-01
LYRICAL ASSET MANAGEMENT LP,1542302,2024-02
LaFleur & Godfrey LLC,1387458,2024-01
"LaSalle St. Investment Advisors, LLC",1966193,2024-02
"Lafayette Investments, Inc.",1308377,2024-01
"Laffer Tengler Investments, Inc.",1307878,2024-02
"Lagoda Investment Management, L.P.",1632108,2024-02
Laidlaw Wealth Management LLC,1800608,2024-02
"Laird Norton Wetherby Trust Company, LLC",723204,2024-02
"Laird Norton Wetherby Wealth Management, LLC",1279627,2024-02
"Lake Hills Wealth Management, LLC",1705594,2024-01
Lakehouse Capital Pty Ltd,1844830,2024-01
Lakeridge Wealth Management LLC,2012028,2024-02
"Lakeshore Financial Planning, Inc.",2000571,2024-02
"Lakeside Advisors, INC.",1913467,2024-01
Lakewood Asset Management LLC,1966581,2024-01
Lancaster Investment Management,1630064,2024-01
"Land & Buildings Investment Management, LLC",1536520,2024-02
"Landmark Financial Advisors, LLC",1641440,2024-02
"Landmark Wealth Management, LLC",1728778,2024-01
Lane Generational LLC,1901384,2024-02
"Lanham O'Dell & Company, Inc.",1926344,2024-02
Lansing Management LP,1691908,2024-02
Lansing Street Advisors,1926571,2024-02
"Lantern Wealth Advisors, LLC",1950218,2024-02
Lantz Financial LLC,1766883,2024-01
Laraway Financial Advisors Inc,1908275,2024-02
Larson Financial Group LLC,1731061,2024-02
"Latash Investments, LLC",1317961,2024-02
"Latigo Investments, LLC",1914668,2024-02
"Latitude Advisors, LLC",1843715,2024-01
"Lattice Capital Management, LLC",1710207,2024-01
"Lauer Wealth, LLC",1860063,2024-01
Laurel Wealth Advisors LLC,1757128,2024-02
Laurel Wealth Planning LLC,1842010,2024-02
Laurion Capital Management LP,1390202,2024-02
Laurus Investment Counsel Inc.,1869316,2024-01
"Lauterbach Financial Advisors, LLC",1909828,2024-01
Lavaca Capital LLC,1641447,2024-02
Lazard Freres Gestion S.A.S.,1426748,2024-02
"Lead Edge Capital Management, LLC",1802797,2024-02
Leading Edge Financial Planning LLC,1967205,2024-02
"Lebenthal Global Advisors, LLC",1845766,2024-02
"Ledge Wealth Management, Inc.",1927042,2024-01
Ledyard National Bank,1310658,2024-02
Lee Financial Co,1391166,2024-02
"Lee Financial Group Hawaii, Inc.",837980,2024-01
"Leelyn Smith, LLC",1777817,2024-02
"Leeward Financial Partners, LLC",1735201,2024-01
"Leeward Investments, LLC - MA",1923173,2024-02
"Left Brain Wealth Management, LLC",1957370,2024-02
"Legacy Advisors, LLC",1720969,2024-02
"Legacy Bridge, LLC",1689144,2024-01
"Legacy CG, LLC",1904825,2024-01
"Legacy Capital Group California, Inc.",1977092,2024-02
"Legacy Capital Wealth Partners, LLC",1766228,2024-02
"Legacy Financial Advisors, Inc.",1730810,2024-02
Legacy Financial Group LLC,1834011,2024-01
"Legacy Financial Strategies, LLC",1723925,2024-02
Legacy Private Trust Co.,1352547,2024-01
Legacy Trust,1772483,2024-01
"Legacy Wealth Asset Management, LLC",1846151,2024-01
"Legacy Wealth Management, Inc",1488921,2024-01
Legal & General Group Plc,764068,2024-02
"Legal Advantage Investments, Inc.",1841769,2024-01
Legato Capital Management LLC,1442641,2024-01
"Legend Financial Advisors, Inc.",1781948,2024-01
"Legion Partners Asset Management, LLC",1560207,2024-02
"Leibman Financial Services, Inc.",2006661,2024-01
"Leicht Financial Planning & Wealth Management, Inc.",1710666,2024-01
Leisure Capital Management,1631507,2024-02
Leith Wheeler Investment Counsel Ltd.,1353651,2024-01
"Leo Wealth, LLC",1912202,2024-03
"Leonard Green & Partners, L.P.",1175523,2024-02
Leonard Rickey Investment Advisors P.L.L.C.,1731447,2024-01
Lesa Sroufe & Co,1492162,2024-02
Lester Murray Antman dba SimplyRich,1725888,2024-01
"Level Financial Advisors, Inc.",1871734,2024-01
Leverage Partners Absolute Return Fund SPC,1662944,2024-02
"Leverty Financial Group, LLC",1908386,2024-01
"Levy Wealth Management Group, LLC",1843138,2024-01
"Lewis Asset Management, LLC",2004520,2024-01
"LexAurum Advisors, LLC",1729677,2024-01
Lexington Partners L.P.,1621157,2024-02
"Liberty Capital Management, Inc.",1366838,2024-01
Liberty Mutual Group Asset Management Inc.,1533497,2024-02
"Liberty Street Advisors, Inc.",1489178,2024-01
Library Research Ltd,1788330,2024-02
"Lido Advisors, LLC",1650150,2024-02
"Life Planning Partners, Inc",1910934,2024-01
"LifeGuide Financial Advisors, LLC",1908585,2024-01
"LifePlan Financial, LLC",1739485,2024-01
LifePro Asset Management,1838533,2024-02
"LifeSteps Financial, Inc.",1801373,2024-01
"Lifestyle Asset Management, Inc.",1845675,2024-02
"Lifeworks Advisors, LLC",1882132,2024-02
"Lighthouse Investment Partners, LLC",1600344,2024-02
"Lightspeed Opportunity Fund, L.P.",1780948,2024-02
Lincoln Capital LLC,1633862,2024-01
"Lindbrook Capital, LLC",1767045,2024-02
"Linden Thomas Advisory Services, LLC",1965702,2024-02
"Lindenwold Advisors, INC",1874374,2024-02
Lindsell Train Ltd,1484150,2024-02
"Lineweaver Wealth Advisors, LLC",1797873,2024-01
Lingohr Asset Management GmbH,1527570,2024-02
Lingotto Investment Management LLP,1732768,2024-02
Linonia Partnership LP,1985479,2024-02
"Linscomb & Williams, Inc.",1313294,2024-02
Linse Capital LLC,1849040,2024-02
Linse Capital Management PR LLC,1849153,2024-02
"Lion Point Capital, LP",1643354,2024-02
"Lion Street Advisors, LLC",1801991,2024-01
Lionsbridge Wealth Management LLC,1800533,2024-01
Lionstone Capital Management LLC,1575662,2024-02
Liontrust Investment Partners LLP,1544204,2024-02
Lipe & Dalton,1570396,2024-01
"Liquid Strategies, LLC",1774727,2024-02
"Lisanti Capital Growth, LLC",1424467,2024-02
Litman Gregory Wealth Management LLC,1551867,2024-01
"Little Harbor Advisors, LLC",1539639,2024-02
Live Oak Investment Partners,1822262,2024-02
Live Oak Private Wealth LLC,1799877,2024-01
Livelsberger Financial Advisory,2015721,2024-03
"Livforsakringsbolaget Skandia, Omsesidigt",1547926,2024-01
"Lloyd Advisory Services, LLC.",1802474,2024-02
"Lloyd Harbor Capital Management, LLC",1847935,2024-02
Lodbrok Capital LLP,1778719,2024-02
Lodestone Wealth Management LLC,1950158,2024-01
"Lodge Hill Capital, LLC",1598245,2024-02
"Logan Stone Capital, LLC",1535521,2024-02
Logos Global Management LP,1792126,2024-02
Lokken Investment Group LLC,1842840,2024-02
Lombard Odier Asset Management (Europe) Ltd,1535784,2024-02
Lombard Odier Asset Management (Switzerland) SA,1535660,2024-02
Lombard Odier Asset Management (USA) Corp,1491719,2024-02
London & Capital Asset Management Ltd,1767559,2024-01
Long Corridor Asset Management Ltd,1845501,2024-02
"Long Focus Capital Management, LLC",1602716,2024-02
"Long Island Wealth Management, Inc.",2011177,2024-02
Long Path Partners LP,1905112,2024-02
"Long Pond Capital, LP",1499066,2024-02
"Long Road Investment Counsel, LLC",1620081,2024-02
"Long Run Wealth Advisors, LLC",1903296,2024-01
LongView Wealth Management,1990190,2024-01
Longbow Finance SA,1965552,2024-02
Longitude (Cayman) Ltd.,1664999,2024-02
Longview Partners (Guernsey) LTD,1426092,2024-02
Lorne Steinberg Wealth Management Inc.,1851362,2024-02
"Loudon Investment Management, LLC",1597089,2024-02
Louisiana State Employees Retirement System,1537191,2024-01
"Lowe Wealth Advisors, LLC",1574010,2024-01
"Luken Investment Analytics, LLC",1730546,2024-01
"Lumbard & Kellner, LLC",1602476,2024-02
Lumina Fund Management LLC,1511847,2024-02
"Lummis Asset Management, LP",2011652,2024-02
"Lunt Capital Management, Inc.",1608034,2024-01
Lutz Financial Services LLC,1737112,2024-02
"Luxor Capital Group, LP",1316580,2024-02
"Lynch Asset Management, Inc.",1906719,2024-01
Lynrock Lake LP,1734341,2024-02
Lynwood Capital Management Inc.,1846412,2024-02
Lynx1 Capital Management LP,1910456,2024-02
"M Financial Asset Management, Inc.",1730083,2024-02
"M Holdings Securities, Inc.",1569638,2024-02
M&G INVESTMENT MANAGEMENT LTD,922898,2024-02
M&R CAPITAL MANAGEMENT INC,1057395,2024-01
M&T BANK CORP,36270,2024-02
M. Kraus & Co,1593688,2024-01
"M. Kulyk & Associates, LLC",1842370,2024-02
"M.D. Sass, Inc.",922940,2024-02
M28 Capital Management LP,1807489,2024-02
"M3 Advisory Group, LLC",2014826,2024-03
"M3F, Inc.",1511291,2024-02
MA Private Wealth,1767474,2024-01
MACKAY SHIELDS LLC,61227,2024-02
MACKENZIE FINANCIAL CORP,919859,2024-01
MACQUARIE GROUP LTD,1418333,2024-02
MACROVIEW INVESTMENT MANAGEMENT LLC,1551727,2024-01
MAD RIVER INVESTORS,1384484,2024-01
MADDEN SECURITIES Corp,1803566,2024-02
MAGNOLIA CAPITAL ADVISORS LLC,1803662,2024-02
MAGNOLIA CAPITAL MANAGEMENT LTD,1802361,2024-01
"MAGNOLIA GROUP, LLC",1618376,2024-02
MAI Capital Management,1040197,2024-02
"MAINSAIL MANAGEMENT COMPANY, LLC",1883367,2024-02
MAINSTAY CAPITAL MANAGEMENT LLC /ADV,1127612,2024-01
MAIRS & POWER INC,1070134,2024-02
MAK CAPITAL ONE LLC,1385702,2024-02
MAKENA CAPITAL MANAGEMENT LLC,1359262,2024-02
MALTESE CAPITAL MANAGEMENT LLC,1040762,2024-02
"MANAGED ASSET PORTFOLIOS, LLC",1600999,2024-02
MANCHESTER FINANCIAL INC,866590,2024-01
MANE GLOBAL CAPITAL MANAGEMENT LP,1856155,2024-02
"MANGROVE PARTNERS IM, LLC",1535392,2024-02
"MANUFACTURERS LIFE INSURANCE COMPANY, THE",928047,2024-02
"MAPLELANE CAPITAL, LLC",1512173,2024-02
MAR VISTA INVESTMENT PARTNERS LLC,1419999,2024-02
MARATHON ASSET MANAGEMENT LP,1279913,2024-02
MARATHON CAPITAL MANAGEMENT,1213206,2024-02
MARCO INVESTMENT MANAGEMENT LLC,1080493,2024-02
MARIETTA INVESTMENT PARTNERS LLC,1114702,2024-02
MARINER INVESTMENT GROUP LLC,1096978,2024-02
"MARINO, STRAM & ASSOCIATES LLC",1099762,2024-01
MARIPAU WEALTH MANAGEMENT LLC,1890698,2024-02
MARK ASSET MANAGEMENT LP,860176,2024-02
"MARK SHEPTOFF FINANCIAL PLANNING, LLC",1607355,2024-02
MARKEL GROUP INC.,1096343,2024-02
MARKET STREET WEALTH MANAGEMENT ADVISORS LLC,1767601,2024-01
MARLIN SAMS CAPITAL MANAGEMENT LLC,1608618,2024-02
MARSHALL & SULLIVAN INC /WA/,820123,2024-01
MARSHALL FINANCIAL GROUP INC /ADV,701189,2024-02
"MARSHALL WACE, LLP",1318757,2024-02
MARSHFIELD ASSOCIATES,914976,2024-02
MARSICO CAPITAL MANAGEMENT LLC,1055966,2024-02
MARTIN & CO INC /TN/,1008868,2024-02
MARTIN CURRIE LTD,1094499,2024-02
MARTINGALE ASSET MANAGEMENT L P,936944,2024-02
MARVIN & PALMER ASSOCIATES INC,860645,2024-02
MARYLAND CAPITAL ADVISORS INC.,1891201,2024-01
MAS Advisors LLC,1906683,2024-02
MASON CAPITAL MANAGEMENT LLC,1218735,2024-02
"MASON STREET ADVISORS, LLC",1167711,2024-02
MASSACHUSETTS FINANCIAL SERVICES CO /MA/,912938,2024-02
MASSACHUSETTS INSTITUTE OF TECHNOLOGY,351051,2024-02
MASSMUTUAL TRUST CO FSB/ADV,1103653,2024-01
MASTERS CAPITAL MANAGEMENT LLC,1104186,2024-02
"MATHER GROUP, LLC.",1527641,2024-02
MATRIX ASSET ADVISORS INC/NY,1016287,2024-01
MATRIX PRIVATE CAPITAL GROUP LLC,1906866,2024-02
"MATTERN CAPITAL MANAGEMENT, LLC",1803227,2024-02
MATTHEWS INTERNATIONAL CAPITAL MANAGEMENT LLC,1028074,2024-01
MAVERICK CAPITAL LTD,934639,2024-02
"MAYPORT, LLC",1922875,2024-01
"MB Generational Wealth, LLC",2009056,2024-02
MBA Advisors LLC,1848704,2024-01
MBB PUBLIC MARKETS I LLC,1892378,2024-02
"MBE Wealth Management, LLC",1775850,2024-01
"MBL Wealth, LLC",1845785,2024-01
"MBM Wealth Consultants, LLC",1762068,2024-01
MCDANIEL TERRY & CO,1104366,2024-01
MCDONALD CAPITAL INVESTORS INC/CA,1033225,2024-01
MCDONALD PARTNERS LLC,1331074,2024-02
MCF Advisors LLC,1602905,2024-02
MCIA Inc,1714506,2024-01
MCINTYRE FREEDMAN & FLYNN INVESTMENT ADVISERS INC,1015877,2024-02
MCKINLEY CAPITAL MANAGEMENT LLC,915287,2024-02
MCMORGAN & CO LLC,1162695,2024-02
MCRAE CAPITAL MANAGEMENT INC,320376,2024-01
"MEAG MUNICH ERGO, Kapitalanlagegesellschaft mbH",1142433,2024-01
"MEANS INVESTMENT CO., INC.",701516,2024-01
MEDIATEL PARTNERS,1133939,2024-02
MEDICI CAPITAL LLC,1777234,2024-02
MEEDER ASSET MANAGEMENT INC,809443,2024-01
MEITAV INVESTMENT HOUSE LTD,1398346,2024-01
"MELFA WEALTH MANAGEMENT, LLC",1962465,2024-01
MEMBERS CAPITAL ADVISORS INC,1025421,2024-02
MENDON CAPITAL ADVISORS CORP,1177043,2024-02
MENLO ADVISORS LLC,1279708,2024-02
MENORA MIVTACHIM HOLDINGS LTD.,1351917,2024-02
MERCER GLOBAL ADVISORS INC /ADV,853758,2024-02
MERIDIAN INVESTMENT COUNSEL INC.,1427351,2024-02
MERIDIAN MANAGEMENT CO,806097,2024-02
MERITAGE PORTFOLIO MANAGEMENT,881432,2024-02
MESIROW FINANCIAL INVESTMENT MANAGEMENT - Fixed Income,846788,2024-02
"METEORA CAPITAL, LLC",1905106,2024-02
METLIFE INC,1099219,2024-02
METROPOLITAN LIFE INSURANCE CO/NY,728618,2024-02
MEYER HANDELMAN CO,45319,2024-01
"MFA WEALTH ADVISORS, LLC",1688184,2024-02
"MFN Partners Management, LP",1732811,2024-02
MGG Investment Group LP,1723594,2024-02
MGO ONE SEVEN LLC,1731444,2024-02
"MGO Private Wealth, LLC",1952532,2024-02
MHR FUND MANAGEMENT LLC,1277742,2024-02
MIC Capital Management UK LLP,1889830,2024-02
MIDDLETON & CO INC/MA,919497,2024-02
MIDLAND WEALTH ADVISORS LLC,1990058,2024-02
"MIG Capital, LLC",1425649,2024-02
"MILESTONE ASSET MANAGEMENT, LLC",1964722,2024-01
MILLENNIUM MANAGEMENT LLC,1273087,2024-02
MILLER HOWARD INVESTMENTS INC /NY,903947,2024-01
"MILLER VALUE PARTNERS, LLC",1135778,2024-02
"MILLER WEALTH ADVISORS, LLC",1908158,2024-02
"MINOT CAPITAL, LP",1835714,2024-01
MIRABELLA FINANCIAL SERVICES LLP,1538853,2024-02
MIROVA,1767843,2024-02
"MISSION WEALTH MANAGEMENT, LP",1645382,2024-02
"MITCHELL & PAHL PRIVATE WEALTH, LLC",1836506,2024-02
MITCHELL CAPITAL MANAGEMENT CO,1080351,2024-02
MITCHELL MCLEOD PUGH & WILLIAMS INC,1632105,2024-02
MITCHELL SINKLER & STARR/PA,1048921,2024-02
MITSUBISHI UFJ FINANCIAL GROUP INC,67088,2024-02
MIZUHO MARKETS AMERICAS LLC,1825516,2024-02
MIZUHO SECURITIES USA LLC,1513006,2024-02
MJP ASSOCIATES INC /ADV,715113,2024-01
MKA Charitable Fund,2010351,2024-02
"MKP Capital Management, L.L.C.",1534949,2024-02
MKT Advisors LLC,1906802,2024-01
ML & R WEALTH MANAGEMENT LLC,1903320,2024-02
MMA ASSET MANAGEMENT LLC,1842667,2024-02
MMBG INVESTMENT ADVISORS CO.,1765876,2024-02
MMCAP International Inc. SPC,1304857,2024-02
"MML INVESTORS SERVICES, LLC",701059,2024-02
"MN Wealth Advisors, LLC",1992972,2024-02
MOGY JOEL R INVESTMENT COUNSEL INC,1126735,2024-02
MOLLER FINANCIAL SERVICES,1475271,2024-01
MONARCH CAPITAL MANAGEMENT INC/,938759,2024-01
"MONECO Advisors, LLC",1765690,2024-02
MONETA GROUP INVESTMENT ADVISORS LLC,1120927,2024-02
MONETARY MANAGEMENT GROUP INC,1133014,2024-02
MONETTA FINANCIAL SERVICES INC,869179,2024-02
MONEY CONCEPTS CAPITAL CORP,716851,2024-02
"MONEYWISE, INC.",1703080,2024-01
"MONOGRAPH WEALTH ADVISORS, LLC",1776588,2024-02
"MONTAG & CALDWELL, LLC",67698,2024-02
MONTAG A & ASSOCIATES INC,829407,2024-02
MONTGOMERY INVESTMENT MANAGEMENT INC,1272544,2024-01
MONTRUSCO BOLTON INVESTMENTS INC.,1475940,2024-02
MONUMENTAL FINANCIAL GROUP INC.,1861798,2024-02
MOODY ALDRICH PARTNERS LLC,936941,2024-01
"MOODY LYNN & LIEBERSON, LLC",938592,2024-01
MOODY NATIONAL BANK TRUST DIVISION,1092903,2024-01
MOON CAPITAL MANAGEMENT LP,1387303,2024-02
"MOORE CAPITAL MANAGEMENT, LP",1448574,2024-02
MORGAN DEMPSEY CAPITAL MANAGEMENT LLC,1050463,2024-01
MORGAN STANLEY,895421,2024-02
MORGENS WATERFALL VINTIADIS & CO INC,1016150,2024-02
"MORRIS FINANCIAL CONCEPTS, INC.",1387386,2024-01
MORTON COMMUNITY BANK,2011821,2024-02
"MOSAIC FAMILY WEALTH PARTNERS, LLC",1965241,2024-01
MOSELEY INVESTMENT MANAGEMENT INC,906396,2024-01
MOTCO,1306333,2024-02
MOTIVE WEALTH ADVISORS,1877093,2024-02
"MOULTON WEALTH MANAGEMENT, INC",1792510,2024-01
MOUNT VERNON ASSOCIATES INC /MD/,799003,2024-01
MOUNTAIN PACIFIC INVESTMENT ADVISERS INC/ID,1067324,2024-02
MPM ASSET MANAGEMENT LLC,1263048,2024-02
MPM BioImpact LLC,1687078,2024-02
"MPS Loria Financial Planners, LLC",1716180,2024-02
MQS Management LLC,1759395,2024-02
MRA Advisory Group,1841816,2024-02
"MRP Capital Investments, LLC",1964831,2024-01
"MSA Advisors, LLC",1040410,2024-02
MSD CAPITAL L P,1105497,2024-02
"MSD Partners, L.P.",1514334,2024-02
MTC Wealth Management LLC,1821455,2024-01
"MTM Investment Management, LLC",1831416,2024-01
"MUFG Bank, Ltd.",852743,2024-02
"MUFG SECURITIES (CANADA), LTD.",1656187,2024-02
MUFG Securities EMEA plc,1597694,2024-02
MUHLENKAMP & CO INC,1133219,2024-01
MUIRFIELD WEALTH ADVISORS LLC,2014898,2024-03
MUTUAL OF AMERICA CAPITAL MANAGEMENT LLC,922127,2024-01
"MV CAPITAL MANAGEMENT, INC.",1633366,2024-01
"MVM Partners, LLC",1947083,2024-02
MWA Asset Management,1903058,2024-01
MWG Management Ltd.,1845151,2024-02
MY Wealth Management Inc.,1827845,2024-02
MY.Alpha Management HK Advisors Ltd,1910173,2024-02
"MYCIO WEALTH PARTNERS, LLC",1371726,2024-01
MYDA Advisors LLC,1589689,2024-02
"MYECFO, LLC",1986457,2024-01
"Macellum Advisors, LP",1536216,2024-02
"Mach-1 Financial Group, LLC",1843358,2024-02
Machina Capital S.A.S.,1744373,2024-02
"Madden Advisory Services, Inc.",1542284,2024-02
"Mader & Shannon Wealth Management, Inc.",1535862,2024-01
"Madison Asset Management, LLC",1299351,2024-02
"Madison Avenue Partners, LP",1801265,2024-02
"Madison International Realty Holdings, LLC",1640680,2024-02
"Madison Park Capital Advisors, LLC",1993022,2024-02
"Madison Wealth Partners, Inc",1844424,2024-02
"Madrona Financial Services, LLC",1578370,2024-01
"Madrona Venture Group, LLC",1887785,2024-01
"Madrone Advisors, LLC",1964563,2024-02
Magellan Asset Management Ltd,1536105,2024-02
Magma Venture Partners General Partner Ltd.,1907544,2024-02
Magnetar Financial LLC,1352851,2024-02
"Magnitude Capital, LLC",1556278,2024-02
"Magnolia Wealth Management, LLC",1908732,2024-02
Magnus Financial Group LLC,1765216,2024-02
Maia Wealth LLC,2010858,2024-02
"Main Line Retirement Advisors, LLC",1809416,2024-02
"Main Management ETF Advisors, LLC",1698607,2024-02
Main Management Fund Advisors LLC,1862787,2024-02
Main Management LLC,1583092,2024-02
"Main Street Financial Solutions, LLC",1763350,2024-02
"Main Street Group, LTD",1965796,2024-02
Main Street Research LLC,1513211,2024-01
MainStreet Investment Advisors LLC,1729854,2024-02
"Mainsail Financial Group, LLC",1961290,2024-01
Maj Invest Holding A/S,1730525,2024-02
Makaira Partners LLC,1540866,2024-02
"Malaga Cove Capital, LLC",1603001,2024-02
"Maltin Wealth Management, Inc.",1764260,2024-01
Man Group plc,1637460,2024-02
"Manatuck Hill Partners, LLC",1467902,2024-02
Manchester Capital Management LLC,1393389,2024-02
Manchester Global Management (UK) Ltd,1965104,2024-02
Mandatum Life Insurance Co Ltd,1664324,2024-02
"Mango Five Family, Inc.",2007959,2024-02
Mango Investments LLC,2006561,2024-02
"Manhattan West Asset Management, LLC",1904770,2024-02
Manitou Investment Management Ltd.,1657428,2024-02
"Manning & Napier Group, LLC",1725248,2024-01
Mantle Ridge LP,1695459,2024-02
"Maple Capital Management, Inc.",1313893,2024-02
Maple Rock Capital Partners Inc.,1658363,2024-02
Maple-Brown Abbott Ltd,1681596,2024-01
Marathon Asset Management Ltd,1861026,2024-02
"Marathon Partners Equity Management, LLC",1353311,2024-02
Marathon Trading Investment Management LLC,1572748,2024-02
"Marble Harbor Investment Counsel, LLC",1387130,2024-02
Marcho Partners LLP,1782974,2024-02
"Marcum Wealth, LLC",1784450,2024-01
Maren Capital LLC,1961415,2024-02
"Marest Capital, LLC",2010315,2024-02
"Marietta Wealth Management, LLC",1697847,2024-01
"Mariner, LLC",1373442,2024-02
Marion Wealth Management,1911097,2024-01
Marketfield Asset Management LLC,1561089,2024-02
"Marks Group Wealth Management, Inc",1802473,2024-02
"Marks Wealth, LLC",1838660,2024-01
Marlowe Partners LP,1624049,2024-02
"Marmo Financial Group, LLC",1964829,2024-01
Marotta Asset Management,1802091,2024-01
Marquard & Bahls AG,1524341,2024-02
"Marquette Asset Management, LLC",1395067,2024-02
Marshall Financial Group LLC,1841496,2024-01
"Martin Capital Advisors, LLP",1904126,2024-01
"Martin Capital Partners, LLC",1731216,2024-01
"Martin Investment Management, LLC",1511888,2024-02
Maryland State Retirement & Pension System,1795552,2024-02
Mascoma Wealth Management LLC,1695664,2024-01
Maso Capital Partners Ltd,1698093,2024-02
Mason & Associates Inc,1917686,2024-01
"Mason Investment Advisory Services, Inc.",1635007,2024-02
"Mass General Brigham, Inc",1678378,2024-01
Massachusetts Wealth Management,1966011,2024-01
Masso Torrence Wealth Management Inc.,1903153,2024-02
"Masterton Capital Management, LP",1817145,2024-02
"Mathes Company, Inc.",1389223,2024-01
Matisse Capital,1668256,2024-02
"Matrix Capital Management Company, LP",1410830,2024-02
Matrix Trust Co,1784277,2024-02
Matson Money. Inc.,1672512,2024-01
Mattern Wealth Management LLC,1802376,2024-02
Matthew 25 Management Corp,1351431,2024-02
"Matthew Goff Investment Advisor, LLC",935359,2024-01
Maven Securities LTD,1633046,2024-02
Mawer Investment Management Ltd.,1538449,2024-02
Maxi Investments CY Ltd,1838222,2024-02
Maxwell Wealth Strategies Inc.,1993410,2024-02
"MayTech Global Investments, LLC",1731134,2024-02
Mayar Capital Ltd.,1858699,2024-02
"Mayfair Advisory Group, LLC",1801926,2024-01
"Mayflower Financial Advisors, LLC",1852930,2024-01
Mayo Clinic,1318153,2024-02
"Maytus Capital Management, LLC",1708759,2024-02
"McAdam, LLC",1695490,2024-02
"McAlister, Sweet & Associates, Inc.",1774087,2024-01
"McBroom & Associates, LLC",1908893,2024-01
"McCarthy Asset Management, Inc.",1843169,2024-02
"McCarthy Grittinger Financial Group, LLC",1972750,2024-01
"McClarren Financial Advisors, Inc.",1842974,2024-02
McCollum Christoferson Group LLC,1727573,2024-01
"McDonough Capital Management, Inc",1912128,2024-02
"McElhenny Sheffield Capital Management, LLC",1886813,2024-01
"McGinn Penninger Investment Management, Inc.",1845031,2024-02
"McGlone Suttner Wealth Management, Inc.",1964819,2024-01
"McGowan Group Asset Management, Inc.",1633227,2024-02
"McGuire Investment Group, LLC",1756959,2024-01
"McIlrath & Eck, LLC",1701714,2024-02
"McKinley Alaska Private Investment, LLC",1987047,2024-02
"McKinley Carter Wealth Services, Inc.",1484265,2024-02
McLean Asset Management Corp,1833140,2024-01
"McNamara Financial Services, Inc.",1622431,2024-01
"McNaughton Wealth Management, LLC",1802691,2024-01
Meadow Creek Wealth Advisors LLC,1801107,2024-01
MeadowBrook Investment Advisors LLC,1308290,2024-02
"Measured Wealth Private Client Group, LLC",1720235,2024-02
Mechanics Bank Trust Department,1439743,2024-01
Mechanics Financial Corp,1821336,2024-02
Medicxi Ventures Management (Jersey) Ltd,1715579,2024-02
"Medina Value Partners, LLC",1843543,2024-02
Meditor Group Ltd,1382333,2024-01
"Meeder Advisory Services, Inc.",1792167,2024-01
Meiji Yasuda Asset Management Co Ltd.,1491685,2024-02
Meiji Yasuda Life Insurance Co,1144492,2024-02
"Meixler Investment Management, Ltd.",1911615,2024-02
Melia Wealth LLC,1964047,2024-01
"Melone Private Wealth, LLC",1905765,2024-01
Melqart Asset Management (UK) Ltd,1712901,2024-02
Members Advisory Group LLC,1908587,2024-02
Members Trust Co,1677560,2024-01
Menard Financial Group LLC,1803156,2024-02
Mendel Capital Management LLC,1911384,2024-01
Mendel Money Management,1600585,2024-02
"Mendota Financial Group, LLC",1964538,2024-01
"Mengis Capital Management, Inc.",1609674,2024-02
Mercer Investments LLC,1409728,2024-02
Meredith Wealth Planning,1956471,2024-01
"Merewether Investment Management, LP",1736852,2024-02
Meridian Financial Partners LLC,1763722,2024-01
"Meridian Wealth Advisors, LLC",1768095,2024-02
"Meridian Wealth Management, LLC",1697300,2024-02
"Meridian Wealth Partners, LLC",1781942,2024-02
"Merit Financial Group, LLC",1621225,2024-02
Meritage Group LP,1427119,2024-02
"Meritas Wealth Management, LLC",1990690,2024-01
Meritech Capital Associates V L.L.C.,1613048,2024-02
Merk Investments LLC,1302842,2024-02
"Merlin Capital, Inc",1911169,2024-02
"Meros Investment Management, LP",1911372,2024-02
"Merriman Wealth Management, LLC",1568389,2024-02
"Merrion Investment Management Co, LLC",1383782,2024-01
"Mesirow Financial Investment Management, Inc.",1469475,2024-01
"Mesirow Institutional Investment Management, Inc.",1947591,2024-02
"MetLife Investment Management, LLC",1529735,2024-02
Metavasi Capital LP,1864835,2024-02
"Metis Global Partners, LLC",1594916,2024-02
Metropolis Capital Ltd,1765388,2024-01
"Mezzasalma Advisors, LLC",1864916,2024-01
Michael & Susan Dell Foundation,1599858,2024-02
"Michael S. Ryan, Inc.",1987261,2024-01
"Michelson Medical Research Foundation, Inc.",1965304,2024-02
"Mid-American Wealth Advisory Group, Inc.",1911264,2024-02
"MidWestOne Financial Group, Inc.",1412665,2024-02
Midwest Financial Group LLC,1967193,2024-01
"Midwest Heritage Bank, FSB",1906805,2024-01
"Midwest Professional Planners, LTD.",1730575,2024-02
Migdal Insurance & Financial Holdings Ltd.,1415912,2024-01
Milestone Investment Advisors LLC,1967018,2024-02
Milestone Resources Group Ltd,1708139,2024-02
"Mill Capital Management, LLC",1901166,2024-01
"Mill Creek Capital Advisors, LLC",1964962,2024-02
Mill Road Capital Management LLC,1512275,2024-02
Millburn Ridgefield Corp,1294571,2024-02
"Miller Investment Management, LP",1407382,2024-02
"Millington Financial Advisors, LLC",1924615,2024-02
"Millrace Asset Group, Inc.",1604831,2024-02
Millstreet Capital Management LLC,1590729,2024-02
"Mine & Arao Wealth Creation & Management, LLC.",1802994,2024-02
Minerva Advisors LLC,1541536,2024-02
"MinichMacGregor Wealth Management, LLC",1744318,2024-02
"Minneapolis Portfolio Management Group, LLC",1317253,2024-02
Mint Tower Capital Management B.V.,1666606,2024-02
"Miracle Mile Advisors, LLC",1585859,2024-01
Mirador Capital Partners LP,1633446,2024-01
"Mirae Asset Global Investments Co., Ltd.",1569395,2024-01
"Miramar Capital, LLC",1767812,2024-02
Miramar Fiduciary Corp,1587301,2024-02
Mirova US LLC,1802900,2024-01
"Mission Creek Capital Partners, Inc.",1801583,2024-02
Missouri Trust & Investment Co,1908186,2024-02
Mithaq Capital SPC,1834600,2024-02
Mitsubishi UFJ Asset Management (UK) Ltd.,1694895,2024-02
"Mitsubishi UFJ Asset Management Co., Ltd.",1466546,2024-02
"Mitsubishi UFJ Morgan Stanley Securities Co., Ltd.",1545545,2024-02
Mitsubishi UFJ Trust & Banking Corp,1462160,2024-02
"Miura Global Management, LLC",1352272,2024-02
Mivtachim The Workers Social Insurance Fund Ltd. (Under Spec,1599719,2024-01
"Mizuho Bank, Ltd.",1512734,2024-02
Mizuho Markets Cayman LP,1803149,2024-02
Mizuho Securities Co. Ltd.,1520309,2024-02
Mn Services Vermogensbeheer B.V.,1666940,2024-01
"Modera Wealth Management, LLC",1542143,2024-02
"Modern Wealth Management, LLC",2001900,2024-02
"Modus Advisors, LLC",1799284,2024-01
Moerus Capital Management LLC,1742647,2024-02
"Moisand Fitzgerald Tamayo, LLC",1649107,2024-01
"Mokosak Advisory Group, LLC",1713112,2024-01
"Moloney Securities Asset Management, LLC",1697934,2024-01
Monaco Asset Management SAM,1803593,2024-02
Monarch Alternative Capital LP,1281084,2024-02
Monashee Investment Management LLC,1627608,2024-02
Mondrian Investment Partners LTD,1317724,2024-02
Moneda S.A. Administradora General de Fondos,1536361,2024-02
"Money Design Co.,Ltd.",1721608,2024-01
Monolith Management Ltd,2008306,2024-02
"MontVue Capital Management, Inc.",2008758,2024-01
Montanaro Asset Management Ltd,1831133,2024-02
"Monte Financial Group, LLC",1755651,2024-01
Montecito Bank & Trust,1422508,2024-01
"Monterey Private Wealth, Inc.",1839826,2024-01
"Montis Financial, LLC",1844314,2024-02
Montz Harcus Wealth Management LLC,1918613,2024-01
Monument Capital Management,1729428,2024-02
"Monument Group Wealth Advisors, LLC",1965665,2024-02
"Moors & Cabot, Inc.",1607239,2024-02
"Moran Wealth Management, LLC",1965334,2024-02
Moreno Evelyn V,1598011,2024-02
"MorganRosel Wealth Management, LLC",1753218,2024-01
"Mork Capital Management, LLC",1626494,2024-02
"Morling Financial Advisors, LLC",1905198,2024-02
Morningstar Investment Management LLC,1673385,2024-02
Morningstar Investment Services LLC,1478215,2024-02
"Morse Asset Management, Inc",1705711,2024-02
"Morton Brown Family Wealth, LLC",1909851,2024-01
Morton Capital Management LLC/CA,2002628,2024-01
Mosaic Advisors LLC,1808523,2024-02
"Moser Wealth Advisors, LLC",1803081,2024-02
Mosley Wealth Management,2011849,2024-02
Moss Adams Wealth Advisors LLC,1661245,2024-02
Motley Fool Asset Management LLC,1512814,2024-02
"Motley Fool Wealth Management, LLC",1607978,2024-02
Mount Capital Ltd,1896379,2024-02
Mount Lucas Management LP,1185072,2024-02
"Mount Yale Investment Advisors, LLC",1744349,2024-02
Mountain Lake Investment Management LLC,1308555,2024-02
"Mountaineer Partners Management, LLC",1730532,2024-02
"Mraz, Amerine & Associates, Inc.",1542324,2024-01
Mubadala Investment Co PJSC,1704268,2024-02
Mudita Advisors LLP,1907809,2024-02
"Mudrick Capital Management, L.P.",1655183,2024-02
Municipal Employees' Retirement System of Michigan,1588873,2024-02
Murchinson Ltd.,1838556,2024-02
Murphy Pohlad Asset Management LLC,1569148,2024-01
"Murphy, Middleton, Hinkle & Parker, Inc.",1730521,2024-01
"Mustard Seed Financial, LLC",2011321,2024-02
"Mutual Advisors, LLC",1694080,2024-01
"Muzinich & Co., Inc.",1618824,2024-02
"My Legacy Advisors, LLC",1767802,2024-01
"My Personal CFO, LLC",1916366,2024-01
Myriad Asset Management US LP,1857187,2024-01
"Mystic Asset Management, Inc.",1912460,2024-02
N.E.W. Advisory Services LLC,1803456,2024-02
NAN FUNG TRINITY (HK) Ltd,1781880,2024-02
NAPA WEALTH MANAGEMENT,1602844,2024-02
NAPATREE CAPITAL LLC,2015964,2024-03
"NAPLES GLOBAL ADVISORS, LLC",1582151,2024-01
NASPERS LTD,1106051,2024-02
NATIONAL BANK OF CANADA /FI/,926171,2024-02
NATIONAL MUTUAL FUNDS MANAGEMENT LTD,1966440,2024-02
"NATIONS FINANCIAL GROUP INC, /IA/ /ADV",1109767,2024-02
NATIXIS,1274981,2024-02
"NATIXIS ADVISORS, L.P.",1018331,2024-02
NAVELLIER & ASSOCIATES INC,872163,2024-02
NAYA CAPITAL MANAGEMENT UK LTD,1665012,2024-02
"NBC SECURITIES, INC.",791540,2024-02
NBT BANK N A /NY,898413,2024-02
NBW CAPITAL LLC,1512901,2024-01
"NCM Capital Management, LLC",1907054,2024-02
"NDVR, Inc.",2011247,2024-02
NDWM LLC,1818386,2024-02
"NEA Management Company, LLC",1512848,2024-02
NEEDHAM INVESTMENT MANAGEMENT LLC,1167212,2024-02
"NEIRG Wealth Management, LLC",1909567,2024-01
NEOS Investment Management LLC,2001019,2024-02
NEPC LLC,1424799,2024-02
NEUMEIER POMA INVESTMENT COUNSEL LLC,1044936,2024-02
NEVILLE RODIE & SHAW INC,71210,2024-01
NEW ENGLAND ASSET MANAGEMENT INC,1004244,2024-02
NEW MEXICO EDUCATIONAL RETIREMENT BOARD,862469,2024-01
NEW SOUTH CAPITAL MANAGEMENT INC,1044797,2024-02
NEW THINKING (HONG KONG) INVESTMENT MANAGEMENT CO. Ltd,1878581,2024-01
NEW VERNON INVESTMENT MANAGEMENT LLC,1500605,2024-02
NEW YORK LIFE INSURANCE CO,71633,2024-02
NEW YORK LIFE INVESTMENT MANAGEMENT LLC,1133639,2024-02
NEW YORK STATE COMMON RETIREMENT FUND,810265,2024-02
NEW YORK STATE TEACHERS RETIREMENT SYSTEM,314969,2024-01
"NEXPOINT ASSET MANAGEMENT, L.P.",1469877,2024-02
NEXT CENTURY GROWTH INVESTORS LLC,1134007,2024-02
"NFC Investments, LLC",1512858,2024-02
"NFJ INVESTMENT GROUP, LLC",1862664,2024-02
"NICHOLAS COMPANY, INC.",903949,2024-02
NICHOLS & PRATT ADVISERS LLP /MA,1141781,2024-02
NICOLA WEALTH MANAGEMENT LTD.,1734493,2024-02
"NICOLET ADVISORY SERVICES, LLC",1775863,2024-02
NICOLET BANKSHARES INC,1174850,2024-02
"NIGHTVIEW CAPITAL, LLC",1680843,2024-02
NINE MASTS CAPITAL Ltd,1569356,2024-02
NIPPON LIFE INSURANCE CO,905591,2024-01
"NISA INVESTMENT ADVISORS, LLC",937615,2024-01
NISSAY ASSET MANAGEMENT CORP /JAPAN/ /ADV,869589,2024-02
NIXON PEABODY TRUST CO,1626757,2024-02
NJ State Employees Deferred Compensation Plan,1483259,2024-02
NKCFO LLC,1757282,2024-02
NNS Holding,1407024,2024-01
NNS Investments (Cyprus) Ltd,1794290,2024-01
NOESIS CAPITAL MANGEMENT CORP,1262677,2024-02
NOMURA ASSET MANAGEMENT CO LTD,1055964,2024-02
NOMURA HOLDINGS INC,1163653,2024-02
NORDEA INVESTMENT MANAGEMENT AB,1218210,2024-01
NORDEN GROUP LLC,1990699,2024-02
NORGES BANK,1374170,2024-02
NORRIS PERNE & FRENCH LLP/MI,1092290,2024-01
NORTH POINT PORTFOLIO MANAGERS CORP/OH,1105344,2024-01
NORTH STAR ASSET MANAGEMENT INC,1056559,2024-02
"NORTHCAPE WEALTH MANAGEMENT, LLC",1902806,2024-02
NORTHEAST INVESTMENT MANAGEMENT,1082215,2024-02
NORTHERN TRUST CORP,73124,2024-02
NORTHSTAR ASSET MANAGEMENT INC,869304,2024-02
NORTHSTAR ASSET MANAGEMENT LLC,1132708,2024-01
"NORTHWEST INVESTMENT COUNSELORS, LLC",1428350,2024-01
"NORTHWEST WEALTH MANAGEMENT, LLC",1695344,2024-02
"NORTHWESTERN MUTUAL INVESTMENT MANAGEMENT COMPANY, LLC",1629649,2024-02
NORTHWESTERN MUTUAL WEALTH MANAGEMENT CO,1141802,2024-02
NORTHWESTERN UNIVERSITY,873687,2024-01
NORWOOD FINANCIAL CORP,1013272,2024-01
"NOTTINGHAM ADVISORS, INC.",1093276,2024-01
NOVARE CAPITAL MANAGEMENT LLC,1388409,2024-02
NS Partners Ltd,1657111,2024-02
"NSI Retail Advisors, LLC",1866574,2024-02
NTV ASSET MANAGEMENT LLC,1284208,2024-02
"NUANCE INVESTMENTS, LLC",1473182,2024-02
NUCLEO CAPITAL LTDA.,1737348,2024-02
NVIDIA CORP,1045810,2024-02
"NVP Associates, LLC",1545692,2024-02
"NVWM, LLC",1697274,2024-02
NWAM LLC,1655006,2024-02
NWI MANAGEMENT LP,1103887,2024-02
"NWK Group, Inc.",1803054,2024-02
NYL Investors LLC,1606720,2024-02
"NZS Capital, LLC",1816616,2024-02
"Nadler Financial Group, Inc.",1541787,2024-02
Nalanda India Equity Fund Ltd,1622904,2024-02
Nalanda India Fund LTD,1430193,2024-02
Nan Fung Group Holdings Ltd,1782539,2024-02
"Nan Shan Life Insurance Co., Ltd.",1730464,2024-02
"Nantahala Capital Management, LLC",1472322,2024-02
Napean Trading & Investment Co (Singapore) PTE Ltd,2011874,2024-02
Naples Money Management LLC,2008660,2024-01
"Narus Financial Partners, LLC",1698091,2024-01
Narwhal Capital Management,1461287,2024-01
NatWest Group plc,844150,2024-01
National Mutual Insurance Federation of Agricultural Coopera,1542927,2024-02
National Pension Service,1608046,2024-02
"National Wealth Management Group, LLC",1977723,2024-02
Nationwide Fund Advisors,1097218,2024-01
Natixis Investment Managers International,1166767,2024-02
"NavPoint Financial, Inc.",2009813,2024-02
"Navalign, LLC",1820593,2024-01
"Navigation Wealth Management, Inc.",1839930,2024-02
"Navis Wealth Advisors, LLC",1849055,2024-02
"Naviter Wealth, LLC",1855567,2024-02
Nebula Research & Development LLC,1792635,2024-02
Nekton Capital Ltd.,1884716,2024-02
Nellore Capital Management LLC,1846677,2024-02
"Nelson Capital Management, LLC",1512611,2024-01
Nemes Rush Group LLC,1982273,2024-02
Neo Ivy Capital Management,1727783,2024-02
Nepsis Inc.,1587643,2024-01
"NetEase, Inc.",1110646,2024-02
Neuberger Berman Group LLC,1465109,2024-02
Neumann Advisory Hong Kong Ltd,1727862,2024-01
"Neumann Capital Management, LLC",1631930,2024-02
"New Age Alpha Advisors, LLC",1764807,2024-02
New Capital Management LP,1696731,2024-01
"New Century Financial Group, LLC",2010693,2024-02
New England Capital Financial Advisors LLC,1964652,2024-02
New England Private Wealth Advisors LLC,1582813,2024-02
New England Professional Planning Group Inc.,1540867,2024-01
"New England Research & Management, Inc.",1596077,2024-02
New Hampshire Trust,1961742,2024-01
"New Harbor Financial Group, LLC",1548577,2024-01
New Jersey Better Educational Savings Trust,1482010,2024-02
"New Leaf Venture Partners, L.L.C.",1631614,2024-02
New Millennium Group LLC,1909654,2024-01
"New Mountain Capital, L.L.C.",1407718,2024-02
"New Potomac Partners, LLC",1731466,2024-01
"New Republic Capital, LLC",1989988,2024-02
New Vernon Capital Holdings II LLC,1512538,2024-02
New World Advisors LLC,1767724,2024-01
"NewEdge Advisors, LLC",1633516,2024-02
"NewEdge Wealth, LLC",1861796,2024-01
NewGen Asset Management Ltd,1845012,2024-02
NewSquare Capital LLC,1546989,2024-02
"NewView Capital Partners I, LLC",1750432,2024-02
"Newbridge Financial Services Group, Inc.",1879757,2024-03
Newbrook Capital Advisors LP,1389875,2024-02
Newfoundland Capital Management,1697752,2024-02
Newlands Management Operations LLC,1908450,2024-02
Newlight Partners LP,1782866,2024-02
"Newman Dignan & Sheerar, Inc.",1566493,2024-02
Newport Asia LLC,1607597,2024-01
"Newport Trust Company, LLC",1722329,2024-02
Newton One Investments LLC,1842787,2024-01
"Newtyn Management, LLC",1569241,2024-02
Next Capital Management LLC,1752762,2024-01
Next Level Private LLC,1910366,2024-01
Nextech Invest Ltd.,1911010,2024-02
Nexus Investment Management ULC,1476329,2024-01
"Nicholas Hoffman & Company, LLC.",1678953,2024-02
"Nicholas Investment Partners, LP",1389574,2024-02
"Nicollet Investment Management, Inc.",1729048,2024-02
"Nierenberg Investment Management Company, Inc.",1282683,2024-02
"Night Owl Capital Management, LLC",1410833,2024-02
"Nikko Asset Management Americas, Inc.",1480751,2024-02
"Nikulski Financial, Inc.",1729847,2024-02
"Nilsine Partners, LLC",1913043,2024-01
Nine Ten Capital Management LLC,1635236,2024-02
"Nine27 Capital Management, LP",1878063,2024-01
NinePointTwo Capital LLC,1824516,2024-02
Ninepoint Partners LP,1715635,2024-01
"Ninety One North America, Inc.",1633343,2024-01
Ninety One SA (PTY) Ltd,1491998,2024-01
Ninety One UK Ltd,1418329,2024-01
"Nippon Life Global Investors Americas, Inc.",1040190,2024-02
"Nipun Capital, L.P.",1781566,2024-02
"Nishkama Capital, LLC",1633799,2024-02
"Nitorum Capital, L.P.",1630243,2024-02
"Nixon Capital, LLC",1846352,2024-02
No Street GP LP,1765774,2024-02
"Noble Family Wealth, LLC",1976065,2024-01
Noked Israel Ltd,1767750,2024-02
"Nokomis Capital, L.L.C.",1541055,2024-02
"Nordwand Advisors, LLC",1962713,2024-02
"Norinchukin Bank, The",1496637,2024-02
"Norman Fields, Gottscho Capital Management, LLC",1352449,2024-01
North Growth Management Ltd.,1745796,2024-02
"North Peak Capital Management, LLC",1747888,2024-02
North Reef Capital Management LP,1867831,2024-02
"North Ridge Wealth Advisors, Inc.",1974277,2024-01
North Star Investment Management Corp.,1342857,2024-01
"NorthCrest Asset Manangement, LLC",1893159,2024-01
"NorthLanding Financial Partners, LLC",1655982,2024-02
"NorthRock Partners, LLC",1632097,2024-02
NorthStar Asset Management LLC /NJ/,2011587,2024-02
Northcape Capital Pty Ltd,1686776,2024-01
Northeast Financial Consultants Inc,1599863,2024-02
"Northeast Financial Group, Inc.",1965773,2024-02
"Northern Capital Management, Inc.",1581794,2024-02
Northern Financial Advisors Inc,1962457,2024-02
"Northern Right Capital Management, L.P.",1346543,2024-02
Northland Capital Management LLC,1693032,2024-01
"Northpond Ventures, LLC",1911245,2024-02
"Northside Capital Management, LLC",1631052,2024-01
"Northstar Advisory Group, LLC",1816000,2024-01
"Northstar Group, Inc.",1631408,2024-01
"Northwest Bancshares, Inc.",1471265,2024-02
Northwest Bank & Trust Co,1936193,2024-03
Northwest Capital Management Inc,1730404,2024-02
Northwest Financial Advisors,2010635,2024-02
"Northwest Quadrant Wealth Management, LLC",1697767,2024-01
Northwoods Investments LLC,1846038,2024-02
Norway Savings Bank,1692227,2024-01
"Norwood Investment Partners, LP",1888610,2024-02
Notis-McConarty Edward,1592616,2024-02
"Nova R Wealth, Inc.",1729457,2024-01
"NovaPoint Capital, LLC",1815025,2024-01
"Novak & Powell Financial Services, Inc.",2011548,2024-02
Novo Holdings A/S,1388325,2024-02
Numerai GP LLC,1668527,2024-02
"Nut Tree Capital Management, LP",1661655,2024-02
"Nuveen Asset Management, LLC",1521019,2024-02
"Nvest Financial, LLC",1915315,2024-01
O'Brien Greene & Co. Inc,1768635,2024-02
O'Brien Wealth Partners LLC,1689874,2024-01
O'Connor Financial Group LLC,1973783,2024-01
"O'Dell Group, LLC",1742569,2024-02
"O'Keefe Stevens Advisory, Inc.",1780565,2024-01
"O'Neil Global Advisors, Inc.",1861159,2024-02
"O'ROURKE & COMPANY, Inc",1911468,2024-01
"O'SHAUGHNESSY ASSET MANAGEMENT, LLC",1423442,2024-02
OAK ASSOCIATES LTD /OH/,836372,2024-02
"OAK FAMILY ADVISORS, LLC",1846161,2024-01
"OAK HARBOR WEALTH PARTNERS, LLC",1912040,2024-02
OAK HILL ADVISORS LP,1164688,2024-02
"OAK HILL CAPITAL MANAGEMENT, LLC",1537607,2024-01
"OAK HILL WEALTH ADVISORS, LLC",1964849,2024-02
OAK MANAGEMENT CORP,1030818,2024-02
OAK RIDGE INVESTMENTS LLC,1054554,2024-01
OAKMONT Corp,924171,2024-02
"OAKTOP CAPITAL MANAGEMENT II, L.P.",1550660,2024-02
OAKTREE CAPITAL MANAGEMENT LP,949509,2024-02
"OAKVIEW CAPITAL MANAGEMENT, L.P.",1698006,2024-02
"OARSMAN CAPITAL, INC.",1569667,2024-02
"OBERMEYER WOOD INVESTMENT COUNSEL, LLLP",1349654,2024-01
OBERNDORF WILLIAM E,1218663,2024-02
OBERWEIS ASSET MANAGEMENT INC/,937886,2024-02
OCCUDO QUANTITATIVE STRATEGIES LP,1819697,2024-02
"OCO Capital Partners, L.P.",1764525,2024-02
"ODonnell Financial Services, LLC",1730962,2024-02
"OEP CAPITAL ADVISORS, L.P.",1817681,2024-02
OFI INVEST ASSET MANAGEMENT,1977602,2024-02
"OGBORNE CAPITAL MANAGEMENT, LLC",1619083,2024-02
OGOREK ANTHONY JOSEPH /NY/ /ADV,714364,2024-02
OIKOS HOLDINGS LLC,1548880,2024-02
OKABENA INVESTMENT SERVICES INC,1157519,2024-02
OLD MISSION CAPITAL LLC,1455915,2024-02
OLD NATIONAL BANCORP /IN/,707179,2024-02
OLD POINT TRUST & FINANCIAL SERVICES N A,1102256,2024-02
OLD REPUBLIC INTERNATIONAL CORP,74260,2024-02
OLD SECOND NATIONAL BANK OF AURORA,903783,2024-01
OLIO Financial Planning,1906766,2024-01
OLIVER LAGORE VANVALIN INVESTMENT GROUP,1907568,2024-01
OLP CAPITAL MANAGEMENT Ltd,1738126,2024-02
"OLYMPUS WEALTH MANAGEMENT, LLC",1995674,2024-02
OMERS ADMINISTRATION Corp,1053321,2024-02
"OMNI 360 Wealth, Inc.",2010436,2024-02
"ONE Advisory Partners, LLC",1819695,2024-01
"ONE PLUS ONE WEALTH MANAGEMENT, LLC",1860132,2024-01
ONTARIO TEACHERS PENSION PLAN BOARD,937567,2024-02
"OPINICUS CAPITAL, INC.",2009743,2024-02
OPPENHEIMER & CO INC,822581,2024-02
OPPENHEIMER ASSET MANAGEMENT INC.,1269119,2024-02
OPSEU Pension Plan Trust Fund,1632810,2024-01
OPTIMAS CAPITAL Ltd,1750585,2024-01
OPTIMUM INVESTMENT ADVISORS,1037763,2024-01
"OPTIONS SOLUTIONS, LLC",1794972,2024-02
OPUS INVESTMENT MANAGEMENT INC,1097833,2024-02
ORACLE INVESTMENT MANAGEMENT INC,1012622,2024-02
"ORBA Wealth Advisors, L.L.C.",2010248,2024-02
ORBIMED ADVISORS LLC,1055951,2024-02
OREGON PUBLIC EMPLOYEES RETIREMENT FUND,1107314,2024-02
ORG Partners LLC,1979372,2024-01
ORION RESOURCE PARTNERS (USA) LP,1714217,2024-02
ORIX CORP,1070304,2024-02
ORLEANS CAPITAL MANAGEMENT CORP/LA,1013234,2024-02
ORRSTOWN FINANCIAL SERVICES INC,826154,2024-01
"ORSER CAPITAL MANAGEMENT, LLC",1785717,2024-01
"OSAIC HOLDINGS, INC.",1677044,2024-02
"OSBORNE PARTNERS CAPITAL MANAGEMENT, LLC",1005607,2024-01
OSSIAM,1767471,2024-02
OSTERWEIS CAPITAL MANAGEMENT INC,1007524,2024-02
OSTRUM ASSET MANAGEMENT,1767945,2024-02
OUTFITTER FINANCIAL LLC,1846505,2024-02
OV Management LLC,2010766,2024-02
OVERSEA-CHINESE BANKING Corp Ltd,1291318,2024-02
OXFORD ASSET MANAGEMENT LLP,1438284,2024-02
"OXFORD FINANCIAL GROUP, LTD. LLC",1245862,2024-02
"Oak Asset Management, LLC",1726375,2024-01
Oak Grove Capital LLC,1661762,2024-02
Oak Harvest Investment Services,1839430,2024-01
Oak Thistle LLC,1755987,2024-01
"Oakcliff Capital Partners, LP",1657335,2024-02
"Oaktree Fund Advisors, LLC",1822973,2024-02
"Oakwell Private Wealth Management, LLC",1844024,2024-02
"Oakworth Capital, Inc.",1588871,2024-01
Oasis Management Co Ltd.,1317904,2024-02
"Objective Capital Management, LLC",1924152,2024-03
"Objectivity Squared, LLC",2011113,2024-02
Obsidian Personal Planning Solutions LLC,1909128,2024-02
"Occidental Asset Management, LLC",1770994,2024-01
"Ocean Capital Management, LLC",1731260,2024-01
Oceanside Advisors LLC,2012184,2024-02
Octagon Capital Advisors LP,1839435,2024-02
Octahedron Capital Management L.P.,1891904,2024-02
"Octavia Wealth Advisors, LLC",1841259,2024-01
"Oder Investment Management, LLC",1845109,2024-02
"Old Well Partners, LLC",1802131,2024-02
"Old West Investment Management, LLC",1549358,2024-02
"Oldfather Financial Services, LLC",1775530,2024-01
Oldfield Partners LLP,1492815,2024-02
"Olistico Wealth, LLC",1962695,2024-02
Oliver Luxxe Assets LLC,1666239,2024-02
"Olstein Capital Management, L.P.",947996,2024-01
Olympiad Research LP,1787147,2024-02
Olympus Peak Asset Management LP,1841359,2024-02
"Omega Financial Group, LLC",1767982,2024-01
"Omega Fund Management, LLC",1637359,2024-02
"OmniStar Financial Group, Inc.",1698777,2024-01
"Omnia Family Wealth, LLC",1696136,2024-02
"Once Capital Management, LLC",1712892,2024-02
"One Capital Management, LLC",1606588,2024-02
"One Charles Private Wealth Services, LLC",1800938,2024-02
One Day In July LLC,1823172,2024-02
One Degree Advisors Inc,2005743,2024-02
One Fin Capital Management LP,1753875,2024-02
"One River Asset Management, LLC",1616336,2024-02
"One Wealth Advisors, LLC",1725297,2024-02
"One Wealth Management Investment & Advisory Services, LLC",2009427,2024-01
"One William Street Capital Management, L.P.",1534300,2024-02
OneAscent Financial Services LLC,1780985,2024-01
OneAscent Wealth Management LLC,1844707,2024-01
OneDigital Investment Advisors LLC,1690370,2024-02
Onex Canada Asset Management Inc.,905790,2024-02
Onyx Bridge Wealth Group LLC,1819476,2024-01
"Onyx Financial Advisors, LLC",1957840,2024-01
OnyxPoint Global Management LP,1961491,2024-02
"Opal Wealth Advisors, LLC",1844201,2024-01
Opaleye Management Inc.,1595855,2024-02
"OpenView Management, LLC",1658115,2024-02
Operose Advisors LLC,1909750,2024-02
Opes Wealth Management LLC,1766918,2024-01
Ophir Asset Management Pty Ltd,1844640,2024-02
"Oppenheimer & Close, LLC",1591377,2024-02
"Optas, LLC",1802961,2024-01
"Opti Capital Management, LP",1738654,2024-02
Optimist Retirement Group LLC,2011850,2024-02
"Optimus Prime Fund Management Co., Ltd.",1732539,2024-02
Optiver Holding B.V.,1859606,2024-02
"Opus Capital Group, LLC",1330325,2024-01
Oracle Alpha Inc.,2000502,2024-02
Orbis Allan Gray Ltd,1663865,2024-02
"Orca Investment Management, LLC",1511229,2024-02
Orcam Financial Group,1905367,2024-02
"Orchard Capital Management, LLC",1858319,2024-02
"Orgel Wealth Management, LLC",1658535,2024-01
"Oribel Capital Management, LP",1661140,2024-02
Origin Asset Management LLP,1484040,2024-02
"Orin Green Financial, LLC",1844227,2024-02
Orion Capital Management LLC,1846758,2024-02
"Orion Portfolio Solutions, LLC",1802647,2024-02
Orland Properties Ltd,1550093,2024-02
Osher Van de Voorde Investment Management,1569174,2024-01
Oslo Asset Management AS,1512590,2024-01
"Otter Creek Advisors, LLC",1640361,2024-02
"Outlook Wealth Advisors, LLC",1767151,2024-01
Ovata Capital Management Ltd,1724517,2024-02
Overbrook Management Corp,1269786,2024-02
"Owen LaRue, LLC",1965328,2024-02
"Owl Creek Asset Management, L.P.",1313756,2024-02
"Owls Nest Partners IA, LLC",1845806,2024-02
Ownership Capital B.V.,1656735,2024-02
"Oxbow Advisors, LLC",1564770,2024-02
Oxbow Capital Management (HK) Ltd,1713269,2024-02
OxenFree Capital LLC,2009781,2024-01
Oxinas Partners Wealth Management LLC,1759320,2024-01
Oxler Private Wealth LLC,1846002,2024-02
P SCHOENFELD ASSET MANAGEMENT LP,1040198,2024-02
"P&S Credit Management, L.P.",1484159,2024-01
P.A.W. CAPITAL CORP,949853,2024-01
P/E Global LLC,1910344,2024-01
"P2 Capital Partners, LLC",1406313,2024-02
"PACES FERRY WEALTH ADVISORS, LLC",1819919,2024-02
"PACIFIC CAPITAL WEALTH ADVISORS, INC",1803523,2024-02
PACIFIC FINANCIAL GROUP INC,1279926,2024-02
PACIFIC GLOBAL INVESTMENT MANAGEMENT CO,908431,2024-02
PACIFIC HEIGHTS ASSET MANAGEMENT LLC,1323414,2024-02
PACIFIC SUN FINANCIAL CORP,947517,2024-01
"PACK Private Wealth, LLC",1907212,2024-02
"PALISADE CAPITAL MANAGEMENT, LP",1009006,2024-02
"PALO ALTO WEALTH ADVISORS, LLC",1964382,2024-02
PALO DS MANAGER LLC,2011256,2024-02
PANAGORA ASSET MANAGEMENT INC,883677,2024-02
"PANORAMIC INVESTMENT ADVISORS, LLC",1967332,2024-01
PAR CAPITAL MANAGEMENT INC,1051359,2024-02
PARADIGM ASSET MANAGEMENT CO LLC,1034549,2024-02
PARADIGM CAPITAL MANAGEMENT INC/NY,1037792,2024-02
PARAGON ASSOCIATES & PARAGON ASSOCIATES II JOINT VENTURE,1047859,2024-02
"PARAGON FINANCIAL PARTNERS, INC.",1910845,2024-01
PARK AVENUE SECURITIES LLC,1071640,2024-01
PARK CIRCLE Co,1546592,2024-02
PARK NATIONAL CORP /OH/,805676,2024-01
PARK PRESIDIO CAPITAL LLC,1596510,2024-02
"PARNASSUS INVESTMENTS, LLC",948669,2024-02
PARSONS CAPITAL MANAGEMENT INC/RI,1018674,2024-01
PARTHENON LLC,1088859,2024-02
"PARTNERS CAPITAL INVESTMENT GROUP, LLP",1694870,2024-02
PARUS FINANCE (UK) Ltd,1611519,2024-02
"PATHSTONE FAMILY OFFICE, LLC",1511137,2024-01
"PATHWAY CAPITAL MANAGEMENT, LP",1037353,2024-02
"PATRICK M SWEENEY & ASSOCIATES, INC",2010453,2024-02
"PATRIOT FINANCIAL PARTNERS GP, LP",1470261,2024-02
"PATRIOT INVESTMENT MANAGEMENT GROUP, INC.",1773830,2024-01
PATRIZIA Pty Ltd,1767910,2024-01
"PATRON PARTNERS, LLC",1841768,2024-01
PATTEN & PATTEN INC/TN,1044905,2024-01
"PATTON ALBERTSON MILLER GROUP, LLC",1511037,2024-02
"PATTON FUND MANAGEMENT, INC.",1689232,2024-01
PAULSON & CO. INC.,1035674,2024-02
"PAX Financial Group, LLC",1803673,2024-02
PAYDEN & RYGEL,919219,2024-02
"PB INVESTMENT PARTNERS, L.P.",1910391,2024-02
PBCay One RSC Ltd,2013737,2024-03
PBMares Wealth Management LLC,1801682,2024-01
PCA Investment Advisory Services Inc.,1977044,2024-02
"PCG Wealth Advisors, LLC",1905393,2024-01
PCJ Investment Counsel Ltd.,1426318,2024-02
"PDS Planning, Inc",838618,2024-02
"PDT Partners, LLC",1564702,2024-02
PEAK FINANCIAL ADVISORS LLC,1843309,2024-01
PEAK6 Investments LLC,1756111,2024-02
PEAPACK GLADSTONE FINANCIAL CORP,1050743,2024-02
"PEAVINE CAPITAL, LLC",1594540,2024-01
PECAUT & CO.,1597200,2024-02
PECONIC PARTNERS LLC,1050464,2024-02
"PEDDOCK CAPITAL ADVISORS, LLC",1597843,2024-02
PENINSULA ASSET MANAGEMENT INC,1091923,2024-02
PENN DAVIS MCFARLAND INC,1108893,2024-01
PENNSYLVANIA CAPITAL MANAGEMENT INC /ADV,1004140,2024-02
PENOBSCOT WEALTH MANAGEMENT,1875768,2024-02
PENSIOENFONDS RAIL & OV,1218761,2024-01
PEOPLES BANK /OH,934866,2024-01
PEOPLES FINANCIAL SERVICES CORP.,1056943,2024-01
PERCEPTIVE ADVISORS LLC,1224962,2024-02
PEREGRINE CAPITAL MANAGEMENT LLC,764529,2024-01
PERISCOPE CAPITAL INC.,1695320,2024-02
PERKINS CAPITAL MANAGEMENT INC,884300,2024-01
PERRITT CAPITAL MANAGEMENT INC,1279342,2024-02
PERRY CREEK CAPITAL LP,1769704,2024-02
"PERSONAL CFO SOLUTIONS, LLC",1677501,2024-02
PETERSON WEALTH MANAGEMENT,1785144,2024-02
PETRA FINANCIAL ADVISORS INC,1971427,2024-01
PETREDIS INVESTMENT ADVISORS LLC,1964544,2024-02
"PETTYJOHN, WOOD & WHITE, INC",1128213,2024-02
"PFC CAPITAL GROUP, INC.",2010374,2024-02
PFG Advisors,1694435,2024-01
"PFG Investments, LLC",1973224,2024-01
"PFG Private Wealth Management, LLC",1799957,2024-01
"PFM Health Sciences, LP",1442756,2024-02
"PFS Partners, LLC",2002654,2024-01
PFW Advisors LLC,1989744,2024-01
PGGM Investments,1472190,2024-02
PGIM Custom Harvest LLC,1845793,2024-02
PHILADELPHIA TRUST CO,1110806,2024-02
"PHILLIPS FINANCIAL MANAGEMENT, LLC",1350660,2024-01
"PHYSICIANS FINANCIAL SERVICES, INC.",1665518,2024-01
PICKERING ENERGY PARTNERS LP,1979670,2024-02
PICTET BANK & TRUST Ltd,1535631,2024-02
PICTON MAHONEY ASSET MANAGEMENT,1539041,2024-02
PIER 88 INVESTMENT PARTNERS LLC,1697366,2024-02
PIN OAK INVESTMENT ADVISORS INC,1094584,2024-02
PINNACLE ASSOCIATES LTD,743127,2024-01
PINNACLE FINANCIAL PARTNERS INC,1115055,2024-01
PINNBROOK CAPITAL MANAGEMENT LP,1856103,2024-02
PIONEER TRUST BANK N A/OR,1006435,2024-02
PIPER SANDLER & CO.,724683,2024-02
PITCAIRN CO,315014,2024-02
PITTENGER & ANDERSON INC,1034886,2024-02
"PL Capital Advisors, LLC",1569147,2024-02
PLANNING ALTERNATIVES LTD /ADV,712011,2024-01
PLANNING DIRECTIONS INC,821103,2024-01
"PLATINUM EQUITY, LLC",1228754,2024-02
PLATINUM INVESTMENT MANAGEMENT LTD,1256071,2024-02
PLIMOTH TRUST CO LLC,1623678,2024-01
PLUSTICK MANAGEMENT LLC,1643351,2024-02
"PNC FINANCIAL SERVICES GROUP, INC.",713676,2024-02
POLEN CAPITAL MANAGEMENT LLC,1034524,2024-02
PORTLAND INVESTMENT COUNSEL INC.,1081668,2024-02
POWER WEALTH MANAGEMENT LLC,2001039,2024-02
PPM AMERICA INC/IL,898417,2024-02
"PPS&V ASSET MANAGEMENT CONSULTANTS, INC.",1936380,2024-01
PPSC Investment Service Corp,1964389,2024-01
PRAGMA GESTAO DE PATRIMONIO LTD,1555512,2024-02
"PRAIRIEVIEW WEALTH PARTNERS, LLC",2011194,2024-02
"PRECEDENT WEALTH PARTNERS, LLC",2008666,2024-01
"PRELUDE CAPITAL MANAGEMENT, LLC",1387508,2024-02
PRENTISS SMITH & CO INC,1134687,2024-02
"PRESCOTT GROUP CAPITAL MANAGEMENT, L.L.C.",1166152,2024-02
"PRESILIUM PRIVATE WEALTH, LLC",1939831,2024-01
"PREVAIL INNOVATIVE WEALTH ADVISORS, LLC",1989941,2024-02
PRICE T ROWE ASSOCIATES INC /MD/,80255,2024-02
PRIMECAP MANAGEMENT CO/CA/,763212,2024-02
"PRIMORIS WEALTH ADVISORS, LLC",1909619,2024-02
PRINCETON CAPITAL MANAGEMENT LLC,1167026,2024-02
PRINCIPAL FINANCIAL GROUP INC,1126328,2024-02
"PRINCIPAL SECURITIES, INC.",12600,2024-02
PRING TURNER CAPITAL GROUP INC,1568839,2024-02
PRIO WEALTH LIMITED PARTNERSHIP,1008929,2024-01
PRIVATE CAPITAL MANAGEMENT LLC,1778185,2024-01
"PRIVATE CLIENT SERVICES, LLC",1457005,2024-01
PRIVATE MANAGEMENT GROUP INC,1142031,2024-02
PRIVATE TRUST CO NA,1277557,2024-01
PROATHLETE WEALTH MANAGEMENT LLC,2012065,2024-02
PROFESSIONAL ADVISORY SERVICES INC,894205,2024-01
PROFFITT & GOODSON INC,1123812,2024-01
PROFUND ADVISORS LLC,1129919,2024-02
PROSPECTOR PARTNERS LLC,1080380,2024-02
PROTECTIVE LIFE CORP,355429,2024-02
PROVENCE WEALTH MANAGEMENT GROUP,1925991,2024-02
PROVIDA PENSION FUND ADMINISTRATOR,931588,2024-01
PROVIDENT TRUST CO,1140436,2024-02
PRUDENTIAL FINANCIAL INC,1137774,2024-02
PRUDENTIAL PLC,898419,2024-02
PSG Equity L.L.C.,1865991,2024-01
"PSI Advisors, LLC",1779040,2024-02
PSquared Asset Management AG,1623624,2024-02
PUBLIC EMPLOYEES RETIREMENT ASSOCIATION OF COLORADO,315297,2024-02
PUBLIC EMPLOYEES RETIREMENT SYSTEM OF OHIO,1007280,2024-02
PUBLIC INVESTMENT FUND,1767640,2024-02
PUBLIC SECTOR PENSION INVESTMENT BOARD,1396318,2024-02
"PUNCH & ASSOCIATES INVESTMENT MANAGEMENT, INC.",1238990,2024-02
"PURA VIDA INVESTMENTS, LLC",1590144,2024-02
PURSUE WEALTH PARTNERS LLC,1911091,2024-02
PUTNAM INVESTMENTS LLC,1421578,2024-02
PUZO MICHAEL J,1053914,2024-02
PVG ASSET MANAGEMENT CORP,820434,2024-03
"PYA Waltman Capital, LLC",1800135,2024-02
PZENA INVESTMENT MANAGEMENT LLC,1027796,2024-02
"Pacer Advisors, Inc.",1616667,2024-01
Pachira Investments Inc.,1563634,2024-01
Pacific Center for Financial Services,1698222,2024-02
Pacific Life Fund Advisors LLC,1499091,2024-02
"Pacific Ridge Capital Partners, LLC",1591546,2024-02
"Pacific Sage Partners, LLC",1936845,2024-02
Pacific Wealth Management,1852338,2024-01
"Pacific Wealth Strategies Group, Inc.",1766571,2024-02
"Pacifica Capital Investments, LLC",1486713,2024-02
Pacifica Partners Inc.,1799900,2024-01
Packer & Co Ltd,1664017,2024-02
Page Arthur B,1592615,2024-02
"Paladin Advisory Group, LLC",1899703,2024-01
Pale Fire Capital SE,1922318,2024-02
Palestra Capital Management LLC,1568788,2024-02
"Palisade Asset Management, LLC",1434323,2024-02
"Palisades Hudson Asset Management, L.P.",1388443,2024-02
Pallas Capital Advisors LLC,1862282,2024-01
Palliser Capital (UK) Ltd,1881490,2024-01
Palmer Knight Co,1767735,2024-02
Palo Alto Investors LP,1306923,2024-02
"Palo Duro Investment Partners, LP",1977128,2024-02
"Palogic Value Management, L.P.",1532943,2024-02
Paloma Partners Management Co,1103882,2024-02
"Palouse Capital Management, Inc.",1056516,2024-01
Palumbo Wealth Management LLC,1846310,2024-01
Pantechnicon Advisors LLP,2001766,2024-02
Panview Asian Equity Master Fund,1797217,2024-02
Paradice Investment Management LLC,1620275,2024-02
"Paradiem, LLC",1733356,2024-02
Paradigm Biocapital Advisors LP,1855655,2024-02
"Paradigm Financial Partners, LLC",1766564,2024-02
Paradigm Operations LP,1911136,2024-02
"Paradigm, Strategies in Wealth Management, LLC",1859579,2024-01
Parafestas Anastasios,1556198,2024-02
"Paragon Advisors, LLC",1799719,2024-02
Paragon Capital Management LLC,1388437,2024-02
Paragon Capital Management Ltd,1569765,2024-01
"Paragon Private Wealth Management, LLC",1922684,2024-02
"Paragon Wealth Strategies, LLC",1680638,2024-01
Paralel Advisors LLC,1895911,2024-02
"Parallax Volatility Advisers, L.P.",1521001,2024-02
"Parallel Advisors, LLC",1690010,2024-02
Parametrica Management Ltd,1535110,2024-02
Parcion Private Wealth LLC,1801263,2024-01
"Pariax, LLC",1879203,2024-02
Parisi Gray Wealth Management,1716659,2024-01
Park Avenue Institutional Advisers LLC,1640801,2024-02
"Park Edge Advisors, LLC",1965659,2024-01
Park Place Capital Corp,1965810,2024-01
Park West Asset Management LLC,1386928,2024-02
Parker Financial LLC,1965668,2024-01
"Parker Investment Management, LLC",1672070,2024-02
Parkman Healthcare Partners LLC,1777015,2024-02
Parkside Advisors LLC,1585550,2024-01
Parkside Financial Bank & Trust,1455267,2024-02
"Parkside Investments, LLC",1706248,2024-01
Parkwood LLC,1597823,2024-02
"Parsifal Capital Management, LP",1776090,2024-02
Partners Group Holding AG,1534259,2024-02
Partners Value Investments L.P.,1162777,2024-02
"Partnership Wealth Management, LLC",2010656,2024-02
"Pasadena Private Wealth, LLC",1760578,2024-01
Passaic Partners LLC,1905809,2024-01
"Pathstone Holdings, LLC",2011612,2024-02
Pathway Financial Advisors LLC,1738828,2024-02
"Patient Capital Management, LLC",1854794,2024-02
Patient Square Capital LP,1819257,2024-02
"Patrick Mauro Investment Advisor, INC.",1953787,2024-02
"Patriot Financial Group Insurance Agency, LLC",1694883,2024-01
"Patten Group, Inc.",1633207,2024-01
Paulson Wealth Management Inc.,1731878,2024-02
Pavadi Capital LLC,1906649,2024-02
"Pavion Blue Capital, LLC",1792565,2024-01
PayPay Securities Corp,1908623,2024-01
"Peachtree Investment Partners, LLC",1743863,2024-02
"Peak Asset Management, LLC",1632512,2024-02
"Peak Financial Management, Inc.",1669662,2024-01
"Pearl River Capital, LLC",1714260,2024-02
"Pegasus Asset Management, Inc.",1729049,2024-02
Pegasus Partners Ltd.,1650654,2024-02
"Peirce Capital Management, LLC",2008166,2024-01
"Pekin Hardy Strauss, Inc.",1020317,2024-02
Pelham Capital Ltd.,1654111,2024-01
"Pelion, Inc.",1787862,2024-01
Peloton Wealth Strategists,1080132,2024-02
"Pembroke Management, LTD",1063497,2024-02
Penbrook Management LLC,1381055,2024-01
PenderFund Capital Management Ltd.,1706164,2024-02
"Peninsula Wealth, LLC",1600052,2024-02
"Penn Capital Management Company, LLC",1158202,2024-02
"Penn Mutual Asset Management, LLC",855702,2024-02
"Pennant Investors, LP",1759176,2024-02
"Pennant Select, LLC",2011563,2024-02
"Penobscot Investment Management Company, Inc.",1394866,2024-02
Penserra Capital Management LLC,1593324,2024-02
Pensionfund DSM Netherlands,1297731,2024-01
Pensionfund Sabic,1637246,2024-01
"Pensionmark Financial Group, LLC",1652594,2024-02
Pentwater Capital Management LP,1425851,2024-02
Peoples Bank/KS,1998269,2024-01
"Per Stirling Capital Management, LLC.",1689933,2024-02
Perbak Capital Partners LLP,1968437,2024-02
"Peregrine Asset Advisers, Inc.",1535227,2024-02
Perella Weinberg Partners Capital Management LP,1426083,2024-02
"Perennial Advisors, LLC",1697360,2024-01
"Perennial Investment Advisors, LLC",1801523,2024-02
"Performa Ltd (US), LLC",1650303,2024-02
"Perfromance Wealth Partners, LLC",1908765,2024-01
"Perigon Wealth Management, LLC",1575239,2024-01
Perkins Coie Trust Co,1513038,2024-01
Permanens Capital L.P.,1599637,2024-02
"Permian Investment Partners, LP",1472850,2024-02
Permira Holdings LTD,1337150,2024-02
"Permit Capital, LLC",1313978,2024-02
Perpetual Ltd,1647273,2024-02
Perseverance Asset Management International,1802695,2024-02
"Pershing Square Capital Management, L.P.",1336528,2024-02
Pertento Partners LLP,1894571,2024-02
"Peterson Financial Group, Inc.",1903905,2024-02
"Peterson Wealth Advisors, LLC",1713558,2024-01
Peterson Wealth Services,1906799,2024-01
Petiole USA ltd,1600202,2024-02
Petix & Botte Co,1803255,2024-02
"Petrus Trust Company, LTA",1473429,2024-02
"Pettee Investors, Inc.",1596901,2024-02
"Pettinga Financial Advisors, LLC",1694592,2024-01
"Pflug Koory, LLC",1740063,2024-01
"Pharo Management, Inc.",1478032,2024-02
"Phase 2 Partners, LLC",1841126,2024-02
"Philadelphia Financial Management of San Francisco, LLC",1351407,2024-02
"Philip James Wealth Mangement, LLC",2002630,2024-01
Phillips Wealth Planners LLC,1962628,2024-02
PhiloSmith Capital Corp,1942361,2024-01
Philosophy Capital Management LLC,1869199,2024-02
Phocas Financial Corp.,1356783,2024-01
Phoenix Holdings Ltd.,1679543,2024-02
Phoenix Wealth Advisors,1842362,2024-01
Phraction Management LLC,1907803,2024-02
"Physician Wealth Advisors, Inc.",1795173,2024-01
Physician Wealth Solutions Inc.,2007116,2024-01
Pictet Asset Management Holding SA,1993888,2024-02
Pictet North America Advisors SA,1599576,2024-02
"Pier Capital, LLC",1310051,2024-02
Pilgrim Global Advisors LLC,1963918,2024-02
"Pillar Wealth Advisors, LLC",1632226,2024-02
"Pine Brook Road Advisors, L.P.",1630691,2024-02
"Pine Haven Investment Counsel, Inc",1899753,2024-01
Pine Ridge Advisers LLC,1845915,2024-02
Pine Valley Investments Ltd Liability Co,1975417,2024-02
"PineBridge Investments, L.P.",1531721,2024-02
PineStone Asset Management Inc.,1904893,2024-02
Pineridge Advisors LLC,2012421,2024-03
Pingora Partners LLC,2011176,2024-02
"Pinion Investment Advisors, LLC",1738738,2024-01
"Pinkerton Retirement Specialists, LLC",1536446,2024-01
"Pinnacle Bancorp, Inc.",1703383,2024-01
"Pinnacle Family Advisors, LLC",1679064,2024-02
"Pinnacle Financial Group, LLC / IL",1905962,2024-02
"Pinnacle Holdings, LLC",1411784,2024-02
"Pinnacle Wealth Management Advisory Group, LLC",1631864,2024-02
"Pinnacle Wealth Management Group, Inc.",1868491,2024-01
"Pinnacle Wealth Management, LLC",1911464,2024-01
"Pinnacle Wealth Planning Services, Inc.",1726752,2024-02
"Pinnacle West Asset Management, Inc.",1975730,2024-02
Pinpoint Asset Management Ltd,1803237,2024-02
Pioneer Wealth Management Group,1973339,2024-01
Piscataqua Savings Bank,1855835,2024-01
"Pitti Group Wealth Management, LLC",1909664,2024-02
Pivotal bioVenture Partners Investment Advisor LLC,1844645,2024-02
"Plan Group Financial, LLC",1940033,2024-01
"Plancorp, LLC",1599579,2024-02
"Planned Solutions, Inc.",1831332,2024-01
Planning Capital Management Corp,2012016,2024-02
"Planning Center, Inc.",1910966,2024-01
"Plante Moran Financial Advisors, LLC",1424717,2024-02
Platform Technology Partners,1830817,2024-02
"Platinum Equity Advisors, LLC/DE",1803274,2024-02
Plato Investment Management Ltd,1984475,2024-02
"Platt Investment Counsel, LLC",1859195,2024-01
"Platte River Wealth Advisors, LLC",1802013,2024-01
"Poehling Capital Management, INC.",1730815,2024-02
"Point Break Capital Management, LLC",1631943,2024-02
Point72 Asia (Singapore) Pte. Ltd.,1666791,2024-02
"Point72 Asset Management, L.P.",1603466,2024-02
Point72 Europe (London) LLP,1698051,2024-02
Point72 Hong Kong Ltd,1599822,2024-02
"Point72 Italy, S.r.l.",2006887,2024-02
Point72 Middle East FZE,1949771,2024-02
"Point72 Private Investments, LLC",1954961,2024-02
PointState Capital LP,1509842,2024-02
Pointe Capital Management LLC,1640335,2024-02
Polar Asset Management Partners Inc.,1326389,2024-02
Polar Capital Holdings Plc,1837309,2024-02
"Polaris Capital Management, LLC",1316926,2024-02
Polianta Ltd,1695214,2024-01
Politan Capital Management LP,1885245,2024-02
Polunin Capital Partners Ltd,1629869,2024-01
Polus Capital Management Ltd,1890538,2024-02
Polymer Capital Management (HK) LTD,1970465,2024-02
Poplar Forest Capital LLC,1454949,2024-02
Port Capital LLC,1729212,2024-02
"Portfolio Design Labs, LLC",2010278,2024-02
"Portfolio Strategies, Inc.",1753271,2024-02
Portland Global Advisors LLC,1504941,2024-02
Portland Hill Asset Management Ltd,1703658,2024-02
Portman Ltd,1634896,2024-02
Portman Square Capital LLP,1966898,2024-01
"Portolan Capital Management, LLC",1350290,2024-02
"Portside Wealth Group, LLC",1978608,2024-01
"Post Oak Energy Holdings, LLC",1911838,2024-02
"Potomac Capital Management, Inc.",1418746,2024-02
Potrero Capital Research LLC,1536630,2024-02
"Powell Investment Advisors, LLC",1802195,2024-02
Power Corp of Canada,801166,2024-02
"Powers Advisory Group, LLC",1927474,2024-01
"Praesidium Investment Management Company, LLC",1320769,2024-02
Praetorian PR LLC,1949877,2024-02
"Praetorian Wealth Management, Inc.",1818940,2024-01
Prairie Sky Financial Group LLC,1985274,2024-01
"PrairieView Partners, LLC",1726673,2024-01
"Prairiewood Capital, LLC",1839695,2024-01
"Prana Capital Management, LP",1710951,2024-02
"Precision Wealth Strategies, LLC",1844197,2024-02
Premier Fund Managers Ltd,1673907,2024-02
"Premier Path Wealth Partners, LLC",1999925,2024-01
"Prentice Capital Management, LP",1326150,2024-02
Prentice Wealth Management LLC,1864229,2024-01
Prescott General Partners LLC,1538653,2024-02
"Presidio Capital Management, LLC",1931750,2024-01
Presima Securities ULC,1399360,2024-02
Prestige Wealth Management Group LLC,1772715,2024-02
Prevatt Capital Ltd,2009520,2024-02
"Price Capital Management, Inc.",1633624,2024-01
Price Jennifer C.,1930102,2024-02
Priebe Wealth Holdings LLC,2009646,2024-01
Primavera Capital Management Ltd,1686305,2024-02
"Prime Capital Investment Advisors, LLC",1731446,2024-01
Prime Capital Management Co Ltd,1448793,2024-02
Prime Movers Lab LLC,1915450,2024-02
Princeton Global Asset Management LLC,1767349,2024-01
"Principal Street Partners, LLC",1759271,2024-02
Principle Wealth Partners LLC,1743413,2024-02
"Prism Advisors, Inc.",1717027,2024-02
"Private Advisor Group, LLC",1567755,2024-02
Private Advisory Group LLC,1632965,2024-02
"Private Capital Advisors, Inc.",1350780,2024-02
"Private Capital Management, LLC",1588456,2024-02
"Private Harbour Investment Management & Counsel, LLC",1453526,2024-01
"Private Ocean, LLC",1601742,2024-01
Private Portfolio Partners LLC,1766520,2024-02
"Private Wealth Advisors, LLC",1787027,2024-01
"Private Wealth Group, LLC",1512780,2024-01
"Private Wealth Management Group, LLC",2011342,2024-02
"Private Wealth Partners, LLC",1335851,2024-02
"Private Wealth Strategies, L.L.C.",1803189,2024-02
Privium Fund Management (UK) Ltd,1845773,2024-02
Privium Fund Management B.V.,1795097,2024-02
ProShare Advisors LLC,1357955,2024-02
"ProVise Management Group, LLC",1305707,2024-02
"Probity Advisors, Inc.",1676603,2024-02
"Processus Wealth & Capital Management, LLC",2014209,2024-03
"Procyon Advisors, LLC",1804329,2024-01
"Professional Financial Advisors, LLC",1798221,2024-01
Proficio Capital Partners LLC,1654175,2024-02
"Profit Investment Management, LLC",1286295,2024-01
"Progeny 3, Inc.",1536006,2024-02
Progressive Investment Management Corp,1353318,2024-01
"Propel Bio Management, LLC",1969764,2024-02
"Proquility Private Wealth Partners, LLC",1844911,2024-02
"Prosight Management, LP",1617201,2024-02
"Prospect Capital Advisors, LLC",1632368,2024-02
Prospect Financial Services LLC,2012519,2024-02
"Prospect Hill Management, LLC",1837320,2024-02
Prospera Financial Services Inc,1541625,2024-02
Prosperitas Financial LLC,2001016,2024-01
"Prosperity Consulting Group, LLC",1910398,2024-02
"Prosperity Financial Group, Inc.",1991334,2024-02
"Prosperity Planning, Inc.",1843292,2024-02
"Prosperity Wealth Management, Inc.",1991463,2024-01
"Prossimo Advisors, LLC",1965307,2024-02
"Providence Capital Advisors, LLC",1730814,2024-02
Providence Equity Partners L.L.C.,1492133,2024-02
Providence First Trust Co,1713735,2024-02
"Providence Wealth Advisors, LLC",1744955,2024-02
"Provident Investment Management, Inc.",1076964,2024-02
"Provident Wealth Management, LLC",1799797,2024-01
"Prudent Man Advisors, LLC",1817174,2024-02
"Prysm Capital, L.P.",1906526,2024-02
Psagot Value Holdings Ltd. / (Israel),1912576,2024-02
Punch Card Management L.P.,1631664,2024-02
"Pure Financial Advisors, LLC",1571556,2024-01
"Purus Wealth Management, LLC",1844250,2024-01
"Pythagorean Trading, LLC",1802856,2024-02
"Q Global Advisors, LLC",1469589,2024-02
Q3 Asset Management,1732543,2024-01
"QCM Cayman, Ltd.",1166340,2024-02
"QRG CAPITAL MANAGEMENT, INC.",1996454,2024-02
QSV Equity Investors LLC,2011250,2024-02
QUADRANT CAPITAL GROUP LLC,1650717,2024-02
"QUARRY HILL ADVISORS, LLC",1965346,2024-02
QUATTRO FINANCIAL ADVISORS LLC,1705929,2024-01
QUEST INVESTMENT MANAGEMENT LLC,1036248,2024-02
QV Investors Inc.,1570253,2024-01
QVIDTVM Management LLC,1912226,2024-02
QVR LLC,1718858,2024-02
QVT Financial LP,1290162,2024-02
Qalhat Capital Ltd,1884252,2024-02
"Qiming U.S. Ventures Management, LLC",1909617,2024-02
"Qsemble Capital Management, LP",1766159,2024-02
Qtron Investments LLC,1768099,2024-02
"Quad-Cities Investment Group, LLC",1741426,2024-01
"Quadcap Wealth Management, LLC",2009674,2024-02
"Quadrant Private Wealth Management, LLC",1727454,2024-02
Quadratic Capital Management LLC,1697722,2024-01
Quadrature Capital Ltd,1651424,2024-02
Quaero Capital S.A.,1843510,2024-01
"Quaker Capital Investments, LLC",1633648,2024-02
"Quaker Wealth Management, LLC",1733472,2024-02
Quantbot Technologies LP,1512991,2024-02
Quantedge Capital Pte Ltd,1561418,2024-02
Quantinno Capital Management LP,1759654,2024-02
"Quantitative Investment Management, LLC",1445911,2024-02
"Quantitative Strategies, Inc.",1810224,2024-02
"Quantum Capital Management, LLC / NJ",1513125,2024-02
"Quantum Financial Advisors, LLC",1929139,2024-01
"Quantum Private Wealth, LLC",1929662,2024-01
Quarry LP,1965207,2024-02
Qube Research & Technologies Ltd,1729829,2024-02
"Quent Capital, LLC",1912338,2024-01
Quest Partners LLC,1883897,2024-02
Quilter Plc,1770632,2024-01
Quinn Opportunity Partners LLC,1633275,2024-02
Quintet Private Bank (Europe) S.A.,1977290,2024-02
"Quotient Wealth Partners, LLC",2004904,2024-02
"R. W. Roge & Company, Inc.",1800745,2024-01
"R.H. Dinel Investment Counsel, Inc.",1598352,2024-01
R.M.SINCERBEAUX CAPITAL MANAGEMENT LLC,1426774,2024-02
R.P. Boggs & Co.,1843303,2024-02
"RA CAPITAL MANAGEMENT, L.P.",1346824,2024-02
RAFFLES ASSOCIATES LP,1169581,2024-02
RAINEY & RANDALL INVESTMENT MANAGEMENT INC.,1728355,2024-02
"RAM Investment Partners, LLC",1989672,2024-01
RAMSEY QUANTITATIVE SYSTEMS,1132897,2024-02
RATIONAL ADVISORS LLC,1143565,2024-02
RAYMOND JAMES & ASSOCIATES,1084208,2024-01
RAYMOND JAMES TRUST CO. OF NH,1927067,2024-01
RAYMOND JAMES TRUST N.A.,1088950,2024-01
"RB Capital Management, LLC",1695582,2024-02
"RBA Wealth Management, LLC",1776296,2024-02
"RBF Capital, LLC",1134621,2024-02
RBO & CO LLC,1162827,2024-02
"RCS Financial Planning, LLC",1963347,2024-02
RDA Financial Network,1774086,2024-01
RDST Capital LLC,1912187,2024-02
"RE Dickinson Investment Advisors, LLC",1801241,2024-02
READYSTATE ASSET MANAGEMENT LP,1900923,2024-02
REAVES W H & CO INC,740913,2024-02
"REBALANCE, LLC",1811052,2024-02
"RED CEDAR INVESTMENT MANAGEMENT, LLC",1734398,2024-02
"RED LIGHTHOUSE INVESTMENT MANAGEMENT, LLC",1962166,2024-02
REDMONT WEALTH ADVISORS LLC,1910482,2024-01
REDW Wealth LLC,1688931,2024-01
"REDWOOD CAPITAL MANAGEMENT, LLC",1316622,2024-02
"REGATTA CAPITAL GROUP, LLC",1911488,2024-01
REGENTS OF THE UNIVERSITY OF CALIFORNIA,315054,2024-01
"REGIMEN WEALTH, LLC",1963863,2024-02
REGIONS FINANCIAL CORP,1281761,2024-02
"REIK & CO., LLC",1388028,2024-01
"REINHART PARTNERS, LLC.",1080298,2024-01
RENAISSANCE GROUP LLC,944234,2024-02
RENAISSANCE TECHNOLOGIES LLC,1037389,2024-02
RESOURCE CONSULTING GROUP INC,831941,2024-01
RESOURCES MANAGEMENT CORP /CT/ /ADV,749044,2024-02
RESTON WEALTH MANAGEMENT LLC,1767617,2024-01
RETIREMENT CAPITAL STRATEGIES,1672681,2024-02
"RETIREMENT FINANCIAL SOLUTIONS, LLC",1962532,2024-01
RETIREMENT GUYS FORMULA LLC,1933059,2024-01
"RETIREMENT INCOME SOLUTIONS, INC",1730386,2024-02
"REVERENCE CAPITAL PARTNERS, L.P.",1907530,2024-02
"RF&L WEALTH MANAGEMENT, LLC",1965915,2024-02
"RFG Advisory, LLC",1633387,2024-01
"RFG HOLDINGS, INC.",1845210,2024-01
RFP Financial Group LLC,1956564,2024-02
"RGM Capital, LLC",1323953,2024-02
"RHS Financial, LLC",1766514,2024-01
RHUMBLINE ADVISERS,1115418,2024-02
RIA Advisory Group LLC,1958384,2024-01
"RICE HALL JAMES & ASSOCIATES, LLC",1230765,2024-02
RICHARDSON FINANCIAL SERVICES INC.,2012303,2024-03
RICHELIEU GESTION SA,1916690,2024-01
"RIDGECREST WEALTH PARTNERS, LLC",1860719,2024-01
RIPOSTE CAPITAL LLC,1672355,2024-02
RIT CAPITAL PARTNERS PLC,939334,2024-02
RITHOLTZ WEALTH MANAGEMENT,1698218,2024-01
RIVER GLOBAL INVESTORS LLP,1486180,2024-02
RIVERBRIDGE PARTNERS LLC,1112325,2024-01
"RIVERNORTH CAPITAL MANAGEMENT, LLC",1447578,2024-02
RIVERPARK CAPITAL MANAGEMENT LLC,1614704,2024-01
"RIVERSEDGE ADVISORS, LLC",1787663,2024-01
RIVERSTONE HOLDINGS LLC,1247497,2024-02
"RIVULET CAPITAL, LLC",1566691,2024-02
RJA Asset Management LLC,1671817,2024-01
"RK Asset Management, LLC",1595686,2024-01
"RK Capital Management, LLC",1426266,2024-02
RKL Wealth Management LLC,1604723,2024-01
"RMB Capital Management, LLC",1332905,2024-02
RMR Wealth Builders,1803848,2024-02
RNC CAPITAL MANAGEMENT LLC,51762,2024-01
ROANOKE ASSET MANAGEMENT CORP/ NY,1089710,2024-02
ROB Exploration LLC,1919283,2024-01
ROBERT WOOD JOHNSON FOUNDATION,315157,2024-02
ROBERTS GLORE & CO INC /IL/,1017115,2024-02
"ROBINSON CAPITAL MANAGEMENT, LLC",1599795,2024-02
ROBINSON SMITH WEALTH ADVISORS LLC,2008554,2024-02
ROBOTTI ROBERT,1105838,2024-02
ROCKLAND TRUST CO,84616,2024-01
"ROCKY MOUNTAIN ADVISERS, LLC",1512779,2024-01
ROFFMAN MILLER ASSOCIATES INC /PA/,869367,2024-02
"ROGCO, LP",1998892,2024-02
"ROI Financial Advisors, LLC",2011633,2024-02
ROMAN BUTLER FULLERTON & CO,733444,2024-01
ROMANO BROTHERS AND COMPANY,200648,2024-01
ROSENBLUM SILVERMAN SUTTON S F INC /CA,918893,2024-02
ROVIN CAPITAL /UT/ /ADV,1059057,2024-03
ROWLANDMILLER & PARTNERS.ADV,225816,2024-01
ROYAL BANK OF CANADA,1000275,2024-02
ROYAL LONDON ASSET MANAGEMENT LTD,863748,2024-02
ROYCE & ASSOCIATES LP,906304,2024-02
"RP Management, LLC",1507673,2024-02
"RPG Investment Advisory, LLC",1666664,2024-01
RPO LLC,1885066,2024-02
RPTC Inc.,1714450,2024-02
"RPg Family Wealth Advisory, LLC",1569884,2024-01
"RR Advisors, LLC",1322613,2024-02
RS CRUM INC.,1401459,2024-02
"RTD Financial Advisors, Inc.",1810555,2024-01
"RTW INVESTMENTS, LP",1493215,2024-02
"RUSH ISLAND MANAGEMENT, LP",1736465,2024-02
"RUSSIA PARTNERS MANAGEMENT, LLC",1555433,2024-01
RV Capital AG,1766596,2024-02
"RVW Wealth, LLC",1756543,2024-01
"RWA WEALTH PARTNERS, LLC",1544576,2024-02
RWC ASSET ADVISORS (US) LLC,1638081,2024-02
RWC Asset Management LLP,1520478,2024-02
"RWQ Financial Management Services, Inc.",1846544,2024-01
"RWWM, Inc.",1507683,2024-02
Raab & Moskowitz Asset Management LLC,1616664,2024-02
Radcliff Management LLC,1911132,2024-02
"Radcliffe Capital Management, L.P.",1218275,2024-02
"Radnor Capital Management, LLC",1696867,2024-01
"Rafferty Asset Management, LLC",1389426,2024-02
Railway Pension Investments Ltd,1658020,2024-02
"Rain Capital Management, LLC",1667553,2024-02
Raine Capital LLC,1631543,2024-02
Raine Group LLC,1887502,2024-02
"Rainsberger Wealth Advisors, Inc.",1912314,2024-01
Rainwater Charitable Foundation,1729139,2024-02
"Rakuten Securities, Inc.",2009539,2024-01
Raleigh Capital Management Inc.,1911726,2024-02
"Ramirez Asset Management, Inc.",1992110,2024-02
"Ramsay, Stattman, Vela & Price, Inc.",1541399,2024-02
Ranch Capital Advisors Inc.,1793269,2024-02
Randolph Co Inc,1475150,2024-01
Range Financial Group LLC,1928635,2024-01
"Ranger Global Real Estate Advisors, LLC",1689007,2024-02
"Ranger Investment Management, L.P.",1319691,2024-02
"Rappaport Reiches Capital Management, LLC",1990195,2024-01
Ratan Capital Management LP,1566887,2024-02
Rathbones Group PLC,1351991,2024-02
"Rather & Kittrell, Inc.",1582112,2024-02
Ratio Wealth Group,1971024,2024-02
Raub Brock Capital Management LP,1554656,2024-01
"Raymond James Financial Services Advisors, Inc.",1462284,2024-01
Realta Investment Advisors,1776792,2024-01
Recurrent Investment Advisors LLC,1803146,2024-02
"Red Door Wealth Management, LLC",1783599,2024-01
"Red Mountain Financial, LLC",1997650,2024-03
"Red Spruce Capital, LLC",1795356,2024-01
Red Tortoise LLC,1910488,2024-01
Red Wave Investments LLC,1846493,2024-02
"Rede Wealth, LLC",1842054,2024-01
"Redhawk Wealth Advisors, Inc.",1535811,2024-01
"Redmile Group, LLC",1425738,2024-02
"Redmond Asset Management, LLC",1567890,2024-02
"Redpoint Management, LLC",1689508,2024-02
Redwood Financial Network Corp,1927724,2024-02
"Redwood Grove Capital, LLC",1691170,2024-02
"Redwood Investment Management, LLC",1717479,2024-02
"Redwood Investments, LLC",1384058,2024-01
"Redwood Wealth Management Group, LLC",1963839,2024-01
Refined Wealth Management,1724729,2024-01
Regal Investment Advisors LLC,1559789,2024-02
Regal Partners Ltd,1577774,2024-02
"Regal Wealth Group, Inc.",1656537,2024-02
Regency Capital Management Inc.\DE,1863894,2024-01
Regent Peak Wealth Advisors LLC,1803329,2024-01
Regis Acquisition Inc.,1984125,2024-03
Regis Management CO LLC,1352776,2024-02
Register Financial Advisors LLC,1962636,2024-01
Rehmann Capital Advisory Group,1633037,2024-02
Reitz Capital Advisors LLC,1757260,2024-01
"Relative Value Partners Group, LLC",1649910,2024-02
"Reliant Investment Management, LLC",1517429,2024-01
Reliant Wealth Planning,1823393,2024-02
Relyea Zuckerberg Hanson LLC,1793691,2024-01
Rempart Asset Management Inc.,1844571,2024-01
Renaissance Capital LLC,1535058,2024-01
Renaissance Investment Group LLC,1509508,2024-01
Renasant Bank,1656167,2024-02
"Rench Wealth Management, Inc.",1599016,2024-02
Repertoire Partners LP,1909393,2024-02
"Requisite Capital Management, LLC",1730573,2024-01
Resolute Advisors LLC,1800217,2024-02
Resolute Capital Asset Partners LLC,1834913,2024-02
"Resolute Wealth Strategies, LLC",1973981,2024-02
Resolution Capital Ltd,1612389,2024-02
"Resonant Capital Advisors, LLC",1803236,2024-01
Resource Group International Ltd,1845874,2024-02
Resource Planning Group,1537147,2024-01
Resurgent Financial Advisors LLC,1912339,2024-02
"Retireful, LLC",1919176,2024-01
"Retirement Group, LLC",1740491,2024-02
"Retirement Investment Advisors, Inc.",1957886,2024-02
"Retirement Planning Co of New England, Inc.",1817693,2024-02
"Retirement Planning Group, LLC",1508195,2024-01
Retirement Solution Inc.,1914606,2024-02
Retirement Systems of Alabama,1593051,2024-02
Revisor Wealth Management LLC,1887409,2024-01
"Revolution Growth Management Company, Inc.",1816374,2024-02
"Revolve Wealth Partners, LLC",1808992,2024-01
"Reynders McVeigh Capital Management, LLC",1455969,2024-02
"Rezny Wealth Management, Inc.",1535859,2024-02
Rhenman & Partners Asset Management AB,1599882,2024-02
Rheos Capital Works Inc.,1735445,2024-01
"Ribbit Management Company, LLC",1836733,2024-02
"Rice Partnership, LLC",1736736,2024-02
Richard Bernstein Advisors LLC,1528214,2024-02
"Richard C. Young & CO., LTD.",1387304,2024-02
Richard P Slaughter Associates Inc,1811783,2024-01
"Richard W. Paul & Associates, LLC",1964203,2024-01
Richardson Capital Management LLC,1621646,2024-02
"Richmond Brothers, Inc.",1540462,2024-02
"Richmond Hill Investments, LLC",1455952,2024-02
"Richwood Investment Advisors, LLC",1911900,2024-02
Ridgeback Capital Investments L.P.,1423994,2024-02
"Ridgemont Partners Management, LLC",1594467,2024-01
Ridgewood Investments LLC,1703556,2024-01
Riggs Asset Managment Co. Inc.,1601348,2024-02
Rings Capital Management LLC,1771122,2024-02
Rinkey Investments,1730774,2024-02
Rip Road Capital Partners LP,1802893,2024-02
"Rise Advisors, LLC",1831316,2024-01
"Ritter Alpha, LP",1910323,2024-02
Ritter Daniher Financial Advisory LLC / DE,1936603,2024-02
"River Road Asset Management, LLC",1341401,2024-01
River Street Advisors LLC,1964897,2024-01
River Wealth Advisors LLC,1642570,2024-02
"RiverFront Investment Group, LLC",1469751,2024-02
RiverGlades Family Offices LLC,1619779,2024-02
"RiverPark Advisors, LLC",1484256,2024-01
"RiverTree Advisors, LLC",1872501,2024-01
RiverVest Venture Management LLC,1812549,2024-02
Rivermont Capital Management LP,1965613,2024-02
"Riverpoint Wealth Management Holdings, LLC",1682733,2024-02
"Riverstone Advisors, LLC",1763404,2024-01
"Riverview Capital Advisers, LLC",1962933,2024-02
Riverview Trust Co,1593600,2024-01
Riverwater Partners LLC,1882572,2024-01
Riverwood Capital Management Ltd.,1550599,2024-02
"Rizvi Traverse Management, LLC",1569633,2024-02
Robbins Farley,1847820,2024-02
Robeco Institutional Asset Management B.V.,1418773,2024-02
Robeco Schweiz AG,1418427,2024-02
"Roberts Wealth Advisors, LLC",1885319,2024-01
"Robertson Opportunity Capital, LLC",1352122,2024-02
"Robertson Stephens Wealth Management, LLC",1767307,2024-02
"Robinson Value Management, Ltd.",1694283,2024-02
"Roble, Belko & Company, Inc",1642305,2024-02
"Rock Creek Group, LP",1484067,2024-02
"Rock Point Advisors, LLC",1301540,2024-02
Rock Springs Capital Management LP,1595725,2024-02
"Rockbridge Investment Management, LCC",1821984,2024-02
Rockefeller Capital Management L.P.,1739439,2024-02
"Rockline Wealth Management, LLC",2005098,2024-01
"Rockwood Wealth Management, LLC",1983670,2024-01
"Rodgers & Associates, LTD",1846515,2024-02
Rodgers Brothers Inc.,1397290,2024-02
"Roger Wittlin Investment Advisory, LLC",1911328,2024-01
Rokos Capital Management LLP,1666335,2024-02
Rollins Financial,1853019,2024-02
"Rollins Financial Advisors, LLC",1884018,2024-02
"Roof Eidam Maycock Peralta, LLC",1028874,2024-02
"Root Financial Partners, LLC",1977181,2024-01
"Rooted Wealth Advisors, Inc.",1963732,2024-02
"Rosalind Advisors, Inc.",1622627,2024-02
"Rose Park Advisors, LLC",1906572,2024-02
Rosenbaum Jay D.,1622820,2024-02
Rosenberg Matthew Hamilton,1812103,2024-01
"Rosenthal {-} Henry Capital Advisors, Inc.",1697539,2024-01
Rossmore Private Capital,1733082,2024-02
Roth Financial Partners LLC,1840888,2024-01
Rothschild & Co Wealth Management UK Ltd,1784260,2024-01
"Rothschild Capital Partners, LLC",1569833,2024-02
"Roubaix Capital, LLC",1769700,2024-02
"Roumell Asset Management, LLC",1331693,2024-02
Round Hill Asset Management,1696438,2024-02
"Round Rock Advisors, LLC",1846991,2024-01
Roundview Capital LLC,1476804,2024-02
"Route One Investment Company, L.P.",1512171,2024-02
Rovida Advisors Inc.,1653857,2024-02
"Royal Capital Wealth Management, LLC",1904323,2024-02
"Royal Fund Management, LLC",1810099,2024-02
"Royal Harbor Partners, LLC",1801876,2024-02
"Ruane, Cunniff & Goldfarb L.P.",1720792,2024-02
Rubric Capital Management LP,1687509,2024-02
Rudius Management LP,1835407,2024-02
"Ruedi Wealth Management, Inc.",1940678,2024-01
Ruffer LLP,1426859,2024-02
Ruggaard & Associates LLC,1971230,2024-02
Running Oak Capital LLC,1803994,2024-02
"Running Point Capital Advisors, LLC",1840629,2024-02
"Russell Investments Group, Ltd.",1692234,2024-02
Rye Brook Capital LLC,1844147,2024-01
"S Squared Technology, LLC",1322924,2024-02
S&CO INC,1082461,2024-02
S&T BANK/PA,1010911,2024-02
S. R. Schill & Associates,1616004,2024-01
S.A. Mason LLC,1800911,2024-01
S.E.E.D. Planning Group LLC,1765515,2024-01
"SABBY MANAGEMENT, LLC",1535610,2024-02
SAGE FINANCIAL GROUP INC,882119,2024-01
SAGE RHINO CAPITAL LLC,1771605,2024-02
"SAL Trading, LLC",1879635,2024-02
SALEM INVESTMENT COUNSELORS INC,884423,2024-01
SALZHAUER MICHAEL,1059543,2024-02
"SAM Advisors, LLC",1600944,2024-02
"SAMLYN CAPITAL, LLC",1421097,2024-02
SANDER CAPITAL ADVISORS INC,1173889,2024-01
SANDERS MORRIS HARRIS LLC,1053994,2024-01
SANDLER CAPITAL MANAGEMENT,1000742,2024-02
"SANDS CAPITAL MANAGEMENT, LLC",1020066,2024-02
SANTA MONICA PARTNERS LP,904793,2024-02
SAPIENT CAPITAL LLC,1998653,2024-01
"SAPPHIRE VENTURES, L.L.C.",1697665,2024-02
"SAR WEALTH MANAGEMENT GROUP, LLC",2010095,2024-02
SASCO CAPITAL INC / CT/,788714,2024-02
SATOVSKY ASSET MANAGEMENT LLC,1807288,2024-01
SAWGRASS ASSET MANAGEMENT LLC,1105467,2024-02
"SAX WEALTH ADVISORS, LLC",1846150,2024-02
"SAXON INTERESTS, INC.",1905867,2024-01
SAYBROOK CAPITAL /NC,1044924,2024-01
SB INVESTMENT ADVISERS (UK) LTD,1731509,2024-02
"SC US (TTGP), LTD.",1607841,2024-02
SC XII MANAGEMENT LLC,1374246,2024-02
"SC&H Financial Advisors, Inc.",1907898,2024-02
"SCALAR GAUGE MANAGEMENT, LLC",1965542,2024-02
"SCF Partners, Inc.",1085550,2024-02
"SCGE MANAGEMENT, L.P.",1537530,2024-02
SCHAPER BENZ & WISE INVESTMENT COUNSEL INC/WI,1033974,2024-02
"SCHARF INVESTMENTS, LLC",1463746,2024-01
SCHMIDT P J INVESTMENT MANAGEMENT INC,1008895,2024-01
SCHNIEDERS CAPITAL MANAGEMENT LLC,1603937,2024-02
"SCHOLTZ & COMPANY, LLC",1606134,2024-02
SCHRODER INVESTMENT MANAGEMENT GROUP,1086619,2024-02
SCHULHOFF & CO INC,1080197,2024-02
SCHWARTZ INVESTMENT COUNSEL INC,909151,2024-01
SCHWARZ DYGOS WHEELER INVESTMENT ADVISORS LLC,1794153,2024-02
SCHWERIN BOYLE CAPITAL MANAGEMENT INC,937522,2024-02
SCOGGIN MANAGEMENT LP,1086416,2024-02
SCOPIA CAPITAL MANAGEMENT LP,1279150,2024-02
"SCOPUS ASSET MANAGEMENT, L.P.",1317583,2024-02
SCOTIA CAPITAL INC.,1335644,2024-02
"SCOUT INVESTMENTS, INC.",1161927,2024-02
"SCP Investment, LP",1730961,2024-02
SCS Capital Management LLC,1303159,2024-02
SEAMOUNT FINANCIAL GROUP INC,2011267,2024-02
SEARCY FINANCIAL SERVICES INC /ADV,354923,2024-01
SEARLE & CO.,710127,2024-02
SEAVIEW INVESTMENT MANAGERS LLC,1832158,2024-02
SECTOR GAMMA AS,1475373,2024-02
SECTORAL ASSET MANAGEMENT INC,1274413,2024-02
"SECURED RETIREMENT ADVISORS, LLC",2012356,2024-02
"SECURIAN ASSET MANAGEMENT, INC",1035350,2024-02
SECURITY BENEFIT LIFE INSURANCE CO /KS/,869772,2024-02
SECURITY NATIONAL BANK OF SIOUX CITY IOWA /IA/,894309,2024-02
SECURITY NATIONAL BANK OF SO DAK,1105909,2024-02
"SEGALL BRYANT & HAMILL, LLC",1006378,2024-02
"SEGRA CAPITAL MANAGEMENT, LLC",1607512,2024-02
SEI INVESTMENTS CO,350894,2024-02
"SEIZERT CAPITAL PARTNERS, LLC",1134283,2024-02
SELDON CAPITAL LP,1867731,2024-02
SEMPER AUGUSTUS INVESTMENTS GROUP LLC,1115373,2024-02
SENTINEL PENSION ADVISORS INC,1802290,2024-02
SENTINEL TRUST CO LBA,1114739,2024-02
SENTRY INVESTMENT MANAGEMENT LLC,89014,2024-01
"SEQUOIA CAPITAL INDIA OPERATIONS II, LLC",1886840,2024-02
SERENITY CAPITAL MANAGEMENT PTE. LTD.,1934957,2024-01
"SEVEN EIGHT CAPITAL, LP",1575129,2024-02
"SEVEN GRAND MANAGERS, LLC",1909126,2024-02
SEVEN MILE ADVISORY,1987932,2024-02
SFE Investment Counsel,1317784,2024-01
"SFG Wealth Management, LLC.",1908914,2024-01
"SFI Advisors, LLC",1911308,2024-01
"SFMG, LLC",1512026,2024-01
"SG Americas Securities, LLC",1313360,2024-01
SG Capital Management LLC,1510099,2024-02
SHAH CAPITAL MANAGEMENT,1383838,2024-02
SHAKER INVESTMENTS LLC/OH,1009005,2024-01
"SHAKESPEARE WEALTH MANAGEMENT, INC.",1658509,2024-02
SHANDA ASSET MANAGEMENT HOLDINGS Ltd,1622346,2024-02
SHAPIRO CAPITAL MANAGEMENT LLC,1177244,2024-02
"SHARIAPORTFOLIO, INC.",1998574,2024-02
"SHAYNE & JACOBS, LLC",1484085,2024-02
SHEETS SMITH WEALTH MANAGEMENT,1157436,2024-02
SHELL ASSET MANAGEMENT CO,1211028,2024-02
SHELTON CAPITAL MANAGEMENT,1002784,2024-02
"SHELTON WEALTH MANAGEMENT, LLC",1903883,2024-02
SHEN NEIL NANPENG,1279329,2024-02
SHENKMAN CAPITAL MANAGEMENT INC,1275228,2024-02
"SHEPHERD KAPLAN KROCHUK, LLC",1218583,2024-02
SHERBROOKE PARK ADVISERS LLC,1965377,2024-02
SHIKIAR ASSET MANAGEMENT INC,1058022,2024-02
SHUFRO ROSE & CO LLC,908195,2024-02
SIB LLC,1426857,2024-01
SIEMENS AG,940418,2024-02
SIEMENS PENSION TRUST E V,1209767,2024-02
SIERRA SUMMIT ADVISORS LLC,2012614,2024-02
"SIG Growth Equity Funds Ltd Partnership, LLLP",2009262,2024-02
SIGMA INVESTMENT COUNSELORS INC,1085163,2024-01
SIGNATURE ESTATE & INVESTMENT ADVISORS LLC,1079935,2024-01
"SIGNATUREFD, LLC",1456048,2024-02
"SIGNET FINANCIAL MANAGEMENT, LLC",1600307,2024-01
"SIH Partners, LLLP",1996244,2024-02
"SILVER OAK SECURITIES, INCORPORATED",1080576,2024-02
"SILVERARC CAPITAL MANAGEMENT, LLC",1816307,2024-02
SILVERBACK ASSET MANAGEMENT LLC,1278960,2024-02
SILVERCREST ASSET MANAGEMENT GROUP LLC,1232395,2024-02
SILVERLAKE WEALTH MANAGEMENT LLC,1966026,2024-01
"SILVIA MCCOLL WEALTH MANAGEMENT, LLC",1991983,2024-01
"SIMON QUICK ADVISORS, LLC",1692038,2024-01
"SIMPLEX TRADING, LLC",1488542,2024-02
"SINECERA CAPITAL, LLC",1909816,2024-01
SINGAPORE TECHNOLOGIES TELEMEDIA PTE LTD,1219573,2024-02
"SIR Capital Management, L.P.",1434997,2024-02
SIRIOS CAPITAL MANAGEMENT L P,1104883,2024-02
SIT INVESTMENT ASSOCIATES INC,769317,2024-02
"SITTNER & NELSON, LLC",1846138,2024-02
SJS Investment Consulting Inc.,1894302,2024-01
SKBA CAPITAL MANAGEMENT LLC,932024,2024-02
"SL ADVISORS, LLC",1680365,2024-01
SMH CAPITAL ADVISORS INC,1180391,2024-02
"SMI Advisory Services, LLC",1609008,2024-01
SMITH CHAS P & ASSOCIATES PA CPAS,1082509,2024-02
SMITH SHELLNUT WILSON LLC /ADV,944317,2024-02
"SMITH, MOORE & CO.",200724,2024-02
SMITHBRIDGE ASSET MANAGEMENT INC/DE,1103245,2024-01
"SNS Financial Group, LLC",1557485,2024-01
SNYDER CAPITAL MANAGEMENT L P,1050477,2024-02
"SOA Wealth Advisors, LLC.",1849444,2024-01
SOF Ltd,1697569,2024-02
"SOFI WEALTH, LLC",1925582,2024-01
SOFTBANK GROUP CORP.,1065521,2024-02
SOL Capital Management CO,1339270,2024-01
SOMA EQUITY PARTNERS LP,1680964,2024-02
SOMERVILLE KURT F,1215208,2024-02
SONA ASSET MANAGEMENT (US) LLC,1856405,2024-02
SONATA CAPITAL GROUP INC,1172036,2024-02
SORA INVESTORS LLC,1894532,2024-02
SOROS CAPITAL MANAGEMENT LLC,1748240,2024-02
SOROS FUND MANAGEMENT LLC,1029160,2024-02
SOUND SHORE MANAGEMENT INC /CT/,820124,2024-02
"SOUNDMARK WEALTH MANAGEMENT, LLC",1831431,2024-01
SOUTHEASTERN ASSET MANAGEMENT INC/TN/,807985,2024-02
"SOUTHERN CAPITAL ADVISORS, LLC",1909249,2024-01
"SOUTHERNSUN ASSET MANAGEMENT, LLC",1089755,2024-02
"SOUTHPORT MANAGEMENT, L.L.C.",1549553,2024-02
SP Asset Management LLC,1962086,2024-02
"SPC Financial, Inc.",1415201,2024-02
SPEECE THORSON CAPITAL GROUP INC,900169,2024-02
SPHERA FUNDS MANAGEMENT LTD.,1496201,2024-02
SPINNAKER CAPITAL LTD,1178653,2024-02
SPINNAKER TRUST,1158970,2024-02
SPIRIT OF AMERICA MANAGEMENT CORP/NY,1041283,2024-01
"SPRENG CAPITAL MANAGEMENT, INC.",1800913,2024-01
"SPRING CAPITAL MANAGEMENT, LLC",1899146,2024-01
SPROTT INC.,1512920,2024-02
SPRUCE HOUSE INVESTMENT MANAGEMENT LLC,1543170,2024-02
SPRUCEGROVE INVESTMENT MANAGEMENT LTD,1234074,2024-01
SPX Gestao de Recursos Ltda,1589176,2024-02
SQN Investors LP,1665887,2024-02
SQUADRA INVESTMENTS - GESTAO DE RECURSOS LTDA.,1577806,2024-02
"SR ONE CAPITAL MANAGEMENT, LP",1910264,2024-02
SRB CORP,1496228,2024-02
"SRS Capital Advisors, Inc.",1586767,2024-02
"SRS Investment Management, LLC",1503174,2024-02
"SS&H Financial Advisors, Inc.",1911735,2024-02
SSI INVESTMENT MANAGEMENT LLC,938487,2024-02
ST GERMAIN D J CO INC,831571,2024-01
STABLEFORD CAPITAL II LLC,1842089,2024-01
STADIUM CAPITAL MANAGEMENT LLC,1105087,2024-02
"STAGE HARBOR FINANCIAL, LLC",1934721,2024-02
STALEY CAPITAL ADVISERS INC,1106565,2024-02
"STANSBERRY ASSET MANAGEMENT, LLC",1725910,2024-02
"STAPP WEALTH MANAGEMENT, PLLC",1954085,2024-01
STAR Financial Bank,1965329,2024-02
STATE BOARD OF ADMINISTRATION OF FLORIDA RETIREMENT SYSTEM,938076,2024-02
STATE FARM MUTUAL AUTOMOBILE INSURANCE CO,315032,2024-02
STATE OF MICHIGAN RETIREMENT SYSTEM,762152,2024-01
STATE OF WISCONSIN INVESTMENT BOARD,854157,2024-02
STATE STREET CORP,93751,2024-02
STEADFAST CAPITAL MANAGEMENT LP,1214822,2024-02
"STEEL GROVE CAPITAL ADVISORS, LLC",1166308,2024-01
STEEL PARTNERS HOLDINGS L.P.,1452857,2024-02
STEELHEAD PARTNERS LLC,1133521,2024-02
STEGINSKY CAPITAL LLC,1120048,2024-02
STEINBERG ASSET MANAGEMENT LLC,1169883,2024-02
STEPH & CO,941519,2024-01
"STEPHENS GROUP ASSET MANAGEMENT, LLC",1726808,2024-01
STEPHENS INC /AR/,757657,2024-02
STERLING INVESTMENT ADVISORS LLC /ADV,1009198,2024-01
"STERLING INVESTMENT MANAGEMENT, LLC",1509873,2024-01
STEVENS CAPITAL MANAGEMENT LP,1134813,2024-02
STEVENS CAPITAL PARTNERS,1965176,2024-02
"STEWARD PARTNERS INVESTMENT SOLUTIONS, LLC",12532,2024-02
STEWART & PATTEN CO LLC,860580,2024-01
STF Management LP,1965239,2024-02
STIFEL FINANCIAL CORP,720672,2024-02
STOCK YARDS BANK & TRUST CO,741073,2024-02
STONE POINT CAPITAL LLC,1332638,2024-02
"STONE RUN CAPITAL, LLC",1512746,2024-02
STONEBRIDGE ADVISORS LLC,1367441,2024-01
STONEBRIDGE CAPITAL MANAGEMENT INC,51812,2024-03
STONEHILL CAPITAL MANAGEMENT LLC,1266227,2024-02
STONERIDGE INVESTMENT PARTNERS LLC,1108831,2024-02
"STRATEGIC INVESTMENT MANAGEMENT, LLC",846633,2024-01
STRATEGIC VALUE BANK PARTNERS LLC,1904067,2024-02
STRATEGY ASSET MANAGERS LLC,1166716,2024-02
STRS OHIO,820478,2024-01
STUDIO INVESTMENT MANAGEMENT LLC,1893893,2024-02
SUMITOMO LIFE INSURANCE CO,937760,2024-01
"SUMITOMO MITSUI FINANCIAL GROUP, INC.",1022837,2024-02
SUMMER ROAD LLC,1604873,2024-02
"SUMMIT FINANCIAL GROUP, INC.",811808,2024-01
SUMMIT PARTNERS L P,830588,2024-01
"SUMMIT PARTNERS PUBLIC ASSET MANAGEMENT, LLC",1638555,2024-02
"SUMMIT WEALTH & RETIREMENT PLANNING, INC.",1766995,2024-02
SUMMITRY LLC,1280043,2024-02
SUN LIFE FINANCIAL INC,1097362,2024-02
SUN VALLEY GOLD LLC,1280493,2024-02
SUPERSTRING CAPITAL MANAGEMENT LP,1931118,2024-02
SURIENCE PRIVATE WEALTH LLC,1900195,2024-02
"SUSQUEHANNA FUNDAMENTAL INVESTMENTS, LLC",1446179,2024-02
"SUSQUEHANNA INTERNATIONAL GROUP, LLP",1446194,2024-02
SUTTON PLACE INVESTORS LLC,1930301,2024-01
"SUVRETTA CAPITAL MANAGEMENT, LLC",1569064,2024-02
SVB FINANCIAL GROUP,719739,2024-02
SVB WEALTH LLC,1626116,2024-01
SVF Sponsor III (DE) LLC,1838428,2024-02
SW Investment Management LLC,1824821,2024-02
SWAN Capital LLC,1952722,2024-02
SWISS RE LTD,1519921,2024-02
"SWMG, LLC",1839255,2024-02
SWP FINANCIAL LLC,2014200,2024-03
SWS Partners,1731731,2024-02
"SWaN & Legend Advisors, LLC",2010993,2024-02
"SYCAMORE PARTNERS MANAGEMENT, L.P.",1632833,2024-02
SYCOMORE ASSET MANAGEMENT,1728681,2024-02
SYKON CAPITAL LLC,1988408,2024-02
SYLEBRA CAPITAL LLC,2003074,2024-02
SYM FINANCIAL Corp,764739,2024-02
SYMMETRY PEAK MANAGEMENT LLC,1389234,2024-02
SYNOVUS FINANCIAL CORP,18349,2024-02
"SYNTAX RESEARCH, INC.",1999827,2024-01
SYON CAPITAL LLC,1999353,2024-02
SYQUANT CAPITAL SAS,1766392,2024-01
SYSTEMATIC FINANCIAL MANAGEMENT LP,1085936,2024-02
SYSTM Wealth Solutions LLC,1961893,2024-02
"Saba Capital Management, L.P.",1510281,2024-02
"Sabadell Asset Management, S.A S.G.I.I.C",1730946,2024-01
Sabal Trust CO,1323276,2024-01
Sachem Head Capital Management LP,1582090,2024-02
"Sachetta, LLC",2010574,2024-02
"Safeguard Financial, LLC",1922498,2024-01
"Safeguard Investment Advisory Group, LLC",1846711,2024-01
"Safir Wealth Advisors, LLC",1830103,2024-01
"Sage Advisory Services, Ltd.Co.",1534378,2024-02
"Sage Capital Advisors,llc",1714107,2024-01
"Sage Financial Management Group, Inc.",1762086,2024-01
Sage Investment Advisers LLC,1925418,2024-02
Sage Mountain Advisors LLC,1832274,2024-02
Sage Rock Capital Management LP,1722622,2024-02
"SageView Advisory Group, LLC",1914558,2024-02
Sagefield Capital LP,1771179,2024-02
Sageworth Trust Co,1482688,2024-01
Sageworth Trust Co of South Dakota,1871593,2024-01
Sagil Capital LLP,1747744,2024-02
Sahana Capital Management LP,1808275,2024-02
SailingStone Capital Partners LLC,1608904,2024-02
"Salomon & Ludwin, LLC",1766156,2024-02
"Saltoro Capital, LP",1552059,2024-02
"Salvus Wealth Management, LLC",1809236,2024-01
"Samalin Investment Counsel, LLC",1544366,2024-02
"Samjo Management, LLC",1986590,2024-02
"Samsara BioCapital, LLC",1744967,2024-02
Samson Rock Capital LLP,1788558,2024-02
San Luis Wealth Advisors LLC,1844709,2024-01
Sanchez Wealth Management Group,1697740,2024-01
"Sanctuary Wealth Management, L.L.C.",1728436,2024-02
Sand Grove Capital Management LLP,1665077,2024-02
"Sand Hill Global Advisors, LLC",1009209,2024-02
Sandbar Asset Management LLP,1756870,2024-02
"Sandbox Financial Partners, LLC",1844892,2024-01
"Sanders Capital, LLC",1508097,2024-02
Sandhill Capital Partners LLC,1556245,2024-02
Sandia Investment Management LP,1880562,2024-02
"Sands Capital Ventures, LLC",1846444,2024-02
"Sandy Cove Advisors, LLC",1908217,2024-01
Sandy Spring Bank,1457833,2024-01
"Sanibel Captiva Trust Company, Inc.",1651023,2024-02
"Santori & Peters, Inc.",1730959,2024-02
"Sapience Investments, LLC",1682598,2024-02
Sara-Bay Financial,1816444,2024-01
Sarasin & Partners LLP,1510481,2024-01
Saratoga Research & Investment Management,1477872,2024-02
"Sargent Investment Group, LLC",1766157,2024-02
Sarissa Capital Management LP,1577524,2024-02
Sassicaia Capital Advisers LLC,1692751,2024-02
Sather Financial Group Inc,1568540,2024-01
Saturn V Capital Management LP,1964437,2024-02
Saturna Capital CORP,1316617,2024-02
Saudi Central Bank,1918181,2024-02
"Savant Capital, LLC",1482880,2024-02
Savior LLC,1790723,2024-02
Savoie Capital LLC,2001471,2024-02
"Savoir Faire Capital Management, L.P.",1710593,2024-02
"Savvy Advisors, Inc.",2003633,2024-02
"Sawyer & Company, Inc",1722436,2024-01
"Saxony Capital Management, LLC",1561330,2024-01
"Scarborough Advisors, LLC",1815355,2024-02
"Scepter Holdings, Inc.",1167376,2024-02
Schaeffer Financial LLC,1898838,2024-02
"Schear Investment Advisers, LLC",1962838,2024-01
"Schechter Investment Advisors, LLC",1951586,2024-01
"Scheer, Rowlett & Associates Investment Management Ltd.",1426327,2024-02
Schiavi & Co LLC,1840014,2024-02
"Schneider Downs Wealth Management Advisors, LP",1665359,2024-02
Schonfeld Strategic Advisors LLC,1665241,2024-02
Schoolcraft Capital LLC,1994333,2024-01
Schreiber John,1504918,2024-02
Schreiber Kathleen,2011329,2024-02
Schrum Private Wealth Management LLC,1914987,2024-01
Schubert & Co,1894830,2024-02
"Schulz Wealth, LTD.",2011780,2024-02
"Schusterman Interests, LLC",1857024,2024-02
Schwab Charitable Fund,1535839,2024-01
Schwallier Wealth Management LLC,1934951,2024-02
Sciencast Management LP,1653169,2024-02
Scientech Research LLC,2011556,2024-02
"Scion Asset Management, LLC",1649339,2024-02
"Scissortail Wealth Management, LLC",1906793,2024-01
"Scott & Selber, Inc.",1315269,2024-02
"Scott Capital Advisors, LLC",1905673,2024-01
"Sculati Wealth Management, LLC",1803397,2024-02
Sculptor Capital LP,1054587,2024-02
"Sea Cliff Partners Management, LP",2011655,2024-02
Sea Otter Advisors LLC,1944662,2024-02
SeaBridge Investment Advisors LLC,1304229,2024-01
"SeaCrest Wealth Management, LLC",1728121,2024-01
SeaTown Holdings Pte. Ltd.,1512367,2024-02
"Seafarer Capital Partners, LLC",1697721,2024-02
"Seaport Global Advisors, LLC",1911018,2024-02
"Searchlight Capital Partners, L.P.",1697030,2024-02
Seascape Capital Management,1418342,2024-01
"Seaside Wealth Management, Inc.",1929977,2024-01
"Sebold Capital Management, Inc.",1972836,2024-01
"Second Half Financial Partners, LLC",1946654,2024-02
"Second Line Capital, LLC",1992879,2024-02
"Secure Asset Management, LLC",1800692,2024-01
"Security Financial Services, INC.",1913590,2024-01
Security National Bank,1719739,2024-02
"Seed Wealth Management, Inc.",1963728,2024-01
Seelaus Asset Management LLC,1705655,2024-01
Segantii Capital Management Ltd,1544676,2024-02
"Segment Wealth Management, LLC",1575581,2024-01
Select Asset Management & Trust,1600636,2024-02
"Select Equity Group, L.P.",1592643,2024-02
"Selective Wealth Management, Inc.",1755670,2024-01
Selkirk Management LLC,1565432,2024-02
Selway Asset Management,1080523,2024-02
"Semanteon Capital Management, LP",1738809,2024-02
Semmax Financial Advisors Inc.,1767301,2024-02
Semus Wealth Partners LLC,1964775,2024-01
Senator Investment Group LP,1443689,2024-02
"Sender Co & Partners, Inc.",1659380,2024-02
"Sendero Wealth Management, LLC",1639375,2024-01
Seneca House Advisors,1731359,2024-01
"Sensible Financial Planning & Management, LLC.",1567738,2024-02
Sentry LLC,2004474,2024-02
"Senvest Management, LLC",1328785,2024-02
"Sepio Capital, LP",1751412,2024-02
"Sequent Asset Management, LLC",1509550,2024-02
"Sequoia Financial Advisors, LLC",1599900,2024-01
Serent Capital Management Co LLC,1889663,2024-02
"Sessa Capital IM, L.P.",1595849,2024-02
Settian Capital LP,1911113,2024-02
Seven Post Investment Office LP,1554308,2024-02
"Seven Springs Wealth Group, LLC",1803898,2024-02
"SevenBridge Financial Group, LLC",1673954,2024-01
SevenOneSeven Capital Management,1821035,2024-02
"Shaker Financial Services, LLC",1511794,2024-02
"ShankerValleau Wealth Advisors, Inc.",1903273,2024-01
Shannon River Fund Management LLC,1301050,2024-02
Shaolin Capital Management LLC,1766806,2024-02
Share Andrew L.,1693672,2024-02
Shared Vision Wealth Group LLC,2008178,2024-02
"Sharkey, Howes & Javer",1642246,2024-01
Sharp Capital Gestora de Recursos Ltda.,1818890,2024-02
Sharper & Granite LLC,1959415,2024-01
ShawSpring Partners LLC,1766908,2024-02
Shay Capital LLC,1723643,2024-02
"Sheaff Brock Investment Advisors, LLC",1666789,2024-02
Shearwater Capital LLC,1905665,2024-01
"Shellback Capital, LP",1591744,2024-02
Shelter Ins Retirement Plan,1455290,2024-01
Shelter Mutual Insurance Co,1455288,2024-01
Shepherd Financial Partners LLC,1696628,2024-02
Sherborne Investors Management LP,1406672,2024-02
"Sherrill & Hutchins Financial Advisory, Inc",2005607,2024-01
"Shilanski & Associates, Inc.",1722084,2024-01
Shira Ridge Wealth Management,1961210,2024-01
"Shoker Investment Counsel, Inc.",1599623,2024-02
"Shore Point Advisors, LLC",1907092,2024-02
"ShoreHaven Wealth Partners, LLC",1844922,2024-02
Shorepath Capital Management LLC,2012685,2024-03
Shorepoint Capital Partners LLC,1759476,2024-02
Shotwell Rutter Baer Inc,2008310,2024-01
Shulman DeMeo Asset Management LLC,1767070,2024-01
Sicart Associates LLC,1696494,2024-01
Siemens Fonds Invest GmbH,1856637,2024-02
"Siena Capital Partners GP, LLC",1694886,2024-02
Sierra Capital LLC,1787274,2024-01
"SigFig Wealth Management, LLC",1696957,2024-02
"Sightline Wealth Advisors, LLC",1841979,2024-01
Sigma Planning Corp,1449126,2024-02
"Signal Advisors Wealth, LLC",2010926,2024-02
"SignalPoint Asset Management, LLC",1566414,2024-01
"Signature Resources Capital Management, LLC",1940917,2024-02
Signature Wealth Management Group,1736666,2024-01
"Signature Wealth Management Partners, LLC",1824694,2024-01
"Signet Investment Advisory Group, Inc.",1766328,2024-01
Significant Wealth Partners LLC,1964680,2024-02
Signify Wealth,1769062,2024-01
"Siguler Guff Advisers, LLC",1328551,2024-01
Silchester International Investors LLP,1506409,2024-01
Silicon Valley Capital Partners,1673633,2024-02
Silicon Valley Community Foundation,1598350,2024-02
Silvant Capital Management LLC,1738728,2024-01
Silver Coast Investments LLC,2012033,2024-02
Silver Heights Capital Management Inc,1705712,2024-02
"Silver Lake Advisory, LLC",1596055,2024-02
"Silver Lake Group, L.L.C.",1418226,2024-02
"Silver Oak Advisory Group, Inc.",1906937,2024-02
Silver Point Capital L.P.,1332784,2024-02
Silver Rock Financial LP,1674784,2024-02
SilverOak Wealth Management LLC,1764766,2024-02
Silverberg Bernstein Capital Management LLC,2007880,2024-01
"Silverleafe Capital Partners, LLC",1535611,2024-01
"Simcoe Capital Management, LLC",1633362,2024-02
Simmons Bank,1674486,2024-02
"SimpliFi, Inc.",1716983,2024-01
"Simplicity Solutions, LLC",1486066,2024-01
"Simplicity Wealth,LLC",1913243,2024-01
Simplify Asset Management Inc.,1846368,2024-02
"Single Point Partners, LLC",1801184,2024-01
"Sio Capital Management, LLC",1482416,2024-02
Sippican Capital Advisors,1557406,2024-01
Sitrin Capital Management LLC,1664771,2024-01
"Sivia Capital Partners, LLC",2012032,2024-02
Sivik Global Healthcare LLC,1596452,2024-02
"Sixth Street Partners Management Company, L.P.",1812095,2024-02
Skaana Management L.P.,1860998,2024-02
Skandinaviska Enskilda Banken AB (publ),1534653,2024-02
"Skopos Labs, Inc.",1795705,2024-02
Skorpios Trust,1869333,2024-02
Sky Investment Group LLC,1333792,2024-01
"SkyKnight Capital, L.P.",1842707,2024-02
"SkyOak Wealth, LLC",1800379,2024-01
"SkyView Investment Advisors, LLC",1848237,2024-02
Skye Global Management LP,1675884,2024-02
"Skylands Capital, LLC",1299910,2024-02
"Skyline Advisors, Inc.",1843832,2024-03
"Slagle Financial, LLC",1984918,2024-03
Slate Path Capital LP,1559706,2024-02
"SlateStone Wealth, LLC",1764049,2024-02
"Slocum, Gordon & Co LLP",1993325,2024-02
"Slotnik Capital, LLC",1963764,2024-02
"Slow Capital, Inc.",1716984,2024-01
"Sloy Dahl & Holst, LLC",1690295,2024-01
"Smallwood Wealth Investment Management, LLC",1921304,2024-01
Smart Money Group LLC,1728866,2024-02
"Smart Portfolios, LLC",1513227,2024-02
Smartleaf Asset Management LLC,2010393,2024-02
"Smead Capital Management, Inc.",1427008,2024-01
"Smith & Howard Wealth Management, LLC",1543991,2024-02
"Smith Anglin Financial, LLC",1553540,2024-01
"Smith Group Asset Management, LLC",1893134,2024-02
"Smith, Graham & Co., Investment Advisors, LP",1470414,2024-01
"Smith, Salley & Associates",1482012,2024-01
Smithfield Trust Co,1019754,2024-02
Snider Financial Group,1820681,2024-01
Snow Lake Management LP,1974834,2024-02
"Snow Phipps Group, LLC",1698661,2024-01
Snowden Capital Advisors LLC,1903055,2024-01
Snowhook Capital Management LP,1849613,2024-01
Soapstone Management L.P.,1726948,2024-02
"Socha Financial Group, LLC",1967966,2024-02
Social Capital Group LLC,1964312,2024-02
Socorro Asset Management LP,1781882,2024-02
Soditic Asset Management LLP,1852688,2024-02
"Sofinnova Investments, Inc.",1631134,2024-02
"SoftVest Advisors, LLC",1803391,2024-02
"Solano Wealth Management, Inc.",1978905,2024-02
"Solas Capital Management, LLC",1604867,2024-02
Solel Partners LP,1790604,2024-02
"Soleus Capital Management, L.P.",1802630,2024-02
"Solidarity Wealth, LLC",1906613,2024-02
Solitude Financial Services,1839890,2024-02
Sollinda Capital Management LLC,2012034,2024-02
"Solstein Capital, LLC",1730769,2024-01
Soltis Investment Advisors LLC,1802530,2024-01
Solus Alternative Asset Management LP,1407737,2024-02
"Solutions 4 Wealth, Ltd",2006405,2024-02
Somerset Capital Management LLP,1616009,2024-01
Somerset Group LLC,1567912,2024-02
Somerset Trust Co,1597099,2024-01
"Sompo Asset Management Co., Ltd.",1533504,2024-02
Sonen Capital LLC,1557787,2024-02
Sonic GP LLC,1964290,2024-02
Sonnipe Ltd,1946733,2024-02
Sonoma Private Wealth LLC,1965757,2024-02
"Sonora Investment Management Group, LLC",1907552,2024-02
Soroban Capital Partners LP,1517857,2024-02
Souders Financial Advisors,1811240,2024-01
"Sound Financial Strategies Group, LLC",1800620,2024-02
"Sound Income Strategies, LLC",1730960,2024-01
"Sound Stewardship, LLC",1998101,2024-01
"Sound View Wealth Advisors Group, LLC",1784777,2024-02
Soundwatch Capital LLC,1803253,2024-02
Source Financial Advisors LLC,1830954,2024-01
Sourcerock Group LLC,1822531,2024-02
South Dakota Investment Council,1538846,2024-02
South Street Advisors LLC,1399706,2024-02
SouthState Corp,764038,2024-02
Southeast Asset Advisors Inc.,1390003,2024-02
Southern Farm Bureau Life Insurance,1831944,2024-01
Southland Equity Partners LLC,2006517,2024-01
Southpoint Capital Advisors LP,1319998,2024-02
"Sovereign Financial Group, Inc.",1846175,2024-02
"Sovereign Investment Advisors, LLC",1908165,2024-02
"Soviero Asset Management, LP",1755622,2024-02
"Sowa Financial Group, Inc.",1806226,2024-01
Sowell Financial Services LLC,1633697,2024-01
"Sozo Ventures GP II, L.P.",1912294,2024-02
Spark Investment Management LLC,1554871,2024-02
Sparta 24 Ltd.,1967706,2024-02
Spartan Fund Management Inc.,1930346,2024-02
Spartan Planning & Wealth Management,1749283,2024-03
Spears Abacus Advisors LLC,1426319,2024-02
"Spectrum Asset Management, Inc.",1318293,2024-02
"Spectrum Asset Management, Inc. (NB/CA)",1632078,2024-01
Spectrum Financial Alliance Ltd LLC,1566531,2024-01
"Spectrum Investment Advisors, Inc.",1856042,2024-02
Spectrum Planning & Advisory Services Inc.,1725394,2024-01
"Spectrum Strategic Capital Management, LLC",1554961,2024-02
"Spectrum Wealth Advisory Group, LLC",1776821,2024-01
"Spectrum Wealth Counsel, LLC",2011274,2024-02
Spence Asset Management,1729269,2024-01
"Spider Management Company, LLC",1791621,2024-02
"SpiderRock Advisors, LLC",1703301,2024-01
Spinecap SAS,2011727,2024-02
Spinnaker Capital LLC,1719281,2024-02
"Spinnaker Investment Group, LLC",1911067,2024-01
Spire Wealth Management,1858740,2024-02
"Spotlight Asset Group, Inc.",1809159,2024-02
"Spouting Rock Asset Management, LLC",1771174,2024-02
Sprinkle Financial Consultants LLC,2011593,2024-02
Spyglass Capital Management LLC,1654344,2024-02
Squarepoint Ops LLC,1642575,2024-02
"St. James Investment Company, LLC",1504492,2024-01
"St. Johns Investment Management Company, LLC",1605522,2024-02
"St. Louis Financial Planners Asset Management, LLC",1966171,2024-01
St. Louis Trust Co,1661144,2024-02
"Stablepoint Partners, LLC",2011237,2024-02
"Stack Financial Management, Inc",1308685,2024-02
"Stadion Money Management, LLC",1321220,2024-02
Stagwell Group LLC,1771444,2024-02
"Stairway Partners, LLC",1454138,2024-01
"Stamos Capital Partners, L.P.",1705399,2024-02
Standard Family Office LLC,1809494,2024-02
Standard General L.P.,1409888,2024-02
Standard Investments LLC,1539436,2024-02
"Standpoint Asset Management, LLC",1780423,2024-02
"Stanley Capital Management, LLC",1518934,2024-02
"Stanley-Laman Group, Ltd.",1601489,2024-02
Starboard Value LP,1517137,2024-02
"Starfox Financial Services, LLC",1908885,2024-02
"Starwood Capital Group Management, L.L.C.",1388788,2024-02
"Stash Investments, LLC",2008308,2024-02
State Insurance Fund,1970005,2024-02
"State of Alaska, Department of Revenue",1370102,2024-01
State of New Jersey Common Pension Fund D,1483066,2024-02
State of New Jersey Common Pension Fund E,1483260,2024-02
"State of Tennessee, Treasury Department",1587973,2024-02
State of Wisconsin - Board of Commissioners of Public Lands,1967732,2024-01
State of Wyoming,1821626,2024-02
Steadview Capital Management LLC,1844008,2024-02
"Steamboat Capital Partners, LLC",1635663,2024-02
"SteelPeak Wealth, LLC",1801868,2024-01
"Steele Capital Management, Inc.",1646695,2024-02
"Stegent Equity Advisors, Inc.",1908976,2024-02
Stegner Investment Associates Inc.,1907433,2024-02
"Steigerwald, Gordon & Koch Inc.",1731876,2024-01
Stelac Advisory Services LLC,1519676,2024-02
StemPoint Capital LP,1952142,2024-02
StepStone Group LP,1502287,2024-02
"Stephens Consulting, LLC",1961632,2024-02
"Stephens Group, LLC",1427999,2024-01
Stephens Investment Management Group LLC,1314440,2024-02
"Stephenson & Company, Inc.",2001544,2024-01
"Sterling Financial Group, Inc.",1991301,2024-01
"Sterling Financial Planning, Inc.",1844278,2024-01
"Sterling Group Wealth Management, LLC",1852307,2024-01
"Sterling Investment Advisors, Ltd.",1701132,2024-02
"Sterling Investment Counsel, LLC",1925853,2024-01
"Sterling Manor Financial, LLC",1842015,2024-01
"Sterling Wealth Management, Inc.",2011149,2024-02
"Sterneck Capital Management, LLC",1438574,2024-01
"Stevard, LLC",1812093,2024-02
"Steward Partners Investment Advisory, LLC",1723397,2024-02
"Stewardship Advisors, LLC",1733219,2024-01
"Stieven Capital Advisors, L.P.",1388279,2024-02
Stiles Financial Services Inc,1904832,2024-01
"Stillwater Capital Advisors, LLC",1482970,2024-01
Stilwell Value LLC,1397076,2024-02
Stockbridge Partners LLC,1505183,2024-02
"Stockman Wealth Management, Inc.",1389400,2024-02
"Stokes Capital Advisors, LLC",1734460,2024-01
"Stokes Family Office, LLC",1802278,2024-02
Stolper Co,1808195,2024-01
"Stone House Capital Management, LLC",1589943,2024-02
"Stone House Investment Management, LLC",1696497,2024-01
Stone Point Wealth LLC,1908192,2024-01
"StoneCrest Wealth Management, Inc.",2008409,2024-01
StoneX Group Inc.,913760,2024-02
Stonebridge Capital Advisors LLC,1600035,2024-02
"Stonebridge Financial Planning Group, LLC",1802494,2024-02
Stonebrook Private Inc.,2008738,2024-02
"Stonegate Investment Group, LLC",1904154,2024-01
Stonegate Management LLC,1877054,2024-02
Stonehage Fleming Financial Services Holdings Ltd,1786379,2024-02
"Stonehearth Capital Management, LLC",1550191,2024-01
"Stonepine Capital Management, LLC",1440771,2024-02
Stony Point Capital LLC,1776023,2024-02
"Stordahl Capital Management, Inc.",1729093,2024-01
Straight Path Wealth Management,1902506,2024-01
Strait & Sound Wealth Management LLC,1966210,2024-02
"Strata Wealth Advisors, LLC",1946237,2024-02
"StrategIQ Financial Group, LLC",1665199,2024-01
Strategic Advisors LLC,1569119,2024-01
Strategic Advocates LLC,1991340,2024-02
"Strategic Blueprint, LLC",1767821,2024-01
Strategic Equity Management,1843578,2024-02
"Strategic Family Wealth Counselors, L.L.C.",1729755,2024-01
"Strategic Financial Concepts, LLC",1870686,2024-01
"Strategic Financial Planning, Inc.",1802277,2024-02
"Strategic Financial Services, Inc,",1432539,2024-02
"Strategic Global Advisors, LLC",1580212,2024-02
Strategic Investment Advisors / MI,1760540,2024-01
"Strategic Investment Solutions, Inc. /IL",1960144,2024-02
"Strategic Point Investment Advisors, LLC",1295044,2024-02
"Strategic Value Partners, LLC",1301912,2024-02
Strategic Vision Investment Ltd,1720887,2024-01
"Strategic Wealth Investment Group, LLC",1802365,2024-01
"Strategic Wealth Partners Group, LLC",1682677,2024-02
"Strategies Wealth Advisors, LLC",1976435,2024-01
Strategy Capital LLC,1592413,2024-02
"Stratos Investment Management, LLC",1707206,2024-01
"Stratos Wealth Advisors, LLC",1707202,2024-01
"Stratos Wealth Partners, LTD.",1612865,2024-01
"Strengthening Families & Communities, LLC",1921196,2024-02
"Strid Group, LLC",1625800,2024-01
Strong Tower Advisory Services,1889322,2024-01
"StrongBox Wealth, LLC",1812155,2024-01
"Stuart Chaussee & Associates, Inc.",1653253,2024-02
"Styrax Capital, LP",1904897,2024-02
Successful Portfolios LLC,1721780,2024-01
"Sugarloaf Wealth Management, LLC",1664864,2024-01
"Sumitomo Mitsui DS Asset Management Company, Ltd",1411530,2024-02
"Sumitomo Mitsui Trust Holdings, Inc.",1475365,2024-01
Summa Corp.,1954929,2024-02
"SummerHaven Investment Management, LLC",1846436,2024-02
"Summit Asset Management, LLC",1509974,2024-02
Summit Creek Advisors LLC,1333709,2024-02
"Summit Financial Strategies, Inc.",1625246,2024-02
"Summit Financial Wealth Advisors, LLC",1632283,2024-01
"Summit Financial, LLC",1765536,2024-02
Summit Global Investments,1697953,2024-02
"Summit Investment Advisory Services, LLC",1914395,2024-01
"Summit Place Financial Advisors, LLC",1801413,2024-02
"Summit Rock Advisors, LP",1540951,2024-01
"Summit Street Capital Management, LLC",1595533,2024-02
"Summit Trail Advisors, LLC",1698478,2024-02
"Summit Wealth Group, LLC",1802865,2024-01
"Summit X, LLC",1697729,2024-02
"Sunbelt Securities, Inc.",1632932,2024-02
"Sunburst Financial Group, LLC",1800158,2024-01
Suncoast Equity Management,1315059,2024-01
"Sunesis Advisors, LLC",1748269,2024-01
"Sunflower Bank, N.A.",1818759,2024-01
"Sunpointe, LLC",2012181,2024-02
Sunriver Management LLC,1663900,2024-02
Supplemental Annuity Collective Trust of NJ,1483065,2024-02
SurgoCap Partners LP,1960830,2024-02
"Susquehanna Capital Management, LLC",1879628,2024-02
Susquehanna Foundation,1728195,2024-02
Susquehanna International Group Ltd.,1765924,2024-02
"Susquehanna International Securities, Ltd.",1765923,2024-02
"Susquehanna Portfolio Strategies, LLC",1996449,2024-02
"Sustainable Growth Advisers, LP",1290668,2024-02
"Sustainable Insight Capital Management, LLC",1580677,2024-02
"Swan Global Investments, LLC",1591505,2024-02
"Sweet Financial Partners, LLC",1908936,2024-01
"Swisher Financial Concepts, Inc.",1947503,2024-02
Swiss National Bank,1582202,2024-02
Sycale Advisors (NY) LLC,1811522,2024-02
Symetra Investment Management Co,1811513,2024-02
Symmetry Investments LP,1691919,2024-02
"Symmetry Partners, LLC",1697493,2024-01
"Symphony Financial, Ltd. Co.",1800687,2024-01
Syncona Portfolio Ltd,1725042,2024-02
"Synergy Asset Management, LLC",1699080,2024-01
"Synergy Financial Group, LTD",1905669,2024-02
"Syntal Capital Partners, LLC",1608179,2024-02
"Syntegra Private Wealth Group, LLC",1964298,2024-01
"Systelligence, LLC",1882691,2024-01
"Systematic Alpha Investments, LLC",1806755,2024-02
Systematic Portfolios LLC,1963900,2024-02
Systrade AG,1818160,2024-01
Syverson Strege & Co,1682057,2024-02
"T. Rowe Price Investment Management, Inc.",1897612,2024-02
"TA ASSOCIATES, L.P.",1034569,2024-02
"TAGStone Capital, Inc.",1903044,2024-02
TAIYO LIFE INSURANCE CO,1254890,2024-01
TAM Capital Management Inc.,1594591,2024-02
TANAKA CAPITAL MANAGEMENT INC,816788,2024-02
TANDEM CAPITAL MANAGEMENT CORP /ADV,873759,2024-02
TANG CAPITAL MANAGEMENT LLC,1232621,2024-02
"TAP Consulting, LLC",1748930,2024-02
"TAURUS ASSET MANAGEMENT, LLC",1317209,2024-02
TB Alternative Assets Ltd.,1483503,2024-01
"TBH Global Asset Management, LLC",1787125,2024-02
"TCG Advisory Services, LLC",1841815,2024-02
"TCG Capital Management, LP",1930483,2024-01
"TCG Crossover Management, LLC",1839948,2024-02
TCI Fund Management Ltd,1647251,2024-02
"TCI Wealth Advisors, Inc.",1583751,2024-02
"TCM Advisors, LLC",1911491,2024-02
"TCP Asset Management, LLC",1961898,2024-01
"TCTC Holdings, LLC",1483870,2024-02
TCW GROUP INC,850401,2024-02
TCWP LLC,1907375,2024-02
TD ASSET MANAGEMENT INC,1056053,2024-02
TD Capital Management LLC,1483824,2024-02
TD Waterhouse Canada Inc.,1999606,2024-02
TEACHER RETIREMENT SYSTEM OF TEXAS,796848,2024-02
TEACHERS RETIREMENT SYSTEM OF THE STATE OF KENTUCKY,714142,2024-02
TEALWOOD ASSET MANAGEMENT INC,1164062,2024-01
TECTONIC ADVISORS LLC,1859918,2024-01
"TEGEAN CAPITAL MANAGEMENT, LLC",1536063,2024-02
"TELEMUS CAPITAL, LLC",1590491,2024-02
"TENOR CAPITAL MANAGEMENT Co., L.P.",1346554,2024-02
"TERRIL BROTHERS, INC.",314169,2024-02
TEXAS CAPITAL BANCSHARES INC/TX,1077428,2024-02
TEXAS PERMANENT SCHOOL FUND CORP,1223779,2024-02
TEXAS TREASURY SAFEKEEPING TRUST CO,1176347,2024-02
TFB Advisors LLC,1965201,2024-01
"TFC Financial Management, Inc.",1827844,2024-01
TFG Advisers LLC,1806473,2024-02
TFG Asset Management GP Ltd,1515070,2024-02
"TFO Wealth Partners, LLC",1698750,2024-02
THAMES CAPITAL MANAGEMENT LLC,1714267,2024-02
THEORY FINANCIAL LLC,1899158,2024-02
THIRD AVENUE MANAGEMENT LLC,1099281,2024-02
"THOMA BRAVO, L.P.",1450701,2024-02
THOMAS H LEE PARTNERS LP,1260945,2024-02
THOMAS STORY & SON LLC,1505207,2024-03
"THOMIST CAPITAL MANAGEMENT, LP",1767809,2024-02
"THOMPSON DAVIS & CO., INC.",1017284,2024-02
"THOMPSON INVESTMENT MANAGEMENT, INC.",1277279,2024-01
THOMPSON SIEGEL & WALMSLEY LLC,1008322,2024-02
THORNBURG INVESTMENT MANAGEMENT INC,1145020,2024-02
"THOROUGHBRED FINANCIAL SERVICES, LLC",1091370,2024-02
"THREADGILL FINANCIAL, LLC",1814104,2024-01
THRIVENT FINANCIAL FOR LUTHERANS,314984,2024-02
THUNDERBIRD PARTNERS LLP,1636974,2024-02
"TI-TRUST, INC",1802284,2024-02
"TIAA TRUST, NATIONAL ASSOCIATION",1997405,2024-01
"TIEMANN INVESTMENT ADVISORS, LLC",1575151,2024-02
"TIFF ADVISORY SERVICES, LLC",1271347,2024-02
"TIG Advisors, LLC",1358253,2024-02
TIGER GLOBAL MANAGEMENT LLC,1167483,2024-02
TIGER MANAGEMENT L.L.C.,1027451,2024-02
"TILIA FIDUCIARY PARTNERS, INC.",1910210,2024-01
TIMUCUAN ASSET MANAGEMENT INC/FL,1034541,2024-02
TITAN GLOBAL CAPITAL MANAGEMENT USA LLC,1845930,2024-02
"TITLEIST ASSET MANAGEMENT, LLC",1977759,2024-02
"TKG Advisors, LLC",1843275,2024-02
TL Private Wealth,1802868,2024-01
TLS Advisors LLC,1768824,2024-02
"TLW Wealth Management, LLC",1767217,2024-01
TLWM,1732537,2024-01
"TMD Wealth Management, LLC",1842820,2024-02
TNF LLC,1849683,2024-01
TOBAM,1527488,2024-01
"TOBIAS FINANCIAL ADVISORS, INC.",1802080,2024-02
TOCQUEVILLE ASSET MANAGEMENT L.P.,883961,2024-02
TODD ASSET MANAGEMENT LLC,1071483,2024-02
TOEWS CORP /ADV,932000,2024-01
TOKIO MARINE ASSET MANAGEMENT CO LTD,1504169,2024-02
TOMPKINS FINANCIAL CORP,1005817,2024-01
TOMS Capital Investment Management LP,1743937,2024-02
"TORNO CAPITAL, LLC",1974312,2024-02
TORONTO DOMINION BANK,947263,2024-02
TORQ CAPITAL MANAGEMENT (HK) Ltd,1699092,2024-01
TORRAY INVESTMENT PARTNERS LLC,98758,2024-02
"TORTOISE CAPITAL ADVISORS, L.L.C.",1280965,2024-02
TOTAL INVESTMENT MANAGEMENT INC,1068804,2024-02
TOTH FINANCIAL ADVISORY CORP,866780,2024-01
TOWER BRIDGE ADVISORS,1278249,2024-02
TOWERVIEW LLC,1166573,2024-02
TOWLE & CO,1224014,2024-02
TOWNSEND ASSET MANAGEMENT CORP /NC/ /ADV,709089,2024-02
TOWNSQUARE CAPITAL LLC,1761755,2024-02
"TPG Financial Advisors, LLC",1706669,2024-01
"TPG GP A, LLC",1903793,2024-02
"TRAN CAPITAL MANAGEMENT, L.P.",1009262,2024-01
TRANSATLANTIQUE PRIVATE WEALTH LLC,1935000,2024-02
"TRANSCEND CAPITAL ADVISORS, LLC",1776082,2024-02
"TRAVELERS COMPANIES, INC.",86312,2024-02
TRB Advisors LP,1513300,2024-02
TREMBLANT CAPITAL GROUP,1353312,2024-02
"TRIAN FUND MANAGEMENT, L.P.",1345471,2024-02
"TRILLIUM ASSET MANAGEMENT, LLC",884541,2024-02
"TRITONPOINT WEALTH, LLC",2008171,2024-01
TRUE Private Wealth Advisors,1667074,2024-01
"TRUEFG, LLC",1766067,2024-02
TRUIST FINANCIAL CORP,92230,2024-02
TRUST CO OF OKLAHOMA,1083323,2024-01
TRUST CO OF TOLEDO NA /OH/,1008937,2024-01
TRUST CO OF VERMONT,1134008,2024-03
TRUST CO OF VIRGINIA /VA,1135439,2024-01
TRUSTCO BANK CORP N Y,357301,2024-02
TRUSTEES OF THE UNIVERSITY OF PENNSYLVANIA,351083,2024-02
TRUSTMARK NATIONAL BANK TRUST DEPARTMENT,861176,2024-02
"TRV GP III, LLC",1637299,2024-02
"TRV GP IV, LLC",1688325,2024-02
TSA Wealth Managment LLC,1963669,2024-02
"TSFG, LLC",1800513,2024-01
TSG Consumer Partners LP,1910156,2024-02
"TSP Capital Management Group, LLC",1317208,2024-01
TT International Asset Management LTD,1809187,2024-02
"TTP Investments, Inc.",1682576,2024-01
TUCKER ASSET MANAGEMENT LLC,1870012,2024-03
TUDOR INVESTMENT CORP ET AL,923093,2024-02
TWIN CAPITAL MANAGEMENT INC,1059187,2024-01
"TWIN FOCUS CAPITAL PARTNERS, LLC",1387761,2024-02
"TWIN PEAKS WEALTH ADVISORS, LLC",2006218,2024-01
TWINBEECH CAPITAL LP,1769646,2024-02
"TWO SIGMA ADVISERS, LP",1478735,2024-02
"TWO SIGMA INVESTMENTS, LP",1179392,2024-02
"TWO SIGMA SECURITIES, LLC",1450144,2024-02
TYBOURNE CAPITAL MANAGEMENT (HK) LTD,1553936,2024-02
TYNDALL CAPITAL PARTNERS L P,1219314,2024-02
"Tabor Asset Management, LP",1834780,2024-02
Tacita Capital Inc,1846287,2024-02
Taconic Capital Advisors LP,1390113,2024-02
"Tactive Advisors, LLC",2002409,2024-02
"Taika Capital, LP",1886506,2024-02
Taikang Asset Management (Hong Kong) Co Ltd,1755911,2024-02
Tairen Capital Ltd,1652062,2024-02
"Talbot Financial, LLC",1966180,2024-01
Talisman Wealth Advisors LLC,1962685,2024-02
"Tamar Securities, LLC",1703081,2024-01
"Tamarack Advisers, LP",1661462,2024-02
Tanager Wealth Management LLP,1892929,2024-01
"Tandem Investment Advisors, Inc.",1694284,2024-01
Tandem Wealth Advisors LLC,1842557,2024-01
"Tanglewood Legacy Advisors, LLC",1965616,2024-01
"Tanglewood Wealth Management, Inc.",1454308,2024-02
Tao Capital Management LP,1802967,2024-02
"Tarbox Family Office, Inc.",1599603,2024-02
"Tarsadia Capital, LLC",1777371,2024-02
"Taylor & Morgan Wealth Management, LLC",1844266,2024-01
"Taylor Financial Group, Inc.",2012516,2024-02
Taylor Frigon Capital Management LLC,1632665,2024-01
Taylor Hoffman Wealth Management,1727762,2024-02
Te Ahumairangi Investment Management Ltd,1832237,2024-02
"Team Financial Group, LLC",1845163,2024-02
"Team Hewins, LLC",1964760,2024-02
"Teamwork Financial Advisors, LLC",1629931,2024-01
"Teca Partners, LP",1910154,2024-02
"Technology Crossover Management IX, Ltd.",1698264,2024-02
"Technology Crossover Management VIII, Ltd.",1626282,2024-02
"Technology Crossover Management X, Ltd.",1787727,2024-02
"Technology Crossover Management XI, Ltd.",1977402,2024-02
"Teewinot Capital Advisers, L.L.C.",1574886,2024-02
Teilinger Capital Ltd.,1531879,2024-02
Tejara Capital Ltd,1879713,2024-02
"Tekne Capital Management, LLC",1558971,2024-02
"Telemark Asset Management, LLC",1420816,2024-02
"Telos Capital Management, Inc.",1567889,2024-01
Temasek Holdings (Private) Ltd,1021944,2024-02
"Templeton & Phillips Capital Management, LLC",1961304,2024-02
"Tempus Wealth Planning, LLC",1806428,2024-01
"TenCore Partners, LP",1755784,2024-02
Tenere Capital LLC,1849517,2024-02
Tennessee Valley Asset Management Partners,1826790,2024-01
Tenret Co LLC,1874146,2024-01
Tensile Capital Management LP,1598843,2024-02
"Tenzing Global Management, LLC",1624095,2024-02
"Teramo Advisors, LLC",1904821,2024-02
Terra Nova Asset Management LLC,1658652,2024-01
"Teton Advisors, Inc.",1444874,2024-02
Tevis Investment Management,1940416,2024-01
Texas Capital Bank Wealth Management Services Inc,1802655,2024-02
Texas County & District Retirement System,1698632,2024-01
Texas Yale Capital Corp.,1332342,2024-02
Teza Capital Management LLC,1655789,2024-02
Theleme Partners LLP,1511881,2024-02
Thematics Asset Management,1956031,2024-02
Think Investments LP,1635999,2024-02
Third Point LLC,1040273,2024-02
"Thomas J. Herzfeld Advisors, Inc.",1509510,2024-02
Thomasville National Bank,1561790,2024-01
ThornTree Capital Partners LP,1688511,2024-02
"Three Bridge Wealth Advisors, LLC",1950962,2024-02
"Thrive Capital Management, LLC",1765681,2024-02
"Thrive Capital Management, LLC",1845943,2024-01
"Thrive Wealth Management, LLC",1847610,2024-01
Tidal Investments LLC,1600064,2024-02
"Tidemark, LLC",2009591,2024-02
"Tieton Capital Management, LLC",1381954,2024-02
Tiger Pacific Capital LP,1664492,2024-02
Tikehau Investment Management,1740840,2024-01
Tikvah Management LLC,1606477,2024-02
"Tillar-Wenstrup Advisors, LLC",1585045,2024-02
"Tiller Private Wealth, Inc.",1663649,2024-01
Tillman Hartley LLC,1966355,2024-02
"Tilson Financial Group, Inc.",1964820,2024-01
"Tilt Investment Management Holdings, PBC",1971111,2024-01
Timber Creek Capital Management LLC,1510848,2024-01
Timelo Investment Management Inc.,1851296,2024-02
"TimesSquare Capital Management, LLC",1313816,2024-02
Tinicum Inc,1569740,2024-02
"Titan Capital Management, LLC /TX",1526246,2024-02
"Tolleson Wealth Management, Inc.",1772937,2024-02
"Topel & Distasi Wealth Management, LLC",1880087,2024-01
"Toronado Partners, LLC",1749611,2024-02
"Tortoise Index Solutions, LLC",1650373,2024-02
"Tortoise Investment Management, LLC",1599511,2024-02
"Total Clarity Wealth Management, Inc.",1804909,2024-01
"Total Wealth Planning, LLC",1762997,2024-02
"Totem Point Management, LLC",1759364,2024-02
"Touchstone Capital, Inc.",1843283,2024-01
Tower Research Capital LLC (TRC),1533421,2024-02
Tower View Wealth Management LLC,1729045,2024-02
"Tower Wealth Partners, Inc.",1852808,2024-01
Towercrest Capital Management,1633288,2024-02
"Towerpoint Wealth, LLC",1731445,2024-01
Town & Country Bank & Trust CO dba First Bankers Trust CO,1327944,2024-01
"Towneley Capital Management, Inc / DE",2004980,2024-01
"Townsend & Associates, Inc",1729359,2024-02
"Traction Financial Partners, LLC",2007748,2024-02
TradeLink Capital LLC,1642044,2024-02
"Trademark Financial Management, LLC",2011736,2024-02
"Tradewinds Capital Management, LLC",1616026,2024-02
"Tradewinds, LLC.",1932342,2024-02
"Tradition Wealth Management, LLC",1843010,2024-02
"Trail Ridge Investment Advisors, LLC",1911013,2024-02
"Tranquility Partners, LLC",1783773,2024-01
Tranquilli Financial Advisor LLC,1847769,2024-02
"Transamerica Financial Advisors, Inc.",1502149,2024-02
Transcendent Capital Group LLC,2013703,2024-03
"Transform Wealth, LLC",1682266,2024-01
"Traveka Wealth, LLC",2009176,2024-01
"Traverso Chambers Private Wealth Management, LLC",1767346,2024-01
"Traynor Capital Management, Inc.",1666786,2024-01
Treasure Coast Financial Planning,1911307,2024-02
Treasurer of the State of North Carolina,1761054,2024-02
Tredje AP-fonden,1650290,2024-02
Tree Line Advisors (Hong Kong) Ltd.,1535096,2024-02
"Trek Financial, LLC",1768195,2024-02
"Trellis Advisors, LLC",1722638,2024-01
Trellis Wealth Advisors LLC,1989031,2024-01
Trevian Wealth Management LLC,1901929,2024-01
Trexquant Investment LP,1633445,2024-02
"Treynor Bancshares, Inc.",1873063,2024-02
Tri Locum Partners LP,1826434,2024-02
TriaGen Wealth Management LLC,1843848,2024-01
Triad Investment Management,1615717,2024-01
Triangle Securities Wealth Management,1541353,2024-01
Triasima Portfolio Management inc.,1938757,2024-01
Triatomic Management LP,1852813,2024-02
"Tributary Capital Management, LLC",1441888,2024-01
"Trifecta Capital Advisors, LLC",1962615,2024-01
"Trigran Investments, Inc.",1336800,2024-02
Trilogy Capital Inc.,1722512,2024-01
Trinity Financial Advisors LLC,1809574,2024-02
"Trinity Legacy Partners, LLC",1652529,2024-02
Trinity Street Asset Management LLP,1592579,2024-01
"Trinity Wealth Management, LLC",1685364,2024-01
"TrinityPoint Wealth, LLC",1766510,2024-02
Triodos Investment Management BV,1748729,2024-02
Triple Frond Partners LLC,1454502,2024-02
"Triton Wealth Management, PLLC",1791126,2024-01
Trium Capital LLP,1963860,2024-02
Triumph Capital Management,1730765,2024-02
"Trivant Custom Portfolio Group, LLC",1977992,2024-01
Trivest Advisors Ltd,1555623,2024-02
Troluce Capital Advisors LLC,1910321,2024-02
Troy Asset Management Ltd,1601407,2024-02
"TruWealth Advisors, LLC",1834985,2024-01
"True Link Financial Advisors, LLC",1846236,2024-01
"True North Advisors, LLC",1634556,2024-01
True Vision MN LLC,2013460,2024-03
"True Wealth Design, LLC",1966033,2024-02
"True Wind Capital Management, L.P.",1824827,2024-02
"TrueMark Investments, LLC",1974457,2024-01
"TrueWealth Advisors, LLC",1817714,2024-02
TrueWealth Financial Partners,1908108,2024-02
"Trueblood Wealth Management, LLC",2005380,2024-01
"Truepoint, Inc.",1427748,2024-02
Trust Asset Management LLC,1608376,2024-02
Trust Co,1632554,2024-01
Trust Co of Kansas,1803988,2024-02
Trust Co of the South,2008165,2024-01
Trust Investment Advisors,1597690,2024-01
Trust Point Inc.,1635633,2024-01
Trustees of Columbia University in the City of New York,1420995,2024-02
Trustees of Dartmouth College,1599404,2024-01
Trustees of Princeton University,1728827,2024-02
Trustees of the Smith College,1904607,2024-02
Truvestments Capital LLC,1750405,2024-02
Truxt Investmentos Ltda.,1721168,2024-02
Trybe Capital Management LP,1807902,2024-02
Tsai Capital Corp,1574850,2024-02
Tufton Capital Management,1055963,2024-01
Turim 21 Investimentos Ltda.,1652174,2024-02
Turiya Advisors Asia Ltd,1554179,2024-02
Turtle Creek Asset Management Inc.,1484148,2024-02
"Turtle Creek Wealth Advisors, LLC",2007171,2024-01
"Tuttle Capital Management, LLC",1581641,2024-01
"Tweedy, Browne Co LLC",732905,2024-02
"Twele Capital Management, Inc.",1411268,2024-01
Twelve Points Wealth Management LLC,1877090,2024-01
Twenty Acre Capital LP,1928941,2024-02
"Twin Lakes Capital Management, LLC",1847794,2024-02
"Twin Securities, Inc.",1351351,2024-02
"Twin Tree Management, LP",1535588,2024-02
"Two Creeks Capital Management, LP",1606430,2024-02
"Two Point Capital Management, Inc.",1962382,2024-02
Two Seas Capital LP,1823138,2024-02
Tyche Wealth Partners LLC,2004818,2024-01
Tyler-Stone Wealth Management,1912584,2024-02
Tyro Capital Management LLC,1915395,2024-02
U S GLOBAL INVESTORS INC,754811,2024-01
"U.S. Capital Wealth Advisors, LLC",1808915,2024-02
UBS ASSET MANAGEMENT AMERICAS INC,861177,2024-02
UBS Group AG,1610520,2024-02
UBS OCONNOR LLC,1132716,2024-02
"UDINE WEALTH MANAGEMENT, INC.",1907240,2024-01
UG Investment Advisers Ltd.,1697814,2024-01
"UMB Bank, n.a.",933429,2024-01
"UNC Management Company, Inc.",1911286,2024-02
UNIO CAPITAL LLC,1730565,2024-02
UNION SAVINGS BANK,1985855,2024-02
"UNIONVIEW, LLC",1908167,2024-01
"UNIQUE WEALTH, LLC",1957124,2024-01
UNITED BANK,1286478,2024-02
"UNITED CAPITAL FINANCIAL ADVISORS, LLC",1463217,2024-02
UNITED FIRE GROUP INC,101199,2024-02
UNITED SERVICES AUTOMOBILE ASSOCIATION,1021249,2024-02
UNIVERSITY OF CHICAGO,314957,2024-03
UNIVERSITY OF NOTRE DAME DU LAC,903514,2024-02
UNIVERSITY OF TEXAS/TEXAS AM INVESTMENT MANAGMENT CO,1019231,2024-02
UNIVEST FINANCIAL Corp,102212,2024-02
UNTITLED INVESTMENTS LP,1808696,2024-02
UP STRATEGIC WEALTH INVESTMENT ADVISORS LLC,2011649,2024-02
US Asset Management LLC,1882673,2024-02
US BANCORP \DE\,36104,2024-02
"US FINANCIAL ADVISORS, LLC",1640420,2024-02
USA FINANCIAL FORMULAS,1633716,2024-02
"USAdvisors Wealth Management, LLC",1735605,2024-02
USCF Advisers LLC,1633971,2024-02
USS Investment Management Ltd,1587381,2024-02
"Ulland Investment Advisors, LLC",1911497,2024-01
"Ullmann Wealth Partners Group, LLC",1697725,2024-01
Ulysses Management LLC,1510912,2024-02
Uncommon Cents Investing LLC,1729754,2024-01
"Unconventional Investor, LLC",1910387,2024-02
UniSuper Management Pty Ltd,1989400,2024-02
Unicom Capital LLC,1541197,2024-02
Unigestion Holding SA,1745879,2024-02
Union Investments & Development Ltd.,1885902,2024-02
"Union Square Park Capital Management, LLC",1666231,2024-02
"Uniplan Investment Counsel, Inc.",1520710,2024-02
"Unique Wealth Strategies, LLC",2009809,2024-02
Unison Advisors LLC,1695818,2024-01
Unison Asset Management LLC,1840755,2024-02
Unisphere Establishment,2012090,2024-02
"United Advisor Group, LLC",2004873,2024-02
United American Securities Inc. (d/b/a UAS Asset Management),1349353,2024-02
"United Asset Strategies, Inc.",1539948,2024-01
United Bank,1697791,2024-02
"United Capital Management of KS, Inc.",1753219,2024-01
United Community Bank,2000314,2024-02
United Super Pty Ltd in its capacity as Trustee for the Cons,1730896,2024-01
University of Illinois Foundation,1994249,2024-02
"University of Maryland Foundation, Inc.",1624050,2024-01
"University of Massachusetts Foundation, Inc.",1802874,2024-01
University of Pittsburgh - Of the Commonwealth System of Hig,1896071,2024-02
University of Wisconsin Foundation,1697228,2024-02
"Upfront Ventures Management, LLC",1852894,2024-02
"Upper Left Wealth Management, LLC",1911228,2024-01
Urban Financial Advisory Corp,2005378,2024-02
"Ursa Fund Management, LLC",1693838,2024-02
Utah Retirement Systems,1548392,2024-02
V-Square Quantitative Management LLC,1943239,2024-02
"V3 Capital Management, L.P.",1524493,2024-02
VALICENTI ADVISORY SERVICES INC,1080201,2024-01
"VALINOR MANAGEMENT, L.P.",1401388,2024-02
VALLEY FORGE INVESTMENT CONSULTANTS INC ADV,920655,2024-02
VALLEY NATIONAL ADVISERS INC,773411,2024-01
"VALLEY WEALTH MANAGERS, INC.",924166,2024-02
VALUE HOLDINGS MANAGEMENT CO. LLC,1695658,2024-01
VALUEWORKS LLC,1282189,2024-02
"VAN DEN BERG MANAGEMENT I, INC",1142062,2024-02
VAN ECK ASSOCIATES CORP,869178,2024-02
VAN LANSCHOT KEMPEN INVESTMENT MANAGEMENT N.V.,1367401,2024-02
VAN STRUM & TOWNE INC.,1080173,2024-01
"VANCE WEALTH, INC.",1910854,2024-02
VANGUARD GROUP INC,102909,2024-02
VANTAGEPOINT INVESTMENT ADVISERS LLC,1087912,2024-02
"VAUGHAN & Co SECURITIES, INC.",805870,2024-01
VAUGHAN DAVID INVESTMENTS LLC/IL,1063571,2024-01
"VAUGHAN NELSON INVESTMENT MANAGEMENT, L.P.",1021642,2024-01
VCI Wealth Management LLC,2009388,2024-02
"VELA Investment Management, LLC",1895612,2024-01
VELT Partners Investimentos Ltda.,1796592,2024-02
VERITY Wealth Advisors,1763138,2024-01
"VERUS CAPITAL PARTNERS, LLC",1796874,2024-02
"VESTOR CAPITAL, LLC",1132699,2024-02
"VETAMER CAPITAL MANAGEMENT, L.P.",1880666,2024-02
"VIAWEALTH, LLC",1965401,2024-02
VICTORY CAPITAL MANAGEMENT INC,1040188,2024-02
"VICTORY FINANCIAL GROUP, LLC",2011333,2024-02
VICUS CAPITAL,1544806,2024-02
VIEWPOINT INVESTMENT PARTNERS CORP,1767457,2024-01
VIKING FUND MANAGEMENT LLC,1169069,2024-01
VIKING GLOBAL INVESTORS LP,1103804,2024-02
VILLERE ST DENIS J & CO LLC,1113629,2024-01
VIMA LLC,2012155,2024-02
VIRGINIA RETIREMENT SYSTEMS ET AL,1005354,2024-01
"VIRGINIA WEALTH MANAGEMENT GROUP, INC.",1898282,2024-02
VISA FOUNDATION,1709478,2024-02
"VISIONARY HORIZONS, LLC",2003615,2024-01
"VISTA CAPITAL PARTNERS, INC.",1486946,2024-02
"VISTA EQUITY PARTNERS MANAGEMENT, LLC",1569532,2024-02
"VISTA FINANCE, LLC",1893809,2024-02
VISTA INVESTMENT MANAGEMENT,1740140,2024-02
"VK Services, LLC",1501927,2024-02
"VOISARD ASSET MANAGEMENT GROUP, INC.",2011215,2024-02
"VOLORIDGE INVESTMENT MANAGEMENT, LLC",1556921,2024-02
VONTOBEL ASSET MANAGEMENT INC,928633,2024-02
"VORPAL, LLC",1802614,2024-02
VOYA INVESTMENT MANAGEMENT LLC,1068837,2024-02
VPR Management LLC,1894203,2024-02
"VR Adviser, LLC",1615982,2024-02
VR Advisory Services Ltd,1348145,2024-02
Vahanian & Associates Financial Planning Inc.,1900990,2024-01
Valence8 US LP,1943819,2024-02
"Valeo Financial Advisors, LLC",1722641,2024-01
"Valiant Capital Management, L.P.",1452689,2024-02
"Valley Brook Capital Group, Inc.",1851418,2024-02
"Valley Financial Group, Inc.",2010327,2024-02
"Valley Forge Capital Management, LP",1697868,2024-02
Valliance Asset Management Ltd,1846639,2024-01
"Valmark Advisers, Inc.",1380443,2024-02
Valor Management LLC,1846237,2024-02
Valtinson Bruner Financial Planning LLC,1761450,2024-02
"Value Aligned Research Advisors, LLC",1963565,2024-01
Value Partners Investments Inc.,1800916,2024-01
Value Star Asset Management (Hong Kong) Ltd,1842246,2024-02
"ValueAct Holdings, L.P.",1418814,2024-02
Valued Wealth Advisors LLC,2007175,2024-01
Values Added Financial LLC,1973921,2024-01
"Values First Advisors, Inc.",1913608,2024-01
Van Berkom & Associates Inc.,1524408,2024-02
"Van Cleef Asset Management,Inc",1482935,2024-02
"Van Hulzen Asset Management, LLC",1600145,2024-02
"Van Leeuwen & Company, LLC",1769031,2024-02
Vancity Investment Management Ltd,1846311,2024-02
VanderPol Investments L.L.C.,2015682,2024-03
Vanderbilt University,1825985,2024-01
Vanguard Capital Wealth Advisors,1730578,2024-02
"Vanguard Personalized Indexing Management, LLC",1767306,2024-02
"Vannoy Advisory Group, Inc.",2011808,2024-02
Vantage Consulting Group Inc,1843547,2024-02
"Vantage Financial Partners Ltd., Inc.",1693809,2024-02
"Vantage Financial Partners, LLC",1911766,2024-02
"Vantage Investment Partners, LLC",1534561,2024-01
"Varde Management, L.P.",1559130,2024-02
Varenne Capital Partners,1902567,2024-02
Varma Mutual Pension Insurance Co,1698484,2024-02
"Vawter Financial, Ltd.",1974403,2024-02
Vazirani Asset Management LLC,1716476,2024-02
"Vector Capital Management, L.P.",1857418,2024-02
"Vectors Research Management, LLC",1750557,2024-02
"Veery Capital, LLC",1844375,2024-01
Velan Capital Investment Management LP,1848809,2024-02
Venator Management LLC,1838211,2024-02
"Venrock Management VI, LLC",1495383,2024-02
Venture Visionary Partners LLC,1792283,2024-01
"Venturi Wealth Management, LLC",1666363,2024-01
"VeraBank, N.A.",1767297,2024-02
Veracity Capital LLC,1811005,2024-01
"Verdad Advisers, LP",1812822,2024-02
Verde Capital Management,1802891,2024-01
Verde Servicos Internacionais S.A.,1629290,2024-02
Verdence Capital Advisors LLC,1719305,2024-02
Verger Capital Management LLC,1627417,2024-01
VeriStar Capital Management LP,1905111,2024-02
Veritas Asset Management LLP,1541448,2024-02
Veritas Investment Partners (UK) Ltd.,1842702,2024-02
Verition Fund Management LLC,1454027,2024-02
"Verity & Verity, LLC",1542108,2024-02
"Verity Asset Management, Inc.",1597298,2024-02
"Vermillion & White Wealth Management Group, LLC",1862443,2024-02
"Vernal Point Advisors, LLC",1820363,2024-02
"Versant Capital Management, Inc",1735057,2024-01
"Versant Venture Management, LLC",1560009,2024-02
Versor Investments LP,1650301,2024-02
Vert Asset Management LLC,1904664,2024-01
"Vertex Planning Partners, LLC",1942341,2024-02
Verum Partners LLC,1958984,2024-01
"Verus Financial Partners, Inc.",1481714,2024-02
Vesa Equity Investment S.a r.l.,1810554,2024-02
"Vesey Street Capital Partners, L.L.C.",1910342,2024-02
"Vest Financial, LLC",1709632,2024-01
"Vestal Point Capital, LP",1974915,2024-02
Vestcor Inc,1536925,2024-02
"Vestmark Advisory Solutions, Inc.",1736982,2024-02
"Vickerman Investment Advisors, Inc.",1898296,2024-01
"Vida Ventures Advisors, LLC",1831423,2024-01
"Vident Advisory, LLC",1744347,2024-02
Vienna Asset Management LLC,1913545,2024-02
Viewpoint Capital Management LLC,1906223,2024-01
Vigilare Wealth Management,1730889,2024-01
Vinland Capital Management Gestora de Recursos LTDA.,1944332,2024-02
Vinva Investment Management Ltd,1968109,2024-02
Viola Ventures V.C. Management 4 Ltd.,1965208,2024-02
"Violich Capital Management, Inc.",1326766,2024-01
Virtu Financial LLC,1533964,2024-02
"Virtue Capital Management, LLC",1729985,2024-02
Virtus ETF Advisers LLC,1587281,2024-02
Virtus Family Office LLC,1913482,2024-02
"Virtus Fund Advisers, LLC",1319111,2024-02
"Virtus Investment Advisers, Inc.",19481,2024-02
"Vise Technologies, Inc.",1812090,2024-02
"Vishria Bird Financial Group, LLC",1746438,2024-01
Vision Capital Corp,1764403,2024-02
"Vision Capital Management, Inc.",1417889,2024-01
"Vision One Management Partners, LP",1979969,2024-02
"VisionPoint Advisory Group, LLC",1750924,2024-02
Visionary Wealth Advisors,1802984,2024-02
Vista Private Wealth Partners. LLC,1657980,2024-02
"VitalStone Financial, LLC",1963478,2024-02
Vitol Holding B.V.,1546531,2024-02
Vitruvian Partners LLP,1692590,2024-02
Vivaldi Capital Management LP,1682021,2024-02
"Vivid Wealth Management, LLC",2007281,2024-01
"Vivo Capital, LLC",1674712,2024-02
"Von Berge Wealth Management Group, LLC",1908070,2024-01
Vontobel Holding Ltd.,1588340,2024-01
"Voss Capital, LLC",1730145,2024-01
"Voya Financial Advisors, Inc.",1424367,2024-02
Voyager Global Management LP,1849753,2024-02
"Vulcan Value Partners, LLC",1556785,2024-02
"W ADVISORS, LLC",1929907,2024-02
"W Capital Management, LLC",1767329,2024-02
W.G. Shaheen & Associates DBA Whitney & Co,1577001,2024-02
W.H. Cornerstone Investments Inc.,1940823,2024-02
"WADDELL & ASSOCIATES, LLC",1776757,2024-02
WADE G W & INC,1132556,2024-02
WAFRA INC.,920440,2024-02
WALDEN WEALTH PARTNERS LLC,2015425,2024-03
"WALLED LAKE PLANNING & WEALTH MANAGEMENT, LLC",1812177,2024-02
"WALLER FINANCIAL PLANNING GROUP, INC",1736079,2024-01
"WALNUT PRIVATE EQUITY PARTNERS, LLC",1599275,2024-01
WALTER & KEENAN WEALTH MANAGEMENT LLC /IN/ /ADV,752365,2024-01
WARBURG PINCUS LLC,1162870,2024-02
"WARNER FINANCIAL, INC",1927175,2024-01
WASATCH ADVISORS LP,814133,2024-02
"WASHBURN CAPITAL MANAGEMENT, INC.",1793923,2024-01
"WASHINGTON CAPITAL MANAGEMENT, INC",928566,2024-01
WASHINGTON STATE INVESTMENT BOARD,943712,2024-02
WASHINGTON TRUST BANK,861787,2024-02
WASHINGTON TRUST Co,1079736,2024-01
WASHINGTON UNIVERSITY,903603,2024-01
WATER ISLAND CAPITAL LLC,1222765,2024-02
"WATERS PARKERSON & CO., LLC",1222993,2024-02
WATERSHED PRIVATE WEALTH LLC,1965271,2024-02
"WAYCROSS PARTNERS, LLC",1844873,2024-02
WBH ADVISORY INC,1259671,2024-01
"WBI INVESTMENTS, LLC",1397424,2024-02
WCG Wealth Advisors LLC,1855713,2024-02
"WCM INVESTMENT MANAGEMENT, LLC",1061186,2024-01
WD RUTHERFORD LLC,1841015,2024-02
WEALTH EFFECTS LLC,1907254,2024-01
"WEALTH ENHANCEMENT ADVISORY SERVICES, LLC",1632972,2024-01
"WEALTH MANAGEMENT RESOURCES, INC.",1063516,2024-01
WEALTHCARE CAPITAL MANAGEMENT LLC,1516450,2024-02
"WEALTHSOURCE PARTNERS, LLC",1674623,2024-01
"WEALTHSPAN PARTNERS, LLC",1909805,2024-01
WEATHERLY ASSET MANAGEMENT L. P.,934745,2024-02
"WEBSTER BANK, N. A.",1105837,2024-01
"WEBSTERROGERS FINANCIAL ADVISORS, LLC",1841757,2024-02
WEDBUSH SECURITIES INC,1142495,2024-02
WEDGE CAPITAL MANAGEMENT L L P/NC,1015308,2024-02
WEDGEWOOD INVESTORS INC /PA/,1125243,2024-02
WEDGEWOOD PARTNERS INC,859804,2024-02
WEIK CAPITAL MANAGEMENT,1278793,2024-02
"WEITZ INVESTMENT MANAGEMENT, INC.",883965,2024-02
WELCH & FORBES LLC,105495,2024-02
WELCH CAPITAL PARTNERS LLC/NY,1042063,2024-02
WELLCOME TRUST LTD (THE) as trustee of the WELLCOME TRUST,1026720,2024-01
WELLINGTON MANAGEMENT GROUP LLP,902219,2024-02
WELLS FARGO & COMPANY/MN,72971,2024-02
WENDELL DAVID ASSOCIATES INC,878228,2024-01
WESBANCO BANK INC,877134,2024-02
"WESCAP Management Group, Inc.",1667140,2024-02
"WESPAC Advisors SoCal, LLC",1668188,2024-01
"WESPAC Advisors, LLC",1484540,2024-01
WEST BANCORPORATION INC,1166928,2024-01
"WEST MICHIGAN ADVISORS, LLC",1909879,2024-02
WEST PACES ADVISORS INC.,2004720,2024-01
"WESTERLY CAPITAL MANAGEMENT, LLC",1546172,2024-02
WESTFIELD CAPITAL MANAGEMENT CO LP,1177719,2024-02
WESTPAC BANKING CORP,719245,2024-02
WESTPORT ASSET MANAGEMENT INC,811454,2024-02
WESTWOOD HOLDINGS GROUP INC,1165002,2024-02
WESTWOOD MANAGEMENT CORP /IL/,912160,2024-01
"WETZEL INVESTMENT ADVISORS, INC.",2009211,2024-01
WEXFORD CAPITAL LP,1048462,2024-02
WEYBOSSET RESEARCH & MANAGEMENT LLC,1280604,2024-01
WFA Asset Management Corp,1994434,2024-02
"WHALEROCK POINT PARTNERS, LLC",1389709,2024-02
WHITE MOUNTAINS INSURANCE GROUP LTD,776867,2024-02
WHITE PINE CAPITAL LLC,1137429,2024-02
WHITEBOX ADVISORS LLC,1257391,2024-02
"WHITENER CAPITAL MANAGEMENT, INC.",825217,2024-01
WHITTIER TRUST CO,1137881,2024-01
WHITTIER TRUST CO OF NEVADA INC,1263548,2024-01
WILBANKS SMITH & THOMAS ASSET MANAGEMENT LLC,1007399,2024-02
WILKINS INVESTMENT COUNSEL INC,1276853,2024-02
"WILLIAM BLAIR INVESTMENT MANAGEMENT, LLC",1644956,2024-02
"WILLNER & HELLER, LLC",1927796,2024-03
WILSEY ASSET MANAGEMENT INC,1598379,2024-01
WILSON ASSET MANAGEMENT (INTERNATIONAL) PTY LTD,1914472,2024-02
"WIMMER ASSOCIATES 1, LLC",1667019,2024-02
"WIN ADVISORS, INC",1897144,2024-02
WINDACRE PARTNERSHIP LLC,1599383,2024-02
WINDWARD CAPITAL MANAGEMENT CO /CA,1078635,2024-01
WINMILL & CO. INC,52234,2024-02
WINSLOW ASSET MANAGEMENT INC,1286534,2024-02
WINTON GROUP Ltd,1612063,2024-02
WINTRUST INVESTMENTS LLC,49096,2024-02
WISCONSIN CAPITAL MANAGEMENT LLC,926833,2024-02
WIT Partners Advisory Pte. Ltd.,2000043,2024-02
"WIT, LLC",1840025,2024-02
"WITTENBERG INVESTMENT MANAGEMENT, INC.",1697790,2024-02
"WJ Interests, LLC",1727642,2024-01
"WJ Wealth Management, LLC",1801674,2024-01
"WMG Financial Advisors, LLC",1906711,2024-02
"WMS Partners, LLC",1480916,2024-02
"WNY Asset Management, LLC",1803296,2024-02
WOLFF WIESE MAGANA LLC,1832097,2024-01
WOLVERINE ASSET MANAGEMENT LLC,1279891,2024-02
"WOLVERINE TRADING, LLC",927337,2024-02
WOODARD & CO ASSET MANAGEMENT GROUP INC /ADV,771118,2024-01
WOODLEY FARRA MANION PORTFOLIO MANAGEMENT INC,1165805,2024-02
WOODMONT INVESTMENT COUNSEL LLC,1133653,2024-01
WOODSTOCK CORP,1008877,2024-01
"WOODWARD DIVERSIFIED CAPITAL, LLC",1846177,2024-02
"WOOSTER CORTHELL WEALTH MANAGEMENT, INC.",1566968,2024-01
"WORLDLY PARTNERS MANAGEMENT, LLC",1904574,2024-02
WORLDQUANT MILLENNIUM ADVISORS LLC,1745981,2024-02
"WP Advisors, LLC",1697796,2024-01
WPWealth LLP,1950118,2024-02
WRAPMANAGER INC,1266014,2024-02
WRIGHT INVESTORS SERVICE INC,108572,2024-01
WS MANAGEMENT LLLP,877338,2024-02
WT Asset Management Ltd,1780365,2024-01
WT Wealth Management,1780507,2024-02
"WULFF, HANSEN & CO.",108634,2024-02
WYNNEFIELD CAPITAL INC,1251567,2024-02
"Wade Financial Advisory, Inc",1802670,2024-02
"Wagner Wealth Management, LLC",1728657,2024-01
Wahed Invest LLC,1763146,2024-02
Wakefield Asset Management LLLP,1600435,2024-01
Waldron Private Wealth LLC,1598180,2024-01
"Walker Asset Management, LLC",1923053,2024-01
"Walker Financial Services, Inc.",1965479,2024-01
Walkner Condon Financial Advisors LLC,1817494,2024-01
"Wall Capital Group, Inc.",1699803,2024-02
"Wallace Advisory Group, LLC",1932645,2024-01
Wallace Capital Management Inc.,1459754,2024-02
Walleye Capital LLC,1758720,2024-02
Walleye Trading LLC,1388391,2024-02
"Wallington Asset Management, LLC",1426754,2024-01
Walnut Level Capital LLC,1803088,2024-02
Walter Public Investments Inc.,1925251,2024-01
"Wambolt & Associates, LLC",1755723,2024-02
Waratah Capital Advisors Ltd.,1539919,2024-02
Warberg Asset Management LLC,1597506,2024-02
Ward Ferry Management (BVI) Ltd,1632574,2024-02
"Warren Street Wealth Advisors, LLC",1703496,2024-03
"Warther Private Wealth, LLC",1954551,2024-02
"Warwick Investment Management, Inc.",1931041,2024-02
Washington Harbour Partners LP,1825404,2024-02
"Washington Trust Advisors, Inc.",1900099,2024-01
"Wasserstein Debt Opportunities Management, L.P.",1751492,2024-02
"Watchman Group, Inc.",1748726,2024-02
"Waterfall Asset Management, LLC",1570717,2024-02
"Waterford Advisors, LLC",1960657,2024-02
"Waterfront Capital Partners, LLC",1595077,2024-02
Waterfront Wealth Inc.,1775210,2024-01
"Waterloo Capital, L.P.",1730942,2024-02
"Watershed Asset Management, L.L.C.",1315926,2024-02
"Waterton Global Resource Management, Inc.",1733600,2024-02
"Waterway Wealth Management, LLC",1992193,2024-01
"Waverly Advisors, LLC",1568787,2024-02
Waverton Investment Management Ltd,1344114,2024-02
Waycross Investment Management Co,1922448,2024-01
"Wayfinding Financial, LLC",1898131,2024-01
"Waypoint Capital Advisors, LLC",1905662,2024-01
Waypoint Wealth Partners Inc.,1817306,2024-02
"Wealth Advisors of Iowa, LLC",1803005,2024-02
"Wealth Advisors of Tampa Bay, LLC",1715228,2024-01
"Wealth Advisory Solutions, LLC",1834802,2024-02
Wealth Alliance,1793904,2024-01
"Wealth Alliance Advisory Group, LLC",1735734,2024-01
"Wealth Architects, LLC",1611518,2024-02
"Wealth Dimensions Group, Ltd.",1846462,2024-02
"Wealth Forward, LLC",2012773,2024-02
Wealth Group Ltd,2010748,2024-02
"Wealth Management Partners, LLC",1843294,2024-01
Wealth Quarterback LLC,1803386,2024-02
"WealthBridge Capital Management, LLC",1767313,2024-02
WealthBridge Investment Counsel Inc.,1799425,2024-01
"WealthCare Investment Partners, LLC",1908462,2024-01
WealthNavi Inc.,1774552,2024-01
"WealthPLAN Partners, LLC",1639943,2024-01
"WealthPlan Investment Management, LLC",1929986,2024-01
"WealthShield Partners, LLC",1729303,2024-01
"WealthSpring Partners, LLC",1961292,2024-02
"WealthTrust Asset Management, LLC",1867894,2024-02
WealthTrust Axiom LLC,1425949,2024-02
Wealthcare Advisory Partners LLC,1683059,2024-02
Wealthfront Advisers LLC,1763921,2024-02
"Wealthgate Family Office, LLC",1835441,2024-02
Wealthquest Corp,1632968,2024-02
"Wealthspire Advisors, LLC",1646247,2024-02
Wealthspring Capital LLC,1844495,2024-01
"Wealthstar Advisors, LLC",1602224,2024-01
"Wealthstream Advisors, Inc.",1833780,2024-02
"Weaver C. Barksdale & Associates, Inc.",1294588,2024-02
Weaver Consulting Group,1780055,2024-01
Webs Creek Capital Management LP,1825309,2024-02
Wedmont Private Capital,1904274,2024-01
"Weil Company, Inc.",1318011,2024-02
Weiss Asset Management LP,1357550,2024-02
Weiss Multi-Strategy Advisers LLC,1388312,2024-02
"Weitzel Financial Services, Inc.",1846789,2024-02
"Wela Strategies, Inc.",1644329,2024-01
"Welch Group, LLC",1443095,2024-01
"Well Done, LLC",1667132,2024-01
Wellesley Asset Management,1533551,2024-02
"Wellington Shields & Co., LLC",1506073,2024-02
"Wellington Shields Capital Management, LLC",1506071,2024-02
"Wellington Wealth Strategies, LLC.",2007383,2024-02
Wells Financial Advisors INC,1844454,2024-02
"Wells Trecaso Financial Group, LLC",1737987,2024-01
"Wellspring Financial Advisors, LLC",1811308,2024-02
Werba Rubin Papier Wealth Management,1971029,2024-01
"Werlinich Asset Management, LLC",2000493,2024-01
"Wescott Financial Advisory Group, LLC",1864880,2024-02
Wesleyan Assurance Society,1773368,2024-02
West Branch Capital LLC,1738723,2024-01
West Coast Financial LLC,1511985,2024-01
"West Family Investments, Inc.",1568303,2024-02
"West Financial Advisors, LLC",1843684,2024-01
"West Oak Capital, LLC",1387399,2024-01
"West Tower Group, LLC",1965819,2024-02
"West Wealth Group, LLC",1923591,2024-01
"WestBridge Capital Management, LLC",1846644,2024-02
"WestEnd Advisors, LLC",1351731,2024-01
"WestHill Financial Advisors, Inc.",1759641,2024-01
"Westbourne Investment Advisors, Inc.",1650092,2024-01
"Westchester Capital Management, Inc.",1390063,2024-01
"Westchester Capital Management, LLC",1512805,2024-02
"Western Asset Management Company, LLC",1138897,2024-02
Western Financial Corp/CA,1954480,2024-01
"Western Pacific Wealth Management, LP",1907320,2024-02
Western Standard LLC,1517666,2024-02
"Western Wealth Management, LLC",1767902,2024-01
"Westhampton Capital, LLC",1639997,2024-01
"Westover Capital Advisors, LLC",1483467,2024-02
"Westshore Wealth, LLC",1806366,2024-02
"Westside Investment Management, Inc.",1538383,2024-01
"Westwood Global Investments, LLC",1356513,2024-02
Westwood Wealth Management,1861125,2024-02
Whale Rock Capital Management LLC,1387322,2024-02
Whalen Wealth Management Inc.,1894447,2024-02
"Wharton Business Group, LLC",1513126,2024-02
Wheelhouse Advisory Group LLC,1998946,2024-01
Whelan Financial,1894921,2024-01
"Whetstone Capital Advisors, LLC",1607278,2024-02
"Whitaker-Myers Wealth Managers, LTD.",1973849,2024-01
"Whitcomb & Hess, Inc.",1813577,2024-01
"White Knight Strategic Wealth Advisors, LLC",1904677,2024-02
White Lighthouse Investment Management Inc.,1727593,2024-01
White Pine Investment CO,1318259,2024-01
White Wing Wealth Management,2001473,2024-01
"Whitefort Capital Management, LP",1884931,2024-02
"Whitegate Investment Counselors, Inc.",1667102,2024-02
Whitford Management LLC,1957726,2024-02
"Wick Capital Partners, LLC",1904388,2024-02
"Widmann Financial Services, Inc.",1906640,2024-02
"Wildcat Capital Management, LLC",1582384,2024-02
Wilkinson Global Asset Management LLC,1764000,2024-02
William Allan Corp,1910961,2024-02
William Marsh Rice University,1674705,2024-01
"Williams & Novak, LLC",1998419,2024-01
"Williams Financial, LLC",1846923,2024-01
"Williams Jones Wealth Management, LLC.",1788587,2024-02
"Williamson Legacy Group, LLC",2011965,2024-02
Willis Investment Counsel,1310929,2024-01
"Willis Johnson & Associates, Inc.",1853239,2024-01
"Wills Financial Group, Inc.",1525109,2024-02
Wilshire Advisors LLC,1616628,2024-02
"Wilson & Boucher Capital Management, LLC",1903579,2024-02
"Winch Advisory Services, LLC",1585822,2024-01
Wind River Trust Co,1657703,2024-02
Winder Pte. Ltd.,1976998,2024-02
"Windham Capital Management, LLC",1512415,2024-01
"Windle Wealth, LLC",1963452,2024-02
Windmill Hill Asset Management Ltd,1831132,2024-01
"Windsor Advisory Group, LLC",1739953,2024-01
"Windsor Capital Management, LLC",1543100,2024-01
Windward Private Wealth Management Inc.,1835866,2024-01
"Winslow Capital Management, LLC",900973,2024-02
Winthrop Advisory Group LLC,1739043,2024-01
"Winthrop Capital Management, LLC",2010657,2024-02
Wiser Advisor Group LLC,2011550,2024-02
"Wiser Wealth Management, Inc",1573263,2024-01
"Wishbone Management, LP",1777734,2024-02
Wolf Group Capital Advisors,1579111,2024-01
"Wolf Hill Capital Management, LP",1785988,2024-02
Wolff Financial Management LLC,1767940,2024-01
"Wolfswood Holdings, LLC",1835700,2024-02
WoodTrust Financial Corp,1725247,2024-01
Woodline Partners LP,1784547,2024-02
"Woodson Capital Management, LP",1697848,2024-02
Working Capital Advisors (UK) Ltd.,1807878,2024-02
"Worth Asset Management, LLC",1927285,2024-01
"Worth Financial Advisory Group, LLC",1964358,2024-01
"Worth Venture Partners, LLC",1696778,2024-02
"WorthPointe, LLC",1921448,2024-02
"Wright Fund Management, LLC",1538052,2024-01
"WuXi AppTec Co., Ltd.",1832424,2024-02
Wunderlich Capital Managemnt,1599273,2024-02
"Wynn Capital, LLC",2009900,2024-02
Wyrmwood Management LLC,2004581,2024-01
"X-Square Capital, LLC",1729300,2024-02
"XML Financial, LLC",1800465,2024-02
XN LP,1756558,2024-02
"XPONANCE, INC.",1637541,2024-01
XR Securities LLC,1531971,2024-02
XTX Topco Ltd,1828301,2024-02
"XXEC, Inc.",1828822,2024-01
XY Capital Ltd,1933132,2024-01
"Xcel Wealth Management, LLC",1791002,2024-01
Xiamen Xinweidachuang Investment Partnership (Limited Partne,1910318,2024-02
Y-Intercept (Hong Kong) Ltd,1772875,2024-02
Y.D. More Investments Ltd,1870364,2024-02
YACKTMAN ASSET MANAGEMENT LP,905567,2024-02
YALE UNIVERSITY,938582,2024-02
"YARGER WEALTH STRATEGIES, LLC",1908607,2024-01
"YCG, LLC",1584801,2024-01
"YHB Investment Advisors, Inc.",1469219,2024-01
"YOUSIF CAPITAL MANAGEMENT, LLC",1858789,2024-02
Yahav Achim Ve Achayot - Provident Funds Management Co Ltd.,1894044,2024-02
"Yakira Capital Management, Inc.",1584639,2024-02
"Yarbrough Capital, LLC",1767686,2024-01
Yarra Square Partners LP,1772940,2024-02
Yaupon Capital Management LP,1755028,2024-02
Yelin Lapidot Holdings Management Ltd.,1590495,2024-02
"Yeomans Consulting Group, Inc.",2014739,2024-03
"Yiheng Capital Management, L.P.",1447228,2024-02
"Yoder Wealth Management, Inc.",1973967,2024-02
Yong Rong (HK) Asset Management Ltd,1738071,2024-02
"York Capital Management Global Advisors, LLC",1480532,2024-02
"York GP, Ltd.",1289994,2024-01
"Yorktown Energy Partners IX, L.P.",1503466,2024-02
"Yorktown Energy Partners VIII, L.P.",1473116,2024-02
"Yorktown Energy Partners X, L.P.",1577919,2024-02
"Yorktown Energy Partners XI, L.P.",1667954,2024-02
Yorktown Management & Research Co Inc,1313559,2024-01
"Yost Capital Management, LP",1489859,2024-02
"Your Advocates Ltd., LLP",1774437,2024-02
Yu Fan,1668029,2024-02
Yunqi Capital Ltd,1912273,2024-02
ZACKS INVESTMENT MANAGEMENT,1086483,2024-02
ZAZOVE ASSOCIATES LLC,1009012,2024-01
ZEVENBERGEN CAPITAL INVESTMENTS LLC,1276918,2024-02
ZEVIN ASSET MANAGEMENT LLC,1394096,2024-02
ZIMMERMANN INVESTMENT MANAGEMENT & PLANNING LLC,1908404,2024-01
"ZRC WEALTH MANAGEMENT, LLC",1976256,2024-01
ZWJ INVESTMENT COUNSEL INC,842782,2024-01
"Zega Financial, LLC",1610186,2024-02
Zeit Capital LLC,1808163,2024-02
Zeno Equity Partners LLP,2013334,2024-02
"Zeno Research, LLC",1792460,2024-01
Zenyatta Capital Management LP,1887163,2024-01
Zhang Financial LLC,1776290,2024-01
"Ziegler Capital Management, LLC",1307617,2024-01
"Zimmer Partners, LP",1565854,2024-02
"Zions Bancorporation, N.A.",1666757,2024-02
"Zoom Video Communications, Inc.",1585521,2024-02
"Zuckerman Investment Group, LLC",1423296,2024-02
"Zullo Investment Group, Inc.",1909760,2024-01
Zurcher Kantonalbank (Zurich Cantonalbank),1368163,2024-01
Zurich Insurance Group Ltd/FI,1127799,2024-02
Zweig-DiMenna Associates LLC,1533950,2024-01
"a16z Perennial Management, L.P.",2009275,2024-02
abrdn plc,1716774,2024-01
"apricus wealth, LLC",1913842,2024-01
iA Global Asset Management Inc.,1969566,2024-02
iSAM Funds (UK) Ltd,1919867,2024-02
jvl associates llc,1915765,2024-01
"nVerses Capital, LLC",2011399,2024-02
qPULA Trading Management LP,1831076,2024-02
"rhino investment partners, Inc",1828776,2024-02
swisspartners Advisors Ltd,1805754,2024-02
tru Independence LLC,1785445,2024-01
venBio Partners LLC,1776382,2024-02
waypoint wealth counsel,1807909,2024-03
